Time (EET),Open,High,Low,Close,Volume 
2010.05.03 00:00:00,1.32982,1.33598,1.32982,1.33342,926.6
2010.05.03 00:15:00,1.33329,1.33357,1.33274,1.33317,527.7
2010.05.03 00:30:00,1.33305,1.33378,1.33251,1.33369,501.1
2010.05.03 00:45:00,1.33358,1.3348,1.33292,1.33328,686.9
2010.05.03 01:00:00,1.33325,1.33329,1.33118,1.33208,482.7
2010.05.03 01:15:00,1.33209,1.33316,1.33162,1.33213,415.5
2010.05.03 01:30:00,1.33206,1.33224,1.33131,1.3316,465.4
2010.05.03 01:45:00,1.33164,1.33221,1.33109,1.33196,554.8
2010.05.03 02:00:00,1.33198,1.33272,1.3317,1.33183,656.1
2010.05.03 02:15:00,1.33191,1.33242,1.33173,1.33201,486.4
2010.05.03 02:30:00,1.33206,1.33259,1.33177,1.33243,530.3
2010.05.03 02:45:00,1.33248,1.33257,1.33096,1.33122,555.4
2010.05.03 03:00:00,1.33127,1.33141,1.32848,1.32888,532.5
2010.05.03 03:15:00,1.32872,1.32959,1.3285,1.32925,543.5
2010.05.03 03:30:00,1.32903,1.3293,1.32604,1.32652,495.3
2010.05.03 03:45:00,1.32629,1.32696,1.32556,1.32585,626.9
2010.05.03 04:00:00,1.3263,1.32729,1.32604,1.32682,524.2
2010.05.03 04:15:00,1.32693,1.32697,1.32309,1.32309,510.6
2010.05.03 04:30:00,1.3232,1.32395,1.32269,1.32308,419.3
2010.05.03 04:45:00,1.32302,1.32302,1.32118,1.3225,530.4
2010.05.03 05:00:00,1.3223,1.3228,1.32071,1.32126,674.8
2010.05.03 05:15:00,1.32134,1.32236,1.32096,1.32236,462.5
2010.05.03 05:30:00,1.32236,1.32301,1.3219,1.32274,523.2
2010.05.03 05:45:00,1.32275,1.32347,1.32231,1.32333,934
2010.05.03 06:00:00,1.32326,1.3236,1.32247,1.32289,1100.5
2010.05.03 06:15:00,1.32283,1.32295,1.32182,1.32213,748.1
2010.05.03 06:30:00,1.32204,1.32238,1.3217,1.3221,886
2010.05.03 06:45:00,1.32227,1.3224,1.32072,1.32142,789.4
2010.05.03 07:00:00,1.32136,1.32189,1.32037,1.32145,812.6
2010.05.03 07:15:00,1.32148,1.32245,1.32042,1.32189,603
2010.05.03 07:30:00,1.32182,1.32259,1.32138,1.32259,666.3
2010.05.03 07:45:00,1.32262,1.32277,1.32177,1.32197,600.8
2010.05.03 08:00:00,1.32216,1.32343,1.32211,1.32295,467.6
2010.05.03 08:15:00,1.32295,1.32337,1.32197,1.32242,705.7
2010.05.03 08:30:00,1.3226,1.32413,1.3221,1.32374,630.6
2010.05.03 08:45:00,1.32374,1.32411,1.32322,1.32346,704.9
2010.05.03 09:00:00,1.32359,1.32538,1.32345,1.32488,775.5
2010.05.03 09:15:00,1.3249,1.32499,1.32305,1.32405,723.7
2010.05.03 09:30:00,1.32382,1.32454,1.32359,1.32452,910.5
2010.05.03 09:45:00,1.32427,1.32479,1.32213,1.32246,705.6
2010.05.03 10:00:00,1.32237,1.32345,1.32102,1.32154,979.6
2010.05.03 10:15:00,1.32162,1.32258,1.32115,1.32204,981.7
2010.05.03 10:30:00,1.32167,1.32305,1.32142,1.32258,1129.9
2010.05.03 10:45:00,1.3226,1.32397,1.32221,1.32363,1128.2
2010.05.03 11:00:00,1.32335,1.32431,1.32313,1.32372,1489.3
2010.05.03 11:15:00,1.32362,1.32438,1.32308,1.32402,1043.6
2010.05.03 11:30:00,1.32393,1.32484,1.32301,1.32343,1195.5
2010.05.03 11:45:00,1.32344,1.32408,1.32255,1.32301,1220
2010.05.03 12:00:00,1.32314,1.32405,1.32262,1.32372,1114.6
2010.05.03 12:15:00,1.32365,1.32383,1.32281,1.32315,1337
2010.05.03 12:30:00,1.3232,1.32404,1.32285,1.32352,1301.9
2010.05.03 12:45:00,1.32353,1.3243,1.32303,1.32345,1518.8
2010.05.03 13:00:00,1.32355,1.32392,1.32235,1.32255,1301.1
2010.05.03 13:15:00,1.32257,1.32335,1.3223,1.32323,1933.5
2010.05.03 13:30:00,1.3232,1.32391,1.32287,1.32332,1122.8
2010.05.03 13:45:00,1.32325,1.32355,1.32254,1.32277,1063.8
2010.05.03 14:00:00,1.3228,1.32348,1.32207,1.32311,1037.9
2010.05.03 14:15:00,1.32318,1.32425,1.32243,1.32369,826.7
2010.05.03 14:30:00,1.32382,1.32436,1.32329,1.32404,960
2010.05.03 14:45:00,1.32389,1.32425,1.32304,1.32346,802.5
2010.05.03 15:00:00,1.32361,1.32448,1.32347,1.32381,692.6
2010.05.03 15:15:00,1.3237,1.32438,1.32343,1.32382,739.7
2010.05.03 15:30:00,1.32391,1.32437,1.32353,1.32422,805
2010.05.03 15:45:00,1.32412,1.32448,1.32311,1.32357,1141.1
2010.05.03 16:00:00,1.32335,1.32375,1.32252,1.32332,933.3
2010.05.03 16:15:00,1.32336,1.32406,1.32255,1.32274,747.5
2010.05.03 16:30:00,1.32269,1.32374,1.3225,1.32275,1033.8
2010.05.03 16:45:00,1.32281,1.32356,1.32241,1.32295,1100.7
2010.05.03 17:00:00,1.32275,1.32315,1.32181,1.32292,1087.3
2010.05.03 17:15:00,1.32293,1.32314,1.3204,1.32082,940.1
2010.05.03 17:30:00,1.32072,1.32087,1.31768,1.31857,849.4
2010.05.03 17:45:00,1.31863,1.31887,1.31643,1.31741,1082.4
2010.05.03 18:00:00,1.31752,1.31808,1.31563,1.31735,1041.3
2010.05.03 18:15:00,1.31745,1.31858,1.31705,1.31794,1082.9
2010.05.03 18:30:00,1.31808,1.31857,1.31508,1.31568,1127.5
2010.05.03 18:45:00,1.31578,1.31825,1.31564,1.3179,995.6
2010.05.03 19:00:00,1.31816,1.31949,1.31782,1.31914,1066.5
2010.05.03 19:15:00,1.31912,1.31979,1.31863,1.31944,1044.4
2010.05.03 19:30:00,1.31933,1.31958,1.31833,1.31904,980.1
2010.05.03 19:45:00,1.31907,1.31997,1.31863,1.31985,1246.2
2010.05.03 20:00:00,1.31981,1.32001,1.31854,1.31925,863.8
2010.05.03 20:15:00,1.31937,1.31967,1.31817,1.31946,1006.7
2010.05.03 20:30:00,1.31924,1.31978,1.31875,1.31917,937
2010.05.03 20:45:00,1.31924,1.31949,1.31866,1.31933,893.1
2010.05.03 21:00:00,1.31921,1.31989,1.31901,1.31978,823.9
2010.05.03 21:15:00,1.31968,1.32068,1.31943,1.32046,892.2
2010.05.03 21:30:00,1.32035,1.32078,1.32003,1.32052,664.8
2010.05.03 21:45:00,1.32039,1.32145,1.32004,1.32137,951
2010.05.03 22:00:00,1.32128,1.32137,1.32022,1.32049,651.9
2010.05.03 22:15:00,1.32045,1.32071,1.31982,1.32022,659.6
2010.05.03 22:30:00,1.32016,1.32034,1.31915,1.31961,825.1
2010.05.03 22:45:00,1.31964,1.31987,1.31892,1.31938,873.1
2010.05.03 23:00:00,1.31926,1.31991,1.31872,1.31924,1148.9
2010.05.03 23:15:00,1.31918,1.31999,1.31888,1.3191,1075.7
2010.05.03 23:30:00,1.31924,1.31959,1.31841,1.31906,698.4
2010.05.03 23:45:00,1.31905,1.31982,1.3186,1.31936,906.6
2010.05.04 00:00:00,1.31943,1.31947,1.31867,1.31908,888.1
2010.05.04 00:15:00,1.31909,1.31987,1.31894,1.31926,633.5
2010.05.04 00:30:00,1.31921,1.31995,1.31917,1.31962,1023.9
2010.05.04 00:45:00,1.31967,1.31986,1.31854,1.31893,1146.8
2010.05.04 01:00:00,1.31876,1.31966,1.31843,1.31966,342.6
2010.05.04 01:15:00,1.31951,1.31982,1.3192,1.31963,375.4
2010.05.04 01:30:00,1.31951,1.31961,1.3184,1.31938,398.2
2010.05.04 01:45:00,1.3194,1.31989,1.3191,1.31962,377.5
2010.05.04 02:00:00,1.31987,1.32014,1.31924,1.31963,371.7
2010.05.04 02:15:00,1.3196,1.31998,1.31931,1.31976,387.3
2010.05.04 02:30:00,1.31977,1.31988,1.31891,1.3191,412.4
2010.05.04 02:45:00,1.31902,1.31963,1.31872,1.31957,370.6
2010.05.04 03:00:00,1.31945,1.3201,1.31937,1.31976,631.5
2010.05.04 03:15:00,1.31973,1.3199,1.31893,1.31941,485.8
2010.05.04 03:30:00,1.31905,1.32128,1.31894,1.32113,493.4
2010.05.04 03:45:00,1.32101,1.32114,1.31995,1.32076,638.8
2010.05.04 04:00:00,1.32068,1.32096,1.31964,1.3204,611.2
2010.05.04 04:15:00,1.32028,1.32143,1.32008,1.32107,452.6
2010.05.04 04:30:00,1.32076,1.32122,1.32052,1.321,391.7
2010.05.04 04:45:00,1.32104,1.32118,1.32046,1.32075,448.2
2010.05.04 05:00:00,1.32079,1.32131,1.32053,1.32112,705.8
2010.05.04 05:15:00,1.32111,1.32118,1.32023,1.32029,545.1
2010.05.04 05:30:00,1.3203,1.32061,1.31947,1.31976,485
2010.05.04 05:45:00,1.31976,1.32025,1.31915,1.32003,966
2010.05.04 06:00:00,1.31988,1.32026,1.31923,1.31962,985.8
2010.05.04 06:15:00,1.3196,1.32044,1.31936,1.31983,782.8
2010.05.04 06:30:00,1.31986,1.32037,1.31949,1.32014,1062.9
2010.05.04 06:45:00,1.32016,1.32072,1.31963,1.32035,658
2010.05.04 07:00:00,1.32013,1.32046,1.31964,1.32037,640.5
2010.05.04 07:15:00,1.32046,1.32074,1.31976,1.32013,639.1
2010.05.04 07:30:00,1.3201,1.32048,1.31945,1.3201,666.3
2010.05.04 07:45:00,1.32022,1.32098,1.3199,1.3207,689.1
2010.05.04 08:00:00,1.3204,1.32077,1.31963,1.31966,501.1
2010.05.04 08:15:00,1.31985,1.31997,1.31828,1.31868,585.3
2010.05.04 08:30:00,1.3185,1.3188,1.3174,1.3178,640.9
2010.05.04 08:45:00,1.31781,1.31829,1.31701,1.31793,706.2
2010.05.04 09:00:00,1.31794,1.31903,1.31671,1.31733,762.7
2010.05.04 09:15:00,1.31741,1.31812,1.31679,1.31758,723.4
2010.05.04 09:30:00,1.31764,1.31904,1.31703,1.31735,976.9
2010.05.04 09:45:00,1.31737,1.31782,1.31623,1.31734,696.8
2010.05.04 10:00:00,1.31741,1.31776,1.31525,1.31634,940.3
2010.05.04 10:15:00,1.31652,1.31729,1.31444,1.31623,949.9
2010.05.04 10:30:00,1.31628,1.31668,1.31566,1.3161,982.3
2010.05.04 10:45:00,1.31618,1.31706,1.31583,1.31664,1136.8
2010.05.04 11:00:00,1.31653,1.31819,1.31583,1.3163,1313.2
2010.05.04 11:15:00,1.31637,1.31707,1.31473,1.31529,1114.1
2010.05.04 11:30:00,1.31503,1.3152,1.31306,1.31332,1105.8
2010.05.04 11:45:00,1.31353,1.31375,1.31252,1.31335,1220.5
2010.05.04 12:00:00,1.31327,1.31377,1.31247,1.31284,1101.1
2010.05.04 12:15:00,1.31274,1.31338,1.3115,1.31249,1386.9
2010.05.04 12:30:00,1.3124,1.31452,1.31205,1.31428,1256.6
2010.05.04 12:45:00,1.31442,1.31449,1.3122,1.31306,1435.2
2010.05.04 13:00:00,1.31296,1.31366,1.31108,1.31288,1153.6
2010.05.04 13:15:00,1.31284,1.31346,1.31222,1.31285,1914.6
2010.05.04 13:30:00,1.31297,1.31311,1.31161,1.31273,1101.4
2010.05.04 13:45:00,1.31273,1.31306,1.31097,1.31201,1054.4
2010.05.04 14:00:00,1.3121,1.31324,1.31145,1.31299,1088.2
2010.05.04 14:15:00,1.31307,1.31351,1.31198,1.31271,796.8
2010.05.04 14:30:00,1.31252,1.31297,1.31012,1.31032,826.1
2010.05.04 14:45:00,1.31027,1.31047,1.30866,1.30953,940.5
2010.05.04 15:00:00,1.30942,1.31053,1.30813,1.30887,766.3
2010.05.04 15:15:00,1.30877,1.30924,1.30751,1.30845,746.3
2010.05.04 15:30:00,1.3086,1.31001,1.30833,1.30948,780.9
2010.05.04 15:45:00,1.30947,1.31002,1.30652,1.30669,1071.2
2010.05.04 16:00:00,1.30661,1.30757,1.30572,1.30602,1046.4
2010.05.04 16:15:00,1.30609,1.30716,1.30591,1.30677,875.8
2010.05.04 16:30:00,1.30669,1.30683,1.30396,1.30412,1077.3
2010.05.04 16:45:00,1.30428,1.30584,1.30358,1.30544,1018.8
2010.05.04 17:00:00,1.30544,1.30652,1.30457,1.30557,1083.9
2010.05.04 17:15:00,1.30556,1.30667,1.30416,1.30566,1033.1
2010.05.04 17:30:00,1.30569,1.30605,1.30405,1.30452,1009.8
2010.05.04 17:45:00,1.30449,1.30474,1.30279,1.30321,1071.7
2010.05.04 18:00:00,1.30332,1.30338,1.30203,1.30295,1138.7
2010.05.04 18:15:00,1.30291,1.30368,1.30193,1.30206,1145.3
2010.05.04 18:30:00,1.30214,1.30375,1.30183,1.30314,1085.9
2010.05.04 18:45:00,1.30302,1.30379,1.30255,1.30351,1022.3
2010.05.04 19:00:00,1.30366,1.30444,1.30331,1.30414,928.8
2010.05.04 19:15:00,1.30421,1.30494,1.30338,1.30433,1000.3
2010.05.04 19:30:00,1.30424,1.30448,1.30259,1.30311,925.1
2010.05.04 19:45:00,1.30307,1.30426,1.30262,1.30385,1287.4
2010.05.04 20:00:00,1.30426,1.3043,1.30227,1.30237,791.6
2010.05.04 20:15:00,1.30226,1.30257,1.30097,1.30118,962.5
2010.05.04 20:30:00,1.30125,1.30218,1.30096,1.30122,853.4
2010.05.04 20:45:00,1.30144,1.30237,1.3012,1.30188,952.4
2010.05.04 21:00:00,1.30217,1.3023,1.3011,1.30145,871.2
2010.05.04 21:15:00,1.3015,1.30173,1.30052,1.30101,738
2010.05.04 21:30:00,1.30083,1.30137,1.30004,1.30053,691.3
2010.05.04 21:45:00,1.30046,1.30068,1.29941,1.30024,753
2010.05.04 22:00:00,1.30025,1.30147,1.29985,1.30108,618.8
2010.05.04 22:15:00,1.30103,1.30192,1.30045,1.30085,763.6
2010.05.04 22:30:00,1.30083,1.30139,1.29933,1.29966,913
2010.05.04 22:45:00,1.29973,1.30108,1.29967,1.30023,906.3
2010.05.04 23:00:00,1.30037,1.30051,1.29944,1.29974,1024.9
2010.05.04 23:15:00,1.29934,1.29968,1.2983,1.29923,1026.3
2010.05.04 23:30:00,1.29912,1.29968,1.29837,1.29884,755.9
2010.05.04 23:45:00,1.29876,1.29929,1.29788,1.29858,917.6
2010.05.05 00:00:00,1.29865,1.29891,1.29743,1.29789,809.6
2010.05.05 00:15:00,1.29793,1.29841,1.29643,1.29672,647.8
2010.05.05 00:30:00,1.29682,1.29727,1.29625,1.29647,910.1
2010.05.05 00:45:00,1.29651,1.29862,1.29614,1.29707,1111.3
2010.05.05 01:00:00,1.29716,1.29816,1.29682,1.29816,402.4
2010.05.05 01:15:00,1.29813,1.29845,1.29778,1.29832,445.3
2010.05.05 01:30:00,1.29824,1.2986,1.29737,1.29756,380.7
2010.05.05 01:45:00,1.29756,1.29778,1.29606,1.29632,454.8
2010.05.05 02:00:00,1.29642,1.29789,1.29635,1.29775,386.6
2010.05.05 02:15:00,1.29782,1.2979,1.29711,1.29747,441.3
2010.05.05 02:30:00,1.29725,1.29753,1.29631,1.29738,364.6
2010.05.05 02:45:00,1.29744,1.29808,1.29706,1.29777,374.4
2010.05.05 03:00:00,1.29772,1.29922,1.29745,1.29907,552.6
2010.05.05 03:15:00,1.29907,1.2992,1.29819,1.2988,532
2010.05.05 03:30:00,1.29861,1.29881,1.29627,1.29639,539.3
2010.05.05 03:45:00,1.29649,1.29747,1.29517,1.29522,671.8
2010.05.05 04:00:00,1.29471,1.29611,1.29408,1.29476,544.4
2010.05.05 04:15:00,1.29466,1.29554,1.29403,1.29429,454.8
2010.05.05 04:30:00,1.29426,1.29582,1.29409,1.29538,416.3
2010.05.05 04:45:00,1.29538,1.29586,1.29496,1.29567,522.4
2010.05.05 05:00:00,1.29542,1.29669,1.29516,1.29616,630
2010.05.05 05:15:00,1.29637,1.29662,1.29522,1.29613,483.9
2010.05.05 05:30:00,1.2961,1.29658,1.29585,1.29654,505.2
2010.05.05 05:45:00,1.29619,1.29645,1.29526,1.29586,979
2010.05.05 06:00:00,1.29557,1.29686,1.29544,1.29673,1068.5
2010.05.05 06:15:00,1.29666,1.29695,1.29601,1.29652,828.5
2010.05.05 06:30:00,1.29648,1.29659,1.29566,1.29605,963.6
2010.05.05 06:45:00,1.29617,1.29669,1.29539,1.29585,772.5
2010.05.05 07:00:00,1.29585,1.29607,1.29416,1.29506,705.5
2010.05.05 07:15:00,1.29509,1.29522,1.29345,1.29389,655.9
2010.05.05 07:30:00,1.29417,1.29516,1.29362,1.29437,672.5
2010.05.05 07:45:00,1.29435,1.29537,1.29402,1.29515,612.3
2010.05.05 08:00:00,1.29504,1.29625,1.2947,1.29607,506.6
2010.05.05 08:15:00,1.29613,1.29636,1.29474,1.29538,663.9
2010.05.05 08:30:00,1.29538,1.29646,1.29495,1.29635,560.7
2010.05.05 08:45:00,1.29624,1.29749,1.29611,1.29705,701.3
2010.05.05 09:00:00,1.29705,1.29793,1.29606,1.29757,876.9
2010.05.05 09:15:00,1.29748,1.29886,1.29716,1.29861,765.7
2010.05.05 09:30:00,1.29866,1.29903,1.29732,1.29738,996.1
2010.05.05 09:45:00,1.29749,1.29962,1.29707,1.29946,715.7
2010.05.05 10:00:00,1.29935,1.29954,1.29634,1.29673,1063.1
2010.05.05 10:15:00,1.29633,1.29682,1.29533,1.29632,1067.1
2010.05.05 10:30:00,1.29639,1.29663,1.29404,1.29449,1021.3
2010.05.05 10:45:00,1.29462,1.29512,1.29326,1.29493,1092.6
2010.05.05 11:00:00,1.29472,1.29523,1.29405,1.29471,1191
2010.05.05 11:15:00,1.2948,1.29676,1.29399,1.29453,1063.1
2010.05.05 11:30:00,1.29443,1.29649,1.29413,1.29576,1207
2010.05.05 11:45:00,1.29584,1.29726,1.29554,1.29687,1258.7
2010.05.05 12:00:00,1.29698,1.29935,1.29656,1.29768,977.8
2010.05.05 12:15:00,1.29764,1.29827,1.29683,1.29754,1368.4
2010.05.05 12:30:00,1.29772,1.29895,1.2975,1.29878,1068.1
2010.05.05 12:45:00,1.29882,1.29901,1.29644,1.29704,1438.3
2010.05.05 13:00:00,1.29709,1.29827,1.29648,1.29731,1145.3
2010.05.05 13:15:00,1.29735,1.29788,1.29545,1.29565,1812.4
2010.05.05 13:30:00,1.29575,1.29585,1.29448,1.29482,1028.5
2010.05.05 13:45:00,1.29493,1.29506,1.29369,1.29394,1069.1
2010.05.05 14:00:00,1.2939,1.29404,1.29241,1.29349,950.9
2010.05.05 14:15:00,1.29351,1.29394,1.29283,1.29304,888.4
2010.05.05 14:30:00,1.2932,1.29333,1.29116,1.29192,851.2
2010.05.05 14:45:00,1.29212,1.29354,1.2917,1.29228,834.1
2010.05.05 15:00:00,1.29248,1.29443,1.29216,1.29251,711.1
2010.05.05 15:15:00,1.29233,1.29289,1.2904,1.2906,753
2010.05.05 15:30:00,1.29065,1.29077,1.28806,1.28988,874.1
2010.05.05 15:45:00,1.28995,1.29016,1.28573,1.28596,1097.8
2010.05.05 16:00:00,1.28593,1.28616,1.28035,1.28108,950.2
2010.05.05 16:15:00,1.28054,1.28476,1.28041,1.28181,771
2010.05.05 16:30:00,1.28186,1.28373,1.28156,1.28356,945.9
2010.05.05 16:45:00,1.2836,1.28474,1.28277,1.28426,989.2
2010.05.05 17:00:00,1.28453,1.28698,1.28415,1.28515,992.7
2010.05.05 17:15:00,1.28519,1.2872,1.28475,1.28505,983.5
2010.05.05 17:30:00,1.28505,1.28677,1.28409,1.28634,976.5
2010.05.05 17:45:00,1.2864,1.28749,1.28612,1.28655,1078.5
2010.05.05 18:00:00,1.28656,1.28666,1.28448,1.28634,1104
2010.05.05 18:15:00,1.28633,1.28715,1.28574,1.28644,1099.4
2010.05.05 18:30:00,1.28673,1.28865,1.28597,1.28815,1156.8
2010.05.05 18:45:00,1.28809,1.28931,1.28755,1.289,1040.3
2010.05.05 19:00:00,1.28896,1.29053,1.28823,1.28846,1085.3
2010.05.05 19:15:00,1.28834,1.28965,1.28768,1.28798,932.4
2010.05.05 19:30:00,1.28796,1.28865,1.28675,1.28704,1005.5
2010.05.05 19:45:00,1.28715,1.28897,1.28676,1.28894,1279.6
2010.05.05 20:00:00,1.28898,1.28906,1.28694,1.28713,839.6
2010.05.05 20:15:00,1.28715,1.28777,1.28601,1.28644,1039.1
2010.05.05 20:30:00,1.28644,1.28668,1.28546,1.28578,1001.9
2010.05.05 20:45:00,1.28574,1.2866,1.28526,1.28588,826.8
2010.05.05 21:00:00,1.28574,1.28637,1.28515,1.28535,803.7
2010.05.05 21:15:00,1.28545,1.28558,1.28344,1.28373,756.9
2010.05.05 21:30:00,1.28365,1.28417,1.28232,1.28251,782.3
2010.05.05 21:45:00,1.28251,1.28296,1.28134,1.28238,822.4
2010.05.05 22:00:00,1.28242,1.28288,1.28068,1.28249,645.9
2010.05.05 22:15:00,1.28242,1.28278,1.28082,1.28177,836.2
2010.05.05 22:30:00,1.28186,1.28264,1.28136,1.28223,778.5
2010.05.05 22:45:00,1.28255,1.28284,1.28148,1.28198,910.3
2010.05.05 23:00:00,1.28199,1.28238,1.28135,1.28184,1092.3
2010.05.05 23:15:00,1.28197,1.28256,1.28169,1.28252,1084.8
2010.05.05 23:30:00,1.28238,1.2828,1.28204,1.28248,617.1
2010.05.05 23:45:00,1.28255,1.2827,1.281,1.28126,895.5
2010.05.06 00:00:00,1.28122,1.2818,1.27857,1.28074,805.4
2010.05.06 00:15:00,1.28063,1.28149,1.28038,1.28097,675.3
2010.05.06 00:30:00,1.28095,1.28182,1.28082,1.28157,855
2010.05.06 00:45:00,1.28149,1.28264,1.28142,1.28166,986.8
2010.05.06 01:00:00,1.28191,1.28228,1.28109,1.28112,411.3
2010.05.06 01:15:00,1.2813,1.28138,1.2801,1.28103,408
2010.05.06 01:30:00,1.28084,1.28146,1.28072,1.28124,414.9
2010.05.06 01:45:00,1.2814,1.28165,1.28108,1.28136,430.6
2010.05.06 02:00:00,1.28122,1.28197,1.28108,1.28146,367.5
2010.05.06 02:15:00,1.28138,1.28232,1.28108,1.28217,374.4
2010.05.06 02:30:00,1.28225,1.28259,1.28169,1.28193,332.7
2010.05.06 02:45:00,1.28199,1.28244,1.28123,1.28123,314.2
2010.05.06 03:00:00,1.28117,1.28248,1.28117,1.28198,594.5
2010.05.06 03:15:00,1.28193,1.28427,1.28151,1.28374,545.6
2010.05.06 03:30:00,1.28387,1.28475,1.28357,1.28427,606.2
2010.05.06 03:45:00,1.28426,1.28442,1.28291,1.28381,747.9
2010.05.06 04:00:00,1.28351,1.28467,1.28346,1.28415,632.4
2010.05.06 04:15:00,1.28425,1.28462,1.28323,1.28363,448.6
2010.05.06 04:30:00,1.28335,1.28352,1.28241,1.28273,364
2010.05.06 04:45:00,1.28275,1.28353,1.28263,1.28332,453.9
2010.05.06 05:00:00,1.28328,1.28436,1.28297,1.28406,563.9
2010.05.06 05:15:00,1.284,1.28464,1.28361,1.28387,494.8
2010.05.06 05:30:00,1.28398,1.28469,1.28356,1.2839,564.3
2010.05.06 05:45:00,1.28422,1.28552,1.28392,1.28454,908.9
2010.05.06 06:00:00,1.28465,1.28517,1.28389,1.28417,974.2
2010.05.06 06:15:00,1.284,1.28486,1.28391,1.28441,908.8
2010.05.06 06:30:00,1.28411,1.28518,1.28395,1.28503,936
2010.05.06 06:45:00,1.28495,1.28498,1.28425,1.28462,751.7
2010.05.06 07:00:00,1.28427,1.28456,1.28351,1.28378,824.2
2010.05.06 07:15:00,1.28368,1.28395,1.28312,1.28365,718.1
2010.05.06 07:30:00,1.28362,1.28374,1.28278,1.28321,612.3
2010.05.06 07:45:00,1.28346,1.28367,1.28162,1.28259,626.9
2010.05.06 08:00:00,1.28234,1.28262,1.2811,1.28167,563.7
2010.05.06 08:15:00,1.2818,1.28244,1.28148,1.28205,697.5
2010.05.06 08:30:00,1.28205,1.28326,1.2814,1.28297,554.4
2010.05.06 08:45:00,1.28284,1.28348,1.2827,1.28323,741.1
2010.05.06 09:00:00,1.28325,1.28338,1.2791,1.27991,706
2010.05.06 09:15:00,1.28008,1.28016,1.27564,1.27681,717.3
2010.05.06 09:30:00,1.27701,1.27761,1.27503,1.27633,1049.8
2010.05.06 09:45:00,1.27629,1.27702,1.27381,1.2742,659.6
2010.05.06 10:00:00,1.27446,1.27701,1.27369,1.27668,1049.2
2010.05.06 10:15:00,1.27672,1.27806,1.27519,1.27794,961.5
2010.05.06 10:30:00,1.27805,1.27863,1.27703,1.27827,939.9
2010.05.06 10:45:00,1.27822,1.28105,1.2781,1.27946,1169.2
2010.05.06 11:00:00,1.27943,1.27976,1.27805,1.27844,1233.7
2010.05.06 11:15:00,1.27851,1.2797,1.27697,1.27952,1005.6
2010.05.06 11:30:00,1.27952,1.28199,1.27914,1.28053,1129
2010.05.06 11:45:00,1.28024,1.2826,1.28001,1.28177,1404.7
2010.05.06 12:00:00,1.28173,1.28201,1.28003,1.28043,1110
2010.05.06 12:15:00,1.28057,1.28103,1.27734,1.27773,1259.2
2010.05.06 12:30:00,1.27775,1.27862,1.2762,1.27741,1173
2010.05.06 12:45:00,1.27751,1.27822,1.27633,1.27721,1491.9
2010.05.06 13:00:00,1.27716,1.27945,1.27695,1.27841,1132.6
2010.05.06 13:15:00,1.27849,1.27947,1.27752,1.27923,1810.4
2010.05.06 13:30:00,1.27925,1.28016,1.27861,1.27932,1029.7
2010.05.06 13:45:00,1.27937,1.27967,1.27783,1.27825,1101
2010.05.06 14:00:00,1.27824,1.27867,1.27456,1.27583,1133.4
2010.05.06 14:15:00,1.27565,1.27706,1.27499,1.27646,809.8
2010.05.06 14:30:00,1.27646,1.27696,1.27415,1.27477,911.5
2010.05.06 14:45:00,1.27505,1.27516,1.27176,1.27293,825.6
2010.05.06 15:00:00,1.2729,1.27486,1.27244,1.2727,698.6
2010.05.06 15:15:00,1.27283,1.27392,1.27089,1.27373,743.4
2010.05.06 15:30:00,1.27374,1.27432,1.27198,1.27303,840.1
2010.05.06 15:45:00,1.27306,1.27403,1.27089,1.271,1085.2
2010.05.06 16:00:00,1.27095,1.27321,1.27015,1.27107,913.4
2010.05.06 16:15:00,1.27117,1.27226,1.26902,1.27069,929.6
2010.05.06 16:30:00,1.27065,1.27489,1.26996,1.27397,862
2010.05.06 16:45:00,1.27427,1.27531,1.27274,1.27465,1021.5
2010.05.06 17:00:00,1.2747,1.27701,1.27356,1.27415,1087.9
2010.05.06 17:15:00,1.27412,1.27551,1.27188,1.27265,1023.1
2010.05.06 17:30:00,1.27274,1.27313,1.27055,1.27066,887.6
2010.05.06 17:45:00,1.27061,1.27167,1.26886,1.27047,1005.9
2010.05.06 18:00:00,1.27107,1.27116,1.2688,1.27058,1006.8
2010.05.06 18:15:00,1.27064,1.27226,1.26869,1.27129,1105.9
2010.05.06 18:30:00,1.27121,1.2715,1.26794,1.26833,1077.4
2010.05.06 18:45:00,1.26837,1.2691,1.26532,1.2687,1120.7
2010.05.06 19:00:00,1.26874,1.27293,1.26806,1.27256,1072.3
2010.05.06 19:15:00,1.27255,1.27408,1.27094,1.2729,944.9
2010.05.06 19:30:00,1.27298,1.27317,1.26988,1.27013,1000.8
2010.05.06 19:45:00,1.27021,1.27342,1.26917,1.27323,1352.2
2010.05.06 20:00:00,1.27328,1.27345,1.26938,1.27085,694.6
2010.05.06 20:15:00,1.27082,1.27187,1.26921,1.27039,1011.8
2010.05.06 20:30:00,1.2705,1.27096,1.2679,1.26897,983.8
2010.05.06 20:45:00,1.26904,1.27026,1.26686,1.26714,826.9
2010.05.06 21:00:00,1.26716,1.26765,1.26215,1.26234,895.5
2010.05.06 21:15:00,1.26273,1.26517,1.26087,1.26204,787.9
2010.05.06 21:30:00,1.26188,1.26403,1.25807,1.25814,778.9
2010.05.06 21:45:00,1.25749,1.26231,1.252,1.25937,865.5
2010.05.06 22:00:00,1.25981,1.26418,1.25844,1.2609,672.7
2010.05.06 22:15:00,1.26066,1.2621,1.25697,1.25894,750.2
2010.05.06 22:30:00,1.25901,1.26314,1.25865,1.26241,931.3
2010.05.06 22:45:00,1.26224,1.26421,1.26138,1.26268,923.4
2010.05.06 23:00:00,1.2627,1.26275,1.2602,1.26163,1092.6
2010.05.06 23:15:00,1.26153,1.26288,1.26046,1.26084,1049.1
2010.05.06 23:30:00,1.26053,1.26302,1.26031,1.26271,643.3
2010.05.06 23:45:00,1.26283,1.26314,1.26148,1.26192,964.9
2010.05.07 00:00:00,1.26186,1.26589,1.26113,1.26542,853.8
2010.05.07 00:15:00,1.26546,1.26618,1.2631,1.26355,690.4
2010.05.07 00:30:00,1.26341,1.26381,1.26143,1.26273,881.3
2010.05.07 00:45:00,1.26273,1.26374,1.26225,1.26275,1020
2010.05.07 01:00:00,1.26304,1.26464,1.262,1.26411,464.6
2010.05.07 01:15:00,1.26383,1.2642,1.26036,1.26234,397.9
2010.05.07 01:30:00,1.26209,1.26355,1.26145,1.26344,311.5
2010.05.07 01:45:00,1.26338,1.26347,1.26161,1.26266,488.5
2010.05.07 02:00:00,1.26255,1.26304,1.2617,1.26261,367.2
2010.05.07 02:15:00,1.26267,1.26397,1.26243,1.26377,423.8
2010.05.07 02:30:00,1.26382,1.26686,1.26306,1.26622,391.7
2010.05.07 02:45:00,1.26649,1.26755,1.265,1.26537,329
2010.05.07 03:00:00,1.26535,1.26588,1.26219,1.26254,542.7
2010.05.07 03:15:00,1.26278,1.26291,1.25848,1.25912,616.7
2010.05.07 03:30:00,1.25886,1.26133,1.25872,1.26021,486.3
2010.05.07 03:45:00,1.26048,1.26226,1.26003,1.26136,594.7
2010.05.07 04:00:00,1.26145,1.26422,1.26085,1.26372,616.8
2010.05.07 04:15:00,1.26368,1.26479,1.2628,1.26399,505.3
2010.05.07 04:30:00,1.26403,1.26423,1.26123,1.26123,385.1
2010.05.07 04:45:00,1.26113,1.26536,1.26065,1.26488,470.6
2010.05.07 05:00:00,1.2648,1.26699,1.26457,1.26635,562.6
2010.05.07 05:15:00,1.26651,1.26821,1.26621,1.26721,454.7
2010.05.07 05:30:00,1.26747,1.27194,1.26714,1.27097,502.5
2010.05.07 05:45:00,1.27122,1.2717,1.2695,1.27062,973.4
2010.05.07 06:00:00,1.2708,1.27084,1.26816,1.26914,963.6
2010.05.07 06:15:00,1.26896,1.27089,1.26848,1.26934,759.5
2010.05.07 06:30:00,1.26941,1.27036,1.26823,1.26862,933.7
2010.05.07 06:45:00,1.26869,1.27076,1.26842,1.27055,721.2
2010.05.07 07:00:00,1.27057,1.27361,1.27016,1.2732,736.7
2010.05.07 07:15:00,1.27308,1.27324,1.27002,1.27112,591.9
2010.05.07 07:30:00,1.27142,1.27161,1.26891,1.26921,725.7
2010.05.07 07:45:00,1.26902,1.26993,1.26839,1.26943,590.5
2010.05.07 08:00:00,1.26971,1.26979,1.26586,1.26777,518.6
2010.05.07 08:15:00,1.26761,1.26859,1.26607,1.26632,611.9
2010.05.07 08:30:00,1.26643,1.26783,1.26621,1.26644,594.4
2010.05.07 08:45:00,1.26678,1.26988,1.26541,1.26842,648.7
2010.05.07 09:00:00,1.2689,1.27104,1.26761,1.26777,757.2
2010.05.07 09:15:00,1.26786,1.26928,1.26635,1.26814,740.7
2010.05.07 09:30:00,1.26828,1.26965,1.26652,1.26652,1111.5
2010.05.07 09:45:00,1.26642,1.26848,1.26587,1.26615,723.6
2010.05.07 10:00:00,1.26621,1.26956,1.26336,1.26919,1029.2
2010.05.07 10:15:00,1.26921,1.26983,1.26805,1.26931,982.8
2010.05.07 10:30:00,1.26944,1.27428,1.26873,1.27297,1162.1
2010.05.07 10:45:00,1.27299,1.27367,1.27038,1.27155,1202.1
2010.05.07 11:00:00,1.27151,1.27732,1.27073,1.2755,1313.3
2010.05.07 11:15:00,1.27532,1.27661,1.2742,1.27488,1030.5
2010.05.07 11:30:00,1.27495,1.27543,1.27196,1.27277,1083.1
2010.05.07 11:45:00,1.27272,1.27403,1.2715,1.27235,1289.4
2010.05.07 12:00:00,1.27268,1.27381,1.27103,1.27283,1190.9
2010.05.07 12:15:00,1.27282,1.27656,1.27248,1.27412,1346.5
2010.05.07 12:30:00,1.27432,1.27519,1.27263,1.27405,1134.3
2010.05.07 12:45:00,1.2741,1.27494,1.27302,1.27386,1596.2
2010.05.07 13:00:00,1.27386,1.27643,1.2734,1.27379,1131
2010.05.07 13:15:00,1.27362,1.27566,1.27336,1.27524,1760
2010.05.07 13:30:00,1.27525,1.27965,1.27479,1.27759,1033
2010.05.07 13:45:00,1.27766,1.27984,1.27649,1.27852,1136.2
2010.05.07 14:00:00,1.27853,1.27947,1.27566,1.27599,968.3
2010.05.07 14:15:00,1.27592,1.27827,1.27536,1.27693,869.2
2010.05.07 14:30:00,1.27682,1.27696,1.27453,1.27523,891.9
2010.05.07 14:45:00,1.27535,1.27547,1.27226,1.273,934.1
2010.05.07 15:00:00,1.27307,1.27471,1.27244,1.27443,790.4
2010.05.07 15:15:00,1.27438,1.27547,1.27242,1.27461,792.9
2010.05.07 15:30:00,1.27476,1.27529,1.26746,1.27173,845.4
2010.05.07 15:45:00,1.27215,1.27358,1.26955,1.27054,1114.7
2010.05.07 16:00:00,1.27041,1.27145,1.26844,1.27075,884.1
2010.05.07 16:15:00,1.27077,1.27079,1.26703,1.26827,742.1
2010.05.07 16:30:00,1.26827,1.2712,1.26657,1.27092,981.3
2010.05.07 16:45:00,1.27098,1.27132,1.26701,1.26814,1163.5
2010.05.07 17:00:00,1.26801,1.26869,1.26395,1.26662,1069.6
2010.05.07 17:15:00,1.26665,1.26714,1.26095,1.26278,1003.4
2010.05.07 17:30:00,1.2625,1.26415,1.26138,1.26278,984.9
2010.05.07 17:45:00,1.26242,1.26531,1.26213,1.26498,1070
2010.05.07 18:00:00,1.26505,1.27001,1.26334,1.26931,1026
2010.05.07 18:15:00,1.26953,1.27562,1.26895,1.27036,1202.4
2010.05.07 18:30:00,1.27039,1.27153,1.26847,1.27073,1034.2
2010.05.07 18:45:00,1.27071,1.27324,1.27047,1.27178,1051.3
2010.05.07 19:00:00,1.27175,1.27448,1.27117,1.27427,1140.1
2010.05.07 19:15:00,1.27439,1.27713,1.27135,1.27196,1037.5
2010.05.07 19:30:00,1.27182,1.27326,1.27024,1.27219,914.7
2010.05.07 19:45:00,1.2721,1.27275,1.27046,1.27056,1197.7
2010.05.07 20:00:00,1.27065,1.27164,1.26965,1.27052,848.9
2010.05.07 20:15:00,1.27057,1.2718,1.26883,1.26912,1156.3
2010.05.07 20:30:00,1.26916,1.27391,1.26888,1.27379,885.6
2010.05.07 20:45:00,1.27401,1.27427,1.27215,1.27314,926.5
2010.05.07 21:00:00,1.27316,1.27409,1.27158,1.27202,861.4
2010.05.07 21:15:00,1.27207,1.27398,1.27178,1.27279,717.8
2010.05.07 21:30:00,1.27274,1.27497,1.27193,1.27452,730
2010.05.07 21:45:00,1.27448,1.27471,1.27311,1.27327,841.2
2010.05.07 22:00:00,1.27335,1.27357,1.2713,1.2717,626.1
2010.05.07 22:15:00,1.27174,1.27242,1.27055,1.27095,759.3
2010.05.07 22:30:00,1.27098,1.27169,1.27076,1.27156,859.8
2010.05.07 22:45:00,1.27132,1.27356,1.27093,1.273,1025.9
2010.05.07 23:00:00,1.27311,1.27459,1.27269,1.27393,1091.5
2010.05.07 23:15:00,1.27378,1.27464,1.27272,1.27342,1004.2
2010.05.07 23:30:00,1.27337,1.27413,1.27315,1.2736,681
2010.05.07 23:45:00,1.27366,1.27573,1.27265,1.27488,975.9
2010.05.10 00:00:00,1.27812,1.29198,1.27812,1.29081,810.4
2010.05.10 00:15:00,1.29086,1.29188,1.28802,1.29164,800.5
2010.05.10 00:30:00,1.29119,1.29385,1.28984,1.29336,981.8
2010.05.10 00:45:00,1.29343,1.29493,1.29266,1.29377,992.5
2010.05.10 01:00:00,1.29376,1.29376,1.28729,1.28785,397.4
2010.05.10 01:15:00,1.28813,1.29003,1.28755,1.28892,402.4
2010.05.10 01:30:00,1.28854,1.29032,1.28831,1.2899,344
2010.05.10 01:45:00,1.28976,1.29017,1.28593,1.28756,401
2010.05.10 02:00:00,1.2872,1.28876,1.2872,1.28813,359.4
2010.05.10 02:15:00,1.28817,1.28882,1.28738,1.28776,446.9
2010.05.10 02:30:00,1.28782,1.28784,1.28402,1.28579,368.4
2010.05.10 02:45:00,1.2856,1.28705,1.28539,1.28695,349.9
2010.05.10 03:00:00,1.28683,1.28844,1.28568,1.28734,529.9
2010.05.10 03:15:00,1.28743,1.2889,1.28717,1.28826,518.9
2010.05.10 03:30:00,1.28825,1.29117,1.28727,1.28976,488.5
2010.05.10 03:45:00,1.28969,1.29007,1.2831,1.28469,709.4
2010.05.10 04:00:00,1.28464,1.28477,1.28078,1.28352,622.3
2010.05.10 04:15:00,1.28348,1.28809,1.28346,1.28798,470
2010.05.10 04:30:00,1.28786,1.28813,1.28574,1.28681,469.8
2010.05.10 04:45:00,1.2868,1.28883,1.28618,1.28839,513.3
2010.05.10 05:00:00,1.28828,1.29358,1.28788,1.29274,656.8
2010.05.10 05:15:00,1.29255,1.29397,1.29104,1.29261,548.5
2010.05.10 05:30:00,1.29213,1.29292,1.29138,1.29205,540.2
2010.05.10 05:45:00,1.29228,1.29239,1.29109,1.29193,887.2
2010.05.10 06:00:00,1.29178,1.29378,1.2916,1.29295,973.4
2010.05.10 06:15:00,1.29288,1.29678,1.29272,1.29624,765.6
2010.05.10 06:30:00,1.29634,1.29637,1.29361,1.29533,893.6
2010.05.10 06:45:00,1.29537,1.29544,1.29342,1.29452,780.5
2010.05.10 07:00:00,1.29445,1.29597,1.29388,1.29491,740.3
2010.05.10 07:15:00,1.29508,1.29543,1.29376,1.29381,644.3
2010.05.10 07:30:00,1.29358,1.29406,1.29241,1.29297,731
2010.05.10 07:45:00,1.2929,1.29344,1.29178,1.29213,588.5
2010.05.10 08:00:00,1.29205,1.29255,1.29016,1.29066,511.6
2010.05.10 08:15:00,1.29071,1.29264,1.29046,1.2913,674.8
2010.05.10 08:30:00,1.29122,1.29325,1.29001,1.29309,611.9
2010.05.10 08:45:00,1.29318,1.29364,1.29201,1.29339,686
2010.05.10 09:00:00,1.29351,1.29785,1.29323,1.29759,744.9
2010.05.10 09:15:00,1.29756,1.29814,1.29654,1.29722,810.5
2010.05.10 09:30:00,1.29726,1.29893,1.29673,1.29865,957.7
2010.05.10 09:45:00,1.2986,1.29874,1.29712,1.29749,708.8
2010.05.10 10:00:00,1.29745,1.298,1.29423,1.29669,934.2
2010.05.10 10:15:00,1.29676,1.29764,1.29583,1.29684,924.3
2010.05.10 10:30:00,1.29657,1.30179,1.29605,1.3015,947.2
2010.05.10 10:45:00,1.30131,1.3048,1.30112,1.30365,1127.5
2010.05.10 11:00:00,1.30371,1.30583,1.30302,1.30573,1338.1
2010.05.10 11:15:00,1.30623,1.30925,1.30559,1.30707,1014.7
2010.05.10 11:30:00,1.3067,1.30866,1.30473,1.30508,1101.1
2010.05.10 11:45:00,1.30519,1.30575,1.30284,1.30429,1390
2010.05.10 12:00:00,1.30442,1.30515,1.30287,1.3044,1079
2010.05.10 12:15:00,1.30434,1.30678,1.3038,1.30654,1395.6
2010.05.10 12:30:00,1.30667,1.30675,1.30401,1.30451,1287.6
2010.05.10 12:45:00,1.30453,1.30482,1.30149,1.30331,1367.8
2010.05.10 13:00:00,1.30326,1.30343,1.29975,1.30072,1307.9
2010.05.10 13:15:00,1.30077,1.30149,1.29992,1.30084,1738.2
2010.05.10 13:30:00,1.30083,1.30175,1.30024,1.30129,909.4
2010.05.10 13:45:00,1.30116,1.30132,1.29749,1.29925,1074.6
2010.05.10 14:00:00,1.29932,1.30124,1.29804,1.30063,1088.1
2010.05.10 14:15:00,1.30055,1.301,1.2981,1.29997,824.4
2010.05.10 14:30:00,1.30007,1.30046,1.29598,1.29622,890.7
2010.05.10 14:45:00,1.29639,1.29803,1.29599,1.29745,869.5
2010.05.10 15:00:00,1.29746,1.29888,1.2963,1.29687,822.7
2010.05.10 15:15:00,1.29664,1.29693,1.2909,1.29263,858.7
2010.05.10 15:30:00,1.29255,1.29362,1.28786,1.29041,951
2010.05.10 15:45:00,1.29055,1.29355,1.2895,1.293,1034.4
2010.05.10 16:00:00,1.29279,1.29333,1.2904,1.29303,999.4
2010.05.10 16:15:00,1.29297,1.29439,1.29189,1.29203,725.3
2010.05.10 16:30:00,1.29209,1.29446,1.29184,1.29344,947.5
2010.05.10 16:45:00,1.29352,1.29384,1.28778,1.28817,982.1
2010.05.10 17:00:00,1.28802,1.28828,1.28389,1.28588,1076.3
2010.05.10 17:15:00,1.28582,1.28637,1.28183,1.28212,1057.4
2010.05.10 17:30:00,1.28237,1.28479,1.28168,1.28211,944.4
2010.05.10 17:45:00,1.28205,1.28393,1.28166,1.28356,1094.2
2010.05.10 18:00:00,1.28313,1.2873,1.28234,1.28247,1123.4
2010.05.10 18:15:00,1.28238,1.28482,1.28207,1.2844,1125.9
2010.05.10 18:30:00,1.2842,1.28556,1.28364,1.28482,1180.1
2010.05.10 18:45:00,1.28488,1.28724,1.28466,1.28596,1051.1
2010.05.10 19:00:00,1.2859,1.28678,1.2842,1.28632,964.3
2010.05.10 19:15:00,1.2864,1.28794,1.28258,1.28303,929.8
2010.05.10 19:30:00,1.28313,1.2846,1.28133,1.28324,1051.5
2010.05.10 19:45:00,1.28335,1.28391,1.28075,1.28116,1222.9
2010.05.10 20:00:00,1.28098,1.28175,1.27642,1.27649,763.5
2010.05.10 20:15:00,1.27645,1.28052,1.27606,1.2803,1117
2010.05.10 20:30:00,1.28025,1.28186,1.27967,1.27998,953.2
2010.05.10 20:45:00,1.27997,1.28179,1.27968,1.27985,887.4
2010.05.10 21:00:00,1.27978,1.28064,1.27866,1.27963,881.4
2010.05.10 21:15:00,1.2797,1.28109,1.27807,1.27831,769.7
2010.05.10 21:30:00,1.27848,1.27938,1.27772,1.27925,611.3
2010.05.10 21:45:00,1.27919,1.28075,1.27828,1.28009,804.7
2010.05.10 22:00:00,1.28002,1.28046,1.27678,1.27806,719.5
2010.05.10 22:15:00,1.27786,1.27842,1.27687,1.27768,735.4
2010.05.10 22:30:00,1.27798,1.27858,1.27597,1.27758,892.6
2010.05.10 22:45:00,1.27761,1.27917,1.27737,1.27848,842.4
2010.05.10 23:00:00,1.27848,1.28037,1.27838,1.27906,1036.4
2010.05.10 23:15:00,1.27916,1.27943,1.27756,1.27785,1071.6
2010.05.10 23:30:00,1.27784,1.27865,1.27775,1.27838,634.6
2010.05.10 23:45:00,1.27845,1.27867,1.27736,1.27859,933.1
2010.05.11 00:00:00,1.27846,1.27879,1.27746,1.27816,869.9
2010.05.11 00:15:00,1.27813,1.27849,1.27749,1.27767,681.6
2010.05.11 00:30:00,1.27771,1.27879,1.27745,1.27849,938.5
2010.05.11 00:45:00,1.2785,1.27938,1.2784,1.27864,1114.3
2010.05.11 01:00:00,1.27847,1.27893,1.27796,1.27836,421.3
2010.05.11 01:15:00,1.27826,1.27881,1.27791,1.27865,399.3
2010.05.11 01:30:00,1.27869,1.27879,1.27803,1.27825,360.6
2010.05.11 01:45:00,1.27808,1.27823,1.27737,1.27788,456.3
2010.05.11 02:00:00,1.27787,1.27794,1.27351,1.2743,373.7
2010.05.11 02:15:00,1.27464,1.27535,1.27323,1.27423,496.4
2010.05.11 02:30:00,1.2741,1.2741,1.27214,1.2736,365.5
2010.05.11 02:45:00,1.27347,1.27445,1.27264,1.27366,387.6
2010.05.11 03:00:00,1.27365,1.2764,1.27349,1.27601,542.2
2010.05.11 03:15:00,1.27644,1.27886,1.27608,1.27771,542
2010.05.11 03:30:00,1.27751,1.2779,1.27578,1.27606,502.9
2010.05.11 03:45:00,1.27611,1.2784,1.27573,1.2768,654.6
2010.05.11 04:00:00,1.2772,1.27778,1.27618,1.2773,582.2
2010.05.11 04:15:00,1.27718,1.28014,1.27697,1.27967,448.8
2010.05.11 04:30:00,1.27963,1.27964,1.27761,1.27796,430.4
2010.05.11 04:45:00,1.278,1.27893,1.27716,1.27814,504.8
2010.05.11 05:00:00,1.27807,1.27953,1.27744,1.27855,660.8
2010.05.11 05:15:00,1.27845,1.27873,1.27761,1.27851,566.9
2010.05.11 05:30:00,1.27862,1.27896,1.27746,1.27755,573
2010.05.11 05:45:00,1.27767,1.27778,1.27568,1.27654,888.7
2010.05.11 06:00:00,1.27662,1.27696,1.27558,1.27585,1022.5
2010.05.11 06:15:00,1.27577,1.27673,1.27559,1.27623,790.6
2010.05.11 06:30:00,1.27623,1.27648,1.27458,1.27578,927.4
2010.05.11 06:45:00,1.27587,1.27606,1.27434,1.27476,763.8
2010.05.11 07:00:00,1.27484,1.2749,1.27145,1.27163,711.6
2010.05.11 07:15:00,1.27156,1.27266,1.27037,1.27074,687.5
2010.05.11 07:30:00,1.27108,1.27362,1.27085,1.2733,733.4
2010.05.11 07:45:00,1.27343,1.2738,1.27165,1.2734,625.8
2010.05.11 08:00:00,1.27346,1.2749,1.27306,1.27459,549.4
2010.05.11 08:15:00,1.27456,1.27473,1.27288,1.27402,675
2010.05.11 08:30:00,1.27408,1.27417,1.27156,1.27212,611.3
2010.05.11 08:45:00,1.27206,1.27358,1.27173,1.27263,723.7
2010.05.11 09:00:00,1.27265,1.27278,1.27011,1.2704,821.8
2010.05.11 09:15:00,1.27044,1.272,1.26778,1.26798,729.5
2010.05.11 09:30:00,1.26801,1.2728,1.26768,1.27162,1033.1
2010.05.11 09:45:00,1.27143,1.27272,1.26926,1.27063,772.4
2010.05.11 10:00:00,1.27039,1.27403,1.26962,1.27286,1032.5
2010.05.11 10:15:00,1.27286,1.2745,1.27188,1.27251,998.3
2010.05.11 10:30:00,1.27279,1.27609,1.27236,1.27361,1111.6
2010.05.11 10:45:00,1.27352,1.27519,1.27302,1.27474,1126.6
2010.05.11 11:00:00,1.27479,1.27496,1.27201,1.273,1336.2
2010.05.11 11:15:00,1.27305,1.27372,1.27166,1.27286,1102.3
2010.05.11 11:30:00,1.27304,1.27395,1.26945,1.27019,1076.5
2010.05.11 11:45:00,1.27029,1.27106,1.26735,1.26869,1216.1
2010.05.11 12:00:00,1.26867,1.26973,1.268,1.26923,1110.5
2010.05.11 12:15:00,1.26935,1.27111,1.26757,1.26767,1325.2
2010.05.11 12:30:00,1.26776,1.26975,1.26681,1.26896,1177.7
2010.05.11 12:45:00,1.26903,1.26976,1.26807,1.26937,1396.4
2010.05.11 13:00:00,1.26933,1.27061,1.26851,1.2703,1143.8
2010.05.11 13:15:00,1.27045,1.27142,1.26961,1.26995,1819.8
2010.05.11 13:30:00,1.26985,1.2699,1.26804,1.26943,1039
2010.05.11 13:45:00,1.26935,1.27048,1.26792,1.2681,1088.9
2010.05.11 14:00:00,1.26796,1.26904,1.26728,1.26816,1064.2
2010.05.11 14:15:00,1.26805,1.26869,1.26654,1.26779,707.9
2010.05.11 14:30:00,1.26778,1.26945,1.26708,1.26897,900.9
2010.05.11 14:45:00,1.26898,1.26901,1.26722,1.26764,786.6
2010.05.11 15:00:00,1.26771,1.27083,1.26729,1.27002,808.8
2010.05.11 15:15:00,1.26985,1.27039,1.26824,1.26921,857.4
2010.05.11 15:30:00,1.26922,1.2714,1.26892,1.27007,846.7
2010.05.11 15:45:00,1.27007,1.27067,1.26876,1.26985,1090.4
2010.05.11 16:00:00,1.2698,1.27243,1.26922,1.27196,954.3
2010.05.11 16:15:00,1.27188,1.27328,1.27101,1.27262,842.5
2010.05.11 16:30:00,1.27266,1.27331,1.27111,1.27235,1006.4
2010.05.11 16:45:00,1.27236,1.27477,1.27204,1.27268,1026.2
2010.05.11 17:00:00,1.27276,1.274,1.27142,1.27312,1219.1
2010.05.11 17:15:00,1.27309,1.27365,1.27194,1.27224,982.9
2010.05.11 17:30:00,1.27223,1.2723,1.26921,1.2698,899
2010.05.11 17:45:00,1.26972,1.27044,1.26824,1.26903,1132.7
2010.05.11 18:00:00,1.26908,1.27222,1.26827,1.27207,1018.6
2010.05.11 18:15:00,1.27205,1.27214,1.26848,1.27064,1186.7
2010.05.11 18:30:00,1.27034,1.27347,1.26839,1.2724,1060.4
2010.05.11 18:45:00,1.27234,1.27294,1.27032,1.27131,1028.1
2010.05.11 19:00:00,1.27133,1.27245,1.27072,1.27088,1067.3
2010.05.11 19:15:00,1.27098,1.27166,1.26977,1.27152,845.6
2010.05.11 19:30:00,1.27131,1.2738,1.27094,1.27308,883.3
2010.05.11 19:45:00,1.27324,1.27509,1.27291,1.27441,1354.7
2010.05.11 20:00:00,1.27394,1.27465,1.27315,1.27337,796.6
2010.05.11 20:15:00,1.27303,1.27411,1.27255,1.27336,1019.8
2010.05.11 20:30:00,1.27342,1.27354,1.27166,1.27246,889.3
2010.05.11 20:45:00,1.27241,1.27417,1.27208,1.27394,885
2010.05.11 21:00:00,1.27426,1.27429,1.27195,1.27213,819
2010.05.11 21:15:00,1.27207,1.27279,1.27116,1.27189,732.1
2010.05.11 21:30:00,1.27173,1.27203,1.26939,1.27001,727.1
2010.05.11 21:45:00,1.26989,1.27077,1.26928,1.26929,856.8
2010.05.11 22:00:00,1.26933,1.27011,1.26859,1.26947,700.5
2010.05.11 22:15:00,1.26935,1.26956,1.26775,1.26944,761.1
2010.05.11 22:30:00,1.2693,1.2703,1.26839,1.26972,959.8
2010.05.11 22:45:00,1.26978,1.27005,1.26797,1.268,921.1
2010.05.11 23:00:00,1.26809,1.26884,1.26773,1.26874,1084
2010.05.11 23:15:00,1.26868,1.26886,1.26729,1.26765,1056.1
2010.05.11 23:30:00,1.26748,1.26774,1.26553,1.26647,661.9
2010.05.11 23:45:00,1.26651,1.26772,1.26553,1.26605,924.4
2010.05.12 00:00:00,1.26619,1.26688,1.26514,1.26625,929.2
2010.05.12 00:15:00,1.26592,1.26612,1.2625,1.26369,639.2
2010.05.12 00:30:00,1.26368,1.26528,1.26251,1.26427,1015.9
2010.05.12 00:45:00,1.26441,1.2645,1.26279,1.26335,998.8
2010.05.12 01:00:00,1.26319,1.26366,1.26232,1.26318,366.5
2010.05.12 01:15:00,1.26303,1.26337,1.26195,1.26215,375.9
2010.05.12 01:30:00,1.26214,1.26284,1.26151,1.26157,387
2010.05.12 01:45:00,1.26168,1.26311,1.26147,1.26304,414.2
2010.05.12 02:00:00,1.26309,1.26408,1.26301,1.26383,374.1
2010.05.12 02:15:00,1.26388,1.26435,1.26357,1.26406,380
2010.05.12 02:30:00,1.2641,1.2641,1.26262,1.26352,351.9
2010.05.12 02:45:00,1.26379,1.264,1.26279,1.26395,374.9
2010.05.12 03:00:00,1.26395,1.26553,1.26387,1.26536,511.7
2010.05.12 03:15:00,1.26544,1.26649,1.26477,1.26532,550
2010.05.12 03:30:00,1.26531,1.26568,1.26351,1.2636,560.5
2010.05.12 03:45:00,1.26361,1.26397,1.26214,1.26288,658.8
2010.05.12 04:00:00,1.26278,1.26537,1.2627,1.26537,607.2
2010.05.12 04:15:00,1.26533,1.26537,1.26379,1.26392,493.4
2010.05.12 04:30:00,1.26393,1.2644,1.26305,1.26339,423.7
2010.05.12 04:45:00,1.26328,1.26453,1.26275,1.26434,449
2010.05.12 05:00:00,1.26427,1.26433,1.26353,1.26402,614.1
2010.05.12 05:15:00,1.26396,1.26435,1.26305,1.26346,453.5
2010.05.12 05:30:00,1.26325,1.26513,1.26319,1.2647,527.7
2010.05.12 05:45:00,1.26464,1.26485,1.26379,1.26412,903.2
2010.05.12 06:00:00,1.26414,1.26443,1.26358,1.26396,916.8
2010.05.12 06:15:00,1.26381,1.26428,1.26312,1.26339,764.2
2010.05.12 06:30:00,1.26341,1.26414,1.26283,1.26323,887.4
2010.05.12 06:45:00,1.26316,1.26406,1.26289,1.26345,800.2
2010.05.12 07:00:00,1.26346,1.26397,1.26283,1.26328,700.3
2010.05.12 07:15:00,1.2633,1.26351,1.26147,1.26198,651.6
2010.05.12 07:30:00,1.2619,1.26253,1.26145,1.26173,652.7
2010.05.12 07:45:00,1.26183,1.26223,1.26043,1.26045,585.5
2010.05.12 08:00:00,1.26055,1.26275,1.26046,1.26264,581.6
2010.05.12 08:15:00,1.26267,1.26278,1.26157,1.26253,708.8
2010.05.12 08:30:00,1.26233,1.26382,1.26167,1.26262,650.5
2010.05.12 08:45:00,1.26259,1.26443,1.2625,1.26428,766.6
2010.05.12 09:00:00,1.26437,1.26481,1.26217,1.26318,775.9
2010.05.12 09:15:00,1.26327,1.26412,1.26204,1.26325,806.1
2010.05.12 09:30:00,1.2632,1.26591,1.26288,1.26462,971.7
2010.05.12 09:45:00,1.26439,1.26477,1.26312,1.26356,621
2010.05.12 10:00:00,1.26353,1.26523,1.26285,1.26463,941.7
2010.05.12 10:15:00,1.26483,1.26642,1.26442,1.26622,939.3
2010.05.12 10:30:00,1.26606,1.26708,1.26567,1.26677,987.3
2010.05.12 10:45:00,1.26677,1.26754,1.26576,1.26669,1136
2010.05.12 11:00:00,1.26663,1.27103,1.26614,1.26982,1178.1
2010.05.12 11:15:00,1.26984,1.27272,1.26948,1.27182,1179.5
2010.05.12 11:30:00,1.27176,1.27402,1.26993,1.27345,1029.9
2010.05.12 11:45:00,1.27343,1.27376,1.27178,1.27224,1186.3
2010.05.12 12:00:00,1.27219,1.27229,1.26777,1.26781,1015.7
2010.05.12 12:15:00,1.2679,1.27009,1.26753,1.26936,1353.5
2010.05.12 12:30:00,1.26936,1.27054,1.26765,1.2696,1191.4
2010.05.12 12:45:00,1.26949,1.26987,1.26766,1.26963,1442.1
2010.05.12 13:00:00,1.26965,1.27129,1.26842,1.26862,1294.6
2010.05.12 13:15:00,1.26836,1.26917,1.26614,1.26743,1963.1
2010.05.12 13:30:00,1.26753,1.26847,1.2662,1.26757,1083
2010.05.12 13:45:00,1.26759,1.26762,1.26561,1.26612,1132.3
2010.05.12 14:00:00,1.26615,1.26685,1.26533,1.26589,1074.6
2010.05.12 14:15:00,1.26585,1.26826,1.26567,1.26758,817.7
2010.05.12 14:30:00,1.2676,1.26843,1.26698,1.26801,854.4
2010.05.12 14:45:00,1.26809,1.26955,1.26707,1.26864,787.3
2010.05.12 15:00:00,1.26889,1.26972,1.26789,1.26864,801.9
2010.05.12 15:15:00,1.26863,1.26877,1.26727,1.26774,824.1
2010.05.12 15:30:00,1.26791,1.26862,1.26602,1.26703,856.2
2010.05.12 15:45:00,1.26701,1.26803,1.26662,1.26689,1229.9
2010.05.12 16:00:00,1.26692,1.26912,1.26652,1.2689,967.6
2010.05.12 16:15:00,1.26898,1.26953,1.26683,1.26735,841.7
2010.05.12 16:30:00,1.2672,1.26823,1.26604,1.26692,1046.5
2010.05.12 16:45:00,1.26691,1.2695,1.26649,1.2695,1186.5
2010.05.12 17:00:00,1.26946,1.27103,1.26808,1.269,1136.8
2010.05.12 17:15:00,1.26907,1.26984,1.26767,1.26975,1075.3
2010.05.12 17:30:00,1.26977,1.27004,1.26606,1.2671,1002.1
2010.05.12 17:45:00,1.26721,1.26835,1.26626,1.26811,1046
2010.05.12 18:00:00,1.26801,1.26925,1.26669,1.26793,1128.6
2010.05.12 18:15:00,1.26786,1.2681,1.26241,1.26291,1163.3
2010.05.12 18:30:00,1.26297,1.26432,1.26229,1.26411,1091.1
2010.05.12 18:45:00,1.26384,1.26446,1.26237,1.2641,1116.6
2010.05.12 19:00:00,1.26389,1.26474,1.2633,1.26415,1017.7
2010.05.12 19:15:00,1.26404,1.26478,1.26351,1.26398,970
2010.05.12 19:30:00,1.26423,1.26498,1.26363,1.26454,948
2010.05.12 19:45:00,1.26465,1.26594,1.26432,1.26563,1188.6
2010.05.12 20:00:00,1.26543,1.26576,1.26472,1.26516,759.7
2010.05.12 20:15:00,1.26518,1.26564,1.26387,1.26454,1095.8
2010.05.12 20:30:00,1.26442,1.26455,1.26257,1.263,887.2
2010.05.12 20:45:00,1.263,1.26377,1.26156,1.26201,916.6
2010.05.12 21:00:00,1.26209,1.26305,1.26172,1.26291,769.7
2010.05.12 21:15:00,1.26298,1.26398,1.26184,1.26355,808.6
2010.05.12 21:30:00,1.26375,1.26389,1.26255,1.26334,754.8
2010.05.12 21:45:00,1.26333,1.26347,1.26214,1.26323,846.4
2010.05.12 22:00:00,1.26304,1.26354,1.26178,1.26215,623.5
2010.05.12 22:15:00,1.26216,1.26265,1.26164,1.26244,723.1
2010.05.12 22:30:00,1.26232,1.26268,1.26193,1.26254,830.1
2010.05.12 22:45:00,1.26244,1.26311,1.26215,1.26267,905.1
2010.05.12 23:00:00,1.26271,1.26299,1.26146,1.26207,1093.5
2010.05.12 23:15:00,1.26207,1.26237,1.26152,1.26186,1109.5
2010.05.12 23:30:00,1.26178,1.26227,1.26118,1.26178,607
2010.05.12 23:45:00,1.26149,1.26191,1.2609,1.26135,956.8
2010.05.13 00:00:00,1.26146,1.26227,1.26113,1.26188,811.6
2010.05.13 00:15:00,1.26163,1.26318,1.26155,1.26265,751.8
2010.05.13 00:30:00,1.26258,1.2633,1.26171,1.26237,956.9
2010.05.13 00:45:00,1.26235,1.26399,1.26225,1.26323,995.6
2010.05.13 01:00:00,1.26339,1.26343,1.26201,1.26253,399.4
2010.05.13 01:15:00,1.26233,1.26338,1.26223,1.26338,425.9
2010.05.13 01:30:00,1.26354,1.26411,1.26318,1.26379,412.9
2010.05.13 01:45:00,1.26367,1.26387,1.26311,1.26311,358.2
2010.05.13 02:00:00,1.26317,1.26356,1.26272,1.26286,334.9
2010.05.13 02:15:00,1.26305,1.26392,1.2627,1.26385,412.2
2010.05.13 02:30:00,1.26382,1.26399,1.26345,1.26389,348.4
2010.05.13 02:45:00,1.26396,1.26465,1.26356,1.26442,468.6
2010.05.13 03:00:00,1.26442,1.26484,1.26388,1.26465,525
2010.05.13 03:15:00,1.26463,1.26471,1.26313,1.26409,523.1
2010.05.13 03:30:00,1.26406,1.26519,1.26325,1.26357,432.3
2010.05.13 03:45:00,1.26361,1.26365,1.26257,1.26343,698.7
2010.05.13 04:00:00,1.26331,1.26413,1.26304,1.26346,518
2010.05.13 04:15:00,1.26348,1.26389,1.26286,1.26362,386.9
2010.05.13 04:30:00,1.26353,1.26432,1.26307,1.26362,375.7
2010.05.13 04:45:00,1.26361,1.26532,1.2634,1.26512,496.2
2010.05.13 05:00:00,1.26507,1.26613,1.26504,1.26538,621.4
2010.05.13 05:15:00,1.26553,1.26592,1.2648,1.26537,440.7
2010.05.13 05:30:00,1.2654,1.26555,1.26471,1.26502,593.2
2010.05.13 05:45:00,1.26494,1.26511,1.26372,1.26484,870.1
2010.05.13 06:00:00,1.2652,1.26578,1.26452,1.26553,1091
2010.05.13 06:15:00,1.26548,1.2659,1.26481,1.26525,801.1
2010.05.13 06:30:00,1.26524,1.2656,1.26452,1.26502,859.5
2010.05.13 06:45:00,1.26495,1.26516,1.26402,1.26475,747.4
2010.05.13 07:00:00,1.26504,1.26509,1.26372,1.26415,762
2010.05.13 07:15:00,1.26412,1.26605,1.26394,1.26578,670.9
2010.05.13 07:30:00,1.26583,1.26689,1.26571,1.26658,697.4
2010.05.13 07:45:00,1.26648,1.26673,1.26555,1.26582,680.7
2010.05.13 08:00:00,1.26559,1.26643,1.26544,1.26586,463.2
2010.05.13 08:15:00,1.26593,1.26602,1.26524,1.2657,611.6
2010.05.13 08:30:00,1.26555,1.26696,1.26519,1.26682,594.9
2010.05.13 08:45:00,1.26688,1.26725,1.26551,1.26701,654.8
2010.05.13 09:00:00,1.26691,1.26825,1.26657,1.2677,816.5
2010.05.13 09:15:00,1.26798,1.26815,1.26557,1.26598,718.3
2010.05.13 09:30:00,1.26606,1.26705,1.26561,1.26615,1005.7
2010.05.13 09:45:00,1.26621,1.26734,1.26585,1.26717,775.1
2010.05.13 10:00:00,1.26722,1.26841,1.26614,1.26741,1037.4
2010.05.13 10:15:00,1.26731,1.26817,1.267,1.26754,946.8
2010.05.13 10:30:00,1.26754,1.26803,1.26404,1.26447,1012.9
2010.05.13 10:45:00,1.26456,1.2652,1.26315,1.26471,1141.4
2010.05.13 11:00:00,1.26467,1.26555,1.26371,1.26493,1373.5
2010.05.13 11:15:00,1.26499,1.26517,1.26244,1.26274,1009
2010.05.13 11:30:00,1.26265,1.26289,1.25839,1.25925,1136.7
2010.05.13 11:45:00,1.25905,1.25986,1.25707,1.25817,1134.6
2010.05.13 12:00:00,1.25793,1.25914,1.25587,1.25814,1098.4
2010.05.13 12:15:00,1.25816,1.25902,1.25683,1.25802,1384.6
2010.05.13 12:30:00,1.25807,1.25905,1.25607,1.25887,1221
2010.05.13 12:45:00,1.25882,1.25943,1.25783,1.25882,1455.7
2010.05.13 13:00:00,1.25875,1.25958,1.25842,1.25899,1196.7
2010.05.13 13:15:00,1.25876,1.26079,1.25851,1.25916,1820.6
2010.05.13 13:30:00,1.25892,1.25945,1.25707,1.25799,991.2
2010.05.13 13:45:00,1.25808,1.25934,1.25774,1.2585,1056.4
2010.05.13 14:00:00,1.25846,1.25992,1.25805,1.25944,993.1
2010.05.13 14:15:00,1.25948,1.2606,1.25902,1.26011,765.9
2010.05.13 14:30:00,1.26011,1.26107,1.25935,1.25983,919.3
2010.05.13 14:45:00,1.25984,1.26023,1.25866,1.25949,851.9
2010.05.13 15:00:00,1.25948,1.26057,1.25825,1.25847,798.1
2010.05.13 15:15:00,1.25847,1.25884,1.25762,1.25845,812.3
2010.05.13 15:30:00,1.2583,1.25844,1.25511,1.2553,921
2010.05.13 15:45:00,1.25536,1.25737,1.25519,1.25588,1103
2010.05.13 16:00:00,1.25573,1.25678,1.254,1.25535,922.5
2010.05.13 16:15:00,1.25549,1.25673,1.25507,1.25576,852.3
2010.05.13 16:30:00,1.25561,1.25641,1.25383,1.25628,901.1
2010.05.13 16:45:00,1.25619,1.25733,1.25473,1.25485,1047.4
2010.05.13 17:00:00,1.25489,1.25649,1.25443,1.25511,1037.3
2010.05.13 17:15:00,1.25539,1.25646,1.25508,1.25591,989.1
2010.05.13 17:30:00,1.25581,1.25847,1.25546,1.25755,994.9
2010.05.13 17:45:00,1.25771,1.25803,1.25633,1.25653,1089.8
2010.05.13 18:00:00,1.25663,1.25842,1.25612,1.25763,1031.4
2010.05.13 18:15:00,1.2576,1.25923,1.25666,1.25794,1248
2010.05.13 18:30:00,1.25796,1.25845,1.25516,1.25642,993.6
2010.05.13 18:45:00,1.25642,1.25705,1.25496,1.25669,1043.5
2010.05.13 19:00:00,1.25653,1.25704,1.25566,1.25654,979.8
2010.05.13 19:15:00,1.25648,1.25777,1.25634,1.25765,990.9
2010.05.13 19:30:00,1.25753,1.25838,1.25696,1.25793,1028.2
2010.05.13 19:45:00,1.25792,1.25827,1.25723,1.25807,1201.7
2010.05.13 20:00:00,1.25779,1.25841,1.25651,1.25824,755.2
2010.05.13 20:15:00,1.25826,1.25906,1.25792,1.25864,956.9
2010.05.13 20:30:00,1.25849,1.25972,1.25796,1.25858,912.8
2010.05.13 20:45:00,1.25855,1.25886,1.25793,1.25829,970.2
2010.05.13 21:00:00,1.25833,1.25921,1.25794,1.25857,831.3
2010.05.13 21:15:00,1.25878,1.25895,1.25702,1.25706,790.8
2010.05.13 21:30:00,1.25726,1.25777,1.25623,1.25668,698.1
2010.05.13 21:45:00,1.25651,1.25674,1.25524,1.25628,783.2
2010.05.13 22:00:00,1.25632,1.25682,1.255,1.25528,693.9
2010.05.13 22:15:00,1.25545,1.25587,1.25437,1.25479,764.4
2010.05.13 22:30:00,1.25466,1.25525,1.25334,1.25391,837.3
2010.05.13 22:45:00,1.25402,1.25484,1.25275,1.25315,880.8
2010.05.13 23:00:00,1.25315,1.25387,1.25265,1.25326,1154.8
2010.05.13 23:15:00,1.25338,1.25353,1.25234,1.25257,1171.2
2010.05.13 23:30:00,1.25306,1.25327,1.25158,1.25234,722.1
2010.05.13 23:45:00,1.25236,1.25383,1.25181,1.25342,937.6
2010.05.14 00:00:00,1.25328,1.254,1.25273,1.25286,806.5
2010.05.14 00:15:00,1.25297,1.25307,1.25157,1.25203,723.2
2010.05.14 00:30:00,1.25175,1.2523,1.25143,1.2519,888.8
2010.05.14 00:45:00,1.25203,1.25256,1.25182,1.25225,1153.3
2010.05.14 01:00:00,1.25219,1.25316,1.25202,1.25293,391.9
2010.05.14 01:15:00,1.2528,1.25358,1.25251,1.25302,414
2010.05.14 01:30:00,1.25277,1.2538,1.25268,1.25361,328.8
2010.05.14 01:45:00,1.25341,1.25391,1.2532,1.2537,424.9
2010.05.14 02:00:00,1.25379,1.25389,1.25282,1.25302,321.1
2010.05.14 02:15:00,1.25311,1.25396,1.25264,1.25394,448.7
2010.05.14 02:30:00,1.25355,1.25408,1.25318,1.25335,366.6
2010.05.14 02:45:00,1.25327,1.2535,1.25239,1.25296,379.2
2010.05.14 03:00:00,1.25286,1.25445,1.25218,1.25286,567.4
2010.05.14 03:15:00,1.25298,1.25338,1.25187,1.25216,504
2010.05.14 03:30:00,1.25205,1.2531,1.25157,1.25279,502.3
2010.05.14 03:45:00,1.25274,1.25364,1.25208,1.25255,688.3
2010.05.14 04:00:00,1.25233,1.25304,1.25178,1.25248,606.8
2010.05.14 04:15:00,1.25251,1.25285,1.25201,1.25257,404.2
2010.05.14 04:30:00,1.25273,1.25397,1.25231,1.25364,428.8
2010.05.14 04:45:00,1.25367,1.25405,1.25335,1.25375,532.7
2010.05.14 05:00:00,1.25362,1.25476,1.25339,1.25457,614.7
2010.05.14 05:15:00,1.25499,1.25499,1.25366,1.25404,505.1
2010.05.14 05:30:00,1.25393,1.25471,1.25288,1.25315,489.2
2010.05.14 05:45:00,1.25319,1.25345,1.25239,1.25288,956.8
2010.05.14 06:00:00,1.25302,1.25378,1.25253,1.25306,1078.9
2010.05.14 06:15:00,1.2531,1.25367,1.2528,1.25317,802.1
2010.05.14 06:30:00,1.25314,1.25406,1.25271,1.25382,911.9
2010.05.14 06:45:00,1.25387,1.25407,1.25305,1.25355,667.7
2010.05.14 07:00:00,1.25342,1.25434,1.25328,1.25416,744.3
2010.05.14 07:15:00,1.25425,1.25478,1.25357,1.25416,601.4
2010.05.14 07:30:00,1.2543,1.25485,1.25371,1.25457,647.6
2010.05.14 07:45:00,1.2546,1.25468,1.25361,1.25405,587.2
2010.05.14 08:00:00,1.25404,1.25496,1.25385,1.25484,534.6
2010.05.14 08:15:00,1.25491,1.25585,1.25447,1.25553,672.4
2010.05.14 08:30:00,1.25548,1.25603,1.25434,1.25444,653.8
2010.05.14 08:45:00,1.25439,1.25441,1.25167,1.25298,670.2
2010.05.14 09:00:00,1.2529,1.25633,1.25213,1.25583,766.1
2010.05.14 09:15:00,1.25558,1.25592,1.25364,1.25422,779.5
2010.05.14 09:30:00,1.25416,1.25714,1.25384,1.25637,1073.7
2010.05.14 09:45:00,1.25636,1.25743,1.25586,1.2568,663
2010.05.14 10:00:00,1.25671,1.25764,1.25403,1.25514,996
2010.05.14 10:15:00,1.25524,1.25543,1.25372,1.25396,875
2010.05.14 10:30:00,1.25393,1.25428,1.25263,1.25362,986.6
2010.05.14 10:45:00,1.25358,1.25373,1.25166,1.25223,1174.2
2010.05.14 11:00:00,1.25224,1.25249,1.24998,1.25125,1359.2
2010.05.14 11:15:00,1.25126,1.25167,1.24918,1.251,1137.5
2010.05.14 11:30:00,1.25102,1.25295,1.25045,1.25102,1129.6
2010.05.14 11:45:00,1.25095,1.25223,1.24787,1.24833,1305.1
2010.05.14 12:00:00,1.24856,1.24936,1.2469,1.24828,1112.9
2010.05.14 12:15:00,1.24812,1.24831,1.24606,1.24722,1350.4
2010.05.14 12:30:00,1.24714,1.24776,1.24444,1.24482,1324.9
2010.05.14 12:45:00,1.24494,1.24606,1.24304,1.24412,1461.9
2010.05.14 13:00:00,1.24419,1.24561,1.2436,1.24482,1190.5
2010.05.14 13:15:00,1.24477,1.24676,1.24443,1.24661,1655.1
2010.05.14 13:30:00,1.24663,1.24709,1.24495,1.24644,1066.7
2010.05.14 13:45:00,1.24636,1.24723,1.24447,1.24645,1141.7
2010.05.14 14:00:00,1.24628,1.2481,1.24606,1.24722,1042.3
2010.05.14 14:15:00,1.24726,1.24815,1.24634,1.24663,833.4
2010.05.14 14:30:00,1.24646,1.24837,1.24643,1.2478,853.8
2010.05.14 14:45:00,1.24781,1.24885,1.24718,1.24794,769
2010.05.14 15:00:00,1.24782,1.25001,1.24708,1.24893,670.7
2010.05.14 15:15:00,1.249,1.24991,1.24832,1.24887,749.7
2010.05.14 15:30:00,1.24905,1.25162,1.24731,1.25152,875.2
2010.05.14 15:45:00,1.25146,1.25341,1.25093,1.25196,1175.1
2010.05.14 16:00:00,1.25162,1.25204,1.24816,1.24855,971.2
2010.05.14 16:15:00,1.2487,1.25121,1.24824,1.24976,738.6
2010.05.14 16:30:00,1.24979,1.25016,1.24443,1.2458,980.7
2010.05.14 16:45:00,1.24576,1.24625,1.24366,1.2444,1147.6
2010.05.14 17:00:00,1.2444,1.24533,1.24226,1.24526,1053.7
2010.05.14 17:15:00,1.2453,1.24631,1.24326,1.24401,1110
2010.05.14 17:30:00,1.24399,1.24459,1.24204,1.24283,940
2010.05.14 17:45:00,1.24284,1.24442,1.24205,1.2424,1040.6
2010.05.14 18:00:00,1.24274,1.24281,1.23626,1.2392,993.3
2010.05.14 18:15:00,1.23918,1.23944,1.23574,1.23824,1236.4
2010.05.14 18:30:00,1.23831,1.24002,1.23744,1.23881,1150.3
2010.05.14 18:45:00,1.23889,1.2391,1.23723,1.23896,1091.5
2010.05.14 19:00:00,1.23902,1.23962,1.23626,1.23656,983.6
2010.05.14 19:15:00,1.23673,1.23935,1.23637,1.23897,1018.7
2010.05.14 19:30:00,1.23905,1.24162,1.23842,1.24065,928.7
2010.05.14 19:45:00,1.24061,1.24306,1.24004,1.24287,1272.2
2010.05.14 20:00:00,1.24272,1.24389,1.24096,1.24132,724.4
2010.05.14 20:15:00,1.24113,1.24141,1.23876,1.23915,1018.5
2010.05.14 20:30:00,1.23912,1.23941,1.23825,1.23898,928
2010.05.14 20:45:00,1.23891,1.24053,1.23852,1.23955,905.3
2010.05.14 21:00:00,1.23946,1.24039,1.23816,1.23921,842.8
2010.05.14 21:15:00,1.23927,1.24004,1.23838,1.23957,782.6
2010.05.14 21:30:00,1.23956,1.24043,1.239,1.2398,696.2
2010.05.14 21:45:00,1.23974,1.2401,1.23818,1.23844,804
2010.05.14 22:00:00,1.23841,1.23969,1.23816,1.23868,585.7
2010.05.14 22:15:00,1.23867,1.23888,1.23698,1.23798,778.3
2010.05.14 22:30:00,1.23801,1.23858,1.23697,1.23848,821.1
2010.05.14 22:45:00,1.23841,1.23966,1.23722,1.23804,880.8
2010.05.14 23:00:00,1.23803,1.23856,1.23593,1.23658,1133.8
2010.05.14 23:15:00,1.23673,1.23684,1.23532,1.23596,1145.6
2010.05.14 23:30:00,1.23572,1.23678,1.23559,1.23639,728
2010.05.14 23:45:00,1.23639,1.23704,1.23564,1.23595,978.2
2010.05.17 00:00:00,1.23549,1.23575,1.2338,1.23538,887.9
2010.05.17 00:15:00,1.23546,1.23704,1.23534,1.23573,719.9
2010.05.17 00:30:00,1.2357,1.23603,1.23504,1.23527,1018
2010.05.17 00:45:00,1.23516,1.2355,1.23431,1.23505,1064.9
2010.05.17 01:00:00,1.23477,1.23697,1.23442,1.23691,353.1
2010.05.17 01:15:00,1.23693,1.23713,1.23603,1.23624,411.9
2010.05.17 01:30:00,1.23627,1.237,1.2361,1.23674,373.4
2010.05.17 01:45:00,1.23663,1.23718,1.23622,1.23697,415.6
2010.05.17 02:00:00,1.23709,1.23718,1.23602,1.23622,353.9
2010.05.17 02:15:00,1.23614,1.23684,1.23592,1.23659,395.8
2010.05.17 02:30:00,1.23667,1.23678,1.23564,1.23629,377.8
2010.05.17 02:45:00,1.23626,1.23674,1.23532,1.23561,325.8
2010.05.17 03:00:00,1.23555,1.23649,1.23544,1.23578,558.9
2010.05.17 03:15:00,1.23566,1.23569,1.23329,1.23419,530
2010.05.17 03:30:00,1.23391,1.23557,1.2332,1.23373,508.3
2010.05.17 03:45:00,1.23383,1.23492,1.23332,1.23467,672.1
2010.05.17 04:00:00,1.23459,1.23631,1.23438,1.23567,599.8
2010.05.17 04:15:00,1.23563,1.23598,1.23445,1.23446,463.4
2010.05.17 04:30:00,1.23441,1.23539,1.23339,1.23426,450.7
2010.05.17 04:45:00,1.23428,1.23519,1.2338,1.23447,546.8
2010.05.17 05:00:00,1.23427,1.23445,1.23036,1.23056,693.4
2010.05.17 05:15:00,1.23073,1.23086,1.2241,1.22626,498.7
2010.05.17 05:30:00,1.22607,1.22775,1.22383,1.22653,589.3
2010.05.17 05:45:00,1.22645,1.22802,1.22583,1.227,878.1
2010.05.17 06:00:00,1.2268,1.22791,1.22571,1.22703,917.4
2010.05.17 06:15:00,1.22714,1.22912,1.22641,1.22767,758.2
2010.05.17 06:30:00,1.22763,1.22873,1.22642,1.22663,980.8
2010.05.17 06:45:00,1.22667,1.22713,1.22511,1.22666,735.3
2010.05.17 07:00:00,1.22664,1.22803,1.2263,1.22785,799.6
2010.05.17 07:15:00,1.22788,1.22825,1.22671,1.22789,606.8
2010.05.17 07:30:00,1.22782,1.2287,1.22704,1.2286,640.4
2010.05.17 07:45:00,1.22852,1.2292,1.22793,1.22905,787.8
2010.05.17 08:00:00,1.22914,1.22965,1.22711,1.22752,574.2
2010.05.17 08:15:00,1.22746,1.22768,1.22603,1.22729,624
2010.05.17 08:30:00,1.22713,1.22836,1.22546,1.22615,612.8
2010.05.17 08:45:00,1.22592,1.22755,1.22553,1.22716,718.1
2010.05.17 09:00:00,1.22715,1.22901,1.22674,1.22762,788.9
2010.05.17 09:15:00,1.22777,1.23047,1.22704,1.22865,801.3
2010.05.17 09:30:00,1.22846,1.23098,1.22806,1.22925,890.3
2010.05.17 09:45:00,1.22919,1.23076,1.22881,1.23012,759.3
2010.05.17 10:00:00,1.23025,1.2318,1.22937,1.23147,975.8
2010.05.17 10:15:00,1.23136,1.23218,1.23083,1.23144,950.5
2010.05.17 10:30:00,1.23139,1.23186,1.2284,1.22895,1020.9
2010.05.17 10:45:00,1.22889,1.22915,1.22549,1.22717,1059.2
2010.05.17 11:00:00,1.22699,1.22995,1.22632,1.22945,1330.6
2010.05.17 11:15:00,1.22938,1.23043,1.22899,1.22981,1043.8
2010.05.17 11:30:00,1.22968,1.23025,1.22716,1.22828,1171.1
2010.05.17 11:45:00,1.22839,1.22905,1.22768,1.22839,1340.2
2010.05.17 12:00:00,1.2283,1.231,1.22782,1.22984,1123.4
2010.05.17 12:15:00,1.22973,1.23294,1.2296,1.23192,1329.2
2010.05.17 12:30:00,1.23188,1.23205,1.23028,1.23099,1103.3
2010.05.17 12:45:00,1.23094,1.23146,1.22923,1.22992,1531.7
2010.05.17 13:00:00,1.22984,1.23211,1.22952,1.23122,1227.6
2010.05.17 13:15:00,1.23118,1.23213,1.23024,1.23201,1721.8
2010.05.17 13:30:00,1.23222,1.23293,1.23164,1.23213,1039.3
2010.05.17 13:45:00,1.23225,1.23255,1.23106,1.23109,1133.3
2010.05.17 14:00:00,1.23104,1.233,1.23081,1.23243,981.8
2010.05.17 14:15:00,1.23248,1.23502,1.23204,1.23457,892.6
2010.05.17 14:30:00,1.23452,1.23469,1.23293,1.23382,1033.9
2010.05.17 14:45:00,1.23419,1.23643,1.23386,1.23524,855.7
2010.05.17 15:00:00,1.23531,1.23664,1.23385,1.23497,718.9
2010.05.17 15:15:00,1.23503,1.23509,1.2326,1.23339,733.6
2010.05.17 15:30:00,1.23328,1.23461,1.23258,1.23428,867.6
2010.05.17 15:45:00,1.23419,1.23551,1.23345,1.23397,1283.8
2010.05.17 16:00:00,1.23409,1.23611,1.23374,1.23549,974.7
2010.05.17 16:15:00,1.23559,1.23957,1.23506,1.23774,835.7
2010.05.17 16:30:00,1.23772,1.24142,1.23687,1.23882,1010.3
2010.05.17 16:45:00,1.2387,1.23936,1.23619,1.23675,1128.9
2010.05.17 17:00:00,1.23663,1.23813,1.23596,1.23761,1105.1
2010.05.17 17:15:00,1.23754,1.23872,1.23545,1.23727,1036.5
2010.05.17 17:30:00,1.23724,1.23745,1.23344,1.23357,974.1
2010.05.17 17:45:00,1.23361,1.23514,1.23315,1.23334,992.3
2010.05.17 18:00:00,1.23343,1.23465,1.23271,1.23297,1047.2
2010.05.17 18:15:00,1.23278,1.23326,1.2304,1.23163,1123.7
2010.05.17 18:30:00,1.23171,1.23399,1.23123,1.23353,1123.2
2010.05.17 18:45:00,1.23338,1.23372,1.22946,1.2298,976.3
2010.05.17 19:00:00,1.22981,1.23164,1.22805,1.23092,1060.6
2010.05.17 19:15:00,1.23092,1.23315,1.22972,1.23188,939.5
2010.05.17 19:30:00,1.23183,1.233,1.23099,1.23174,974.5
2010.05.17 19:45:00,1.23177,1.23317,1.23122,1.23205,1249
2010.05.17 20:00:00,1.23211,1.23302,1.23155,1.23229,784.6
2010.05.17 20:15:00,1.23208,1.23462,1.23198,1.23374,1078.8
2010.05.17 20:30:00,1.23368,1.23579,1.23348,1.2344,893.4
2010.05.17 20:45:00,1.23424,1.23585,1.23347,1.23561,826.9
2010.05.17 21:00:00,1.2356,1.23683,1.23509,1.23657,848.8
2010.05.17 21:15:00,1.23674,1.23796,1.23534,1.23576,765.2
2010.05.17 21:30:00,1.23568,1.23743,1.23405,1.23718,748.7
2010.05.17 21:45:00,1.23731,1.23962,1.23684,1.23847,846.1
2010.05.17 22:00:00,1.23845,1.23993,1.23787,1.23802,653.5
2010.05.17 22:15:00,1.23786,1.2384,1.23668,1.23813,803.5
2010.05.17 22:30:00,1.2381,1.23998,1.23779,1.23916,896.7
2010.05.17 22:45:00,1.23914,1.23945,1.23785,1.23832,864.6
2010.05.17 23:00:00,1.23839,1.23931,1.23775,1.23906,1088.9
2010.05.17 23:15:00,1.239,1.23959,1.23875,1.23935,1071.4
2010.05.17 23:30:00,1.23939,1.23999,1.23916,1.23945,690.3
2010.05.17 23:45:00,1.23956,1.23986,1.23885,1.23928,906.2
2010.05.18 00:00:00,1.2394,1.23988,1.23888,1.23952,851.1
2010.05.18 00:15:00,1.23949,1.23971,1.23851,1.23944,713.2
2010.05.18 00:30:00,1.23933,1.23978,1.23894,1.23946,843.5
2010.05.18 00:45:00,1.23956,1.24005,1.23904,1.24002,1056.3
2010.05.18 01:00:00,1.23981,1.23989,1.23845,1.23879,457.5
2010.05.18 01:15:00,1.23893,1.23981,1.23872,1.23938,375.5
2010.05.18 01:30:00,1.23941,1.24002,1.23917,1.23982,371.4
2010.05.18 01:45:00,1.23976,1.24,1.23877,1.23904,388.9
2010.05.18 02:00:00,1.23872,1.23897,1.23785,1.23835,429.1
2010.05.18 02:15:00,1.23842,1.23854,1.23784,1.23845,399.9
2010.05.18 02:30:00,1.23838,1.2388,1.23727,1.2375,394.1
2010.05.18 02:45:00,1.23739,1.23842,1.23725,1.23821,439
2010.05.18 03:00:00,1.23833,1.23855,1.2369,1.23738,649.7
2010.05.18 03:15:00,1.23736,1.23748,1.23465,1.23593,442.1
2010.05.18 03:30:00,1.23588,1.23621,1.23437,1.23475,603.4
2010.05.18 03:45:00,1.23459,1.23513,1.23407,1.23426,647.4
2010.05.18 04:00:00,1.23418,1.23456,1.23232,1.23351,521.9
2010.05.18 04:15:00,1.23355,1.23448,1.23284,1.2336,444.4
2010.05.18 04:30:00,1.23373,1.23529,1.23298,1.23529,469.3
2010.05.18 04:45:00,1.23523,1.23603,1.23463,1.23589,536.3
2010.05.18 05:00:00,1.23606,1.23606,1.23449,1.23506,548.6
2010.05.18 05:15:00,1.23515,1.23551,1.23474,1.23517,577.5
2010.05.18 05:30:00,1.23538,1.23538,1.23374,1.23403,583.9
2010.05.18 05:45:00,1.23391,1.23466,1.23171,1.23215,854.3
2010.05.18 06:00:00,1.23203,1.23325,1.23115,1.23265,1002.1
2010.05.18 06:15:00,1.23264,1.23339,1.23197,1.23316,783
2010.05.18 06:30:00,1.23302,1.23413,1.23262,1.23388,979.2
2010.05.18 06:45:00,1.23389,1.23407,1.23282,1.23341,668.1
2010.05.18 07:00:00,1.23353,1.23423,1.23316,1.23373,666.4
2010.05.18 07:15:00,1.23365,1.23456,1.23287,1.23393,616.4
2010.05.18 07:30:00,1.2339,1.23449,1.23351,1.23356,634.6
2010.05.18 07:45:00,1.23378,1.23428,1.23302,1.23332,650.5
2010.05.18 08:00:00,1.23316,1.23336,1.23154,1.23205,561.2
2010.05.18 08:15:00,1.23198,1.23415,1.23155,1.23357,630.7
2010.05.18 08:30:00,1.23373,1.23591,1.23345,1.23551,575.5
2010.05.18 08:45:00,1.23563,1.23647,1.23441,1.23643,606.9
2010.05.18 09:00:00,1.23637,1.2373,1.23525,1.2355,723.2
2010.05.18 09:15:00,1.23567,1.23859,1.23523,1.23825,622.5
2010.05.18 09:30:00,1.23823,1.23837,1.23621,1.23791,1014.9
2010.05.18 09:45:00,1.23792,1.23939,1.23691,1.23854,758.9
2010.05.18 10:00:00,1.23835,1.23934,1.23701,1.23915,924.2
2010.05.18 10:15:00,1.23905,1.24205,1.2386,1.24139,1034.7
2010.05.18 10:30:00,1.24136,1.24174,1.23804,1.23884,958.1
2010.05.18 10:45:00,1.23865,1.23976,1.23648,1.23848,1217
2010.05.18 11:00:00,1.23853,1.24143,1.23824,1.24059,1339
2010.05.18 11:15:00,1.24053,1.24308,1.23947,1.24244,1007.5
2010.05.18 11:30:00,1.24244,1.24337,1.2402,1.24109,1193.7
2010.05.18 11:45:00,1.24104,1.24247,1.23789,1.23814,1223.2
2010.05.18 12:00:00,1.23821,1.24236,1.23786,1.23964,1060.4
2010.05.18 12:15:00,1.23965,1.24139,1.23743,1.23756,1364.9
2010.05.18 12:30:00,1.23741,1.23968,1.23649,1.23806,1239.7
2010.05.18 12:45:00,1.23824,1.24105,1.23774,1.24101,1522.2
2010.05.18 13:00:00,1.24075,1.24147,1.2398,1.24033,1100.9
2010.05.18 13:15:00,1.24024,1.24278,1.23976,1.24254,1787.3
2010.05.18 13:30:00,1.24268,1.24291,1.24113,1.24222,1116.5
2010.05.18 13:45:00,1.24228,1.24245,1.23983,1.24044,1053.3
2010.05.18 14:00:00,1.24043,1.24232,1.24002,1.24177,1075.3
2010.05.18 14:15:00,1.24183,1.24223,1.24057,1.24094,708.4
2010.05.18 14:30:00,1.24084,1.24259,1.24044,1.24214,857.3
2010.05.18 14:45:00,1.24231,1.24442,1.24205,1.24259,767.9
2010.05.18 15:00:00,1.24252,1.24342,1.24208,1.24278,846.1
2010.05.18 15:15:00,1.24268,1.24286,1.24037,1.24152,863.4
2010.05.18 15:30:00,1.24135,1.24195,1.23963,1.24175,882.6
2010.05.18 15:45:00,1.24174,1.24267,1.24077,1.24124,1085.1
2010.05.18 16:00:00,1.24116,1.24205,1.23998,1.24192,977.3
2010.05.18 16:15:00,1.24179,1.24333,1.24082,1.24314,789.1
2010.05.18 16:30:00,1.24314,1.24365,1.24114,1.24178,894.8
2010.05.18 16:45:00,1.24164,1.24323,1.24116,1.24157,1055.1
2010.05.18 17:00:00,1.24142,1.24185,1.23807,1.23975,1117.1
2010.05.18 17:15:00,1.23968,1.24103,1.23902,1.23994,977
2010.05.18 17:30:00,1.23973,1.24042,1.23817,1.23856,992
2010.05.18 17:45:00,1.23842,1.23866,1.23603,1.23746,1053.5
2010.05.18 18:00:00,1.23743,1.23799,1.23545,1.23685,1048.3
2010.05.18 18:15:00,1.2368,1.23746,1.23521,1.2373,1101.6
2010.05.18 18:30:00,1.23734,1.23822,1.23577,1.23604,1153.2
2010.05.18 18:45:00,1.23605,1.23643,1.23473,1.23572,1100
2010.05.18 19:00:00,1.23576,1.23725,1.23424,1.23617,1102.8
2010.05.18 19:15:00,1.23622,1.2371,1.23526,1.23664,892.8
2010.05.18 19:30:00,1.23652,1.23724,1.2356,1.23613,1050.3
2010.05.18 19:45:00,1.23615,1.23665,1.23292,1.2335,1288.7
2010.05.18 20:00:00,1.2334,1.23366,1.22933,1.2299,861.6
2010.05.18 20:15:00,1.22963,1.23129,1.22834,1.22986,1004.3
2010.05.18 20:30:00,1.22967,1.23155,1.22675,1.22796,1068.8
2010.05.18 20:45:00,1.22784,1.22893,1.22619,1.22635,873.5
2010.05.18 21:00:00,1.22621,1.22773,1.22534,1.22733,859.6
2010.05.18 21:15:00,1.22728,1.22777,1.22557,1.22699,824
2010.05.18 21:30:00,1.22699,1.2273,1.22477,1.22565,685
2010.05.18 21:45:00,1.22558,1.22625,1.21999,1.2206,854.6
2010.05.18 22:00:00,1.22058,1.22281,1.2165,1.22278,703.4
2010.05.18 22:15:00,1.22262,1.22327,1.21943,1.21987,669.8
2010.05.18 22:30:00,1.21974,1.22163,1.21918,1.22117,817
2010.05.18 22:45:00,1.22099,1.22158,1.22009,1.22086,953.8
2010.05.18 23:00:00,1.2209,1.2213,1.21942,1.22116,1072.7
2010.05.18 23:15:00,1.22108,1.22215,1.22041,1.22145,987.7
2010.05.18 23:30:00,1.22148,1.22178,1.22019,1.22059,617.9
2010.05.18 23:45:00,1.22067,1.22109,1.21969,1.22014,992.3
2010.05.19 00:00:00,1.22014,1.22027,1.21813,1.21868,750.6
2010.05.19 00:15:00,1.21854,1.21891,1.21578,1.2159,659.9
2010.05.19 00:30:00,1.21614,1.21745,1.21587,1.21709,861.1
2010.05.19 00:45:00,1.21705,1.2186,1.21672,1.21723,1059.7
2010.05.19 01:00:00,1.21667,1.21782,1.21631,1.21679,357.8
2010.05.19 01:15:00,1.21678,1.21751,1.21652,1.21716,362.2
2010.05.19 01:30:00,1.21729,1.21812,1.21683,1.21796,366.5
2010.05.19 01:45:00,1.21788,1.21822,1.21705,1.21807,379.6
2010.05.19 02:00:00,1.21822,1.21863,1.21684,1.21755,310.3
2010.05.19 02:15:00,1.2176,1.21909,1.21744,1.21887,360.2
2010.05.19 02:30:00,1.2187,1.21958,1.21847,1.21861,374.9
2010.05.19 02:45:00,1.21859,1.21879,1.21452,1.21465,404.2
2010.05.19 03:00:00,1.21445,1.21779,1.21439,1.21728,523.8
2010.05.19 03:15:00,1.21745,1.21838,1.21677,1.21765,483.9
2010.05.19 03:30:00,1.21766,1.21878,1.21484,1.21527,428.5
2010.05.19 03:45:00,1.21526,1.2169,1.21521,1.2164,657.8
2010.05.19 04:00:00,1.21652,1.21782,1.21503,1.21764,600.8
2010.05.19 04:15:00,1.21748,1.21877,1.21739,1.21848,500.5
2010.05.19 04:30:00,1.21845,1.21925,1.21753,1.21774,459.8
2010.05.19 04:45:00,1.21752,1.21839,1.21656,1.21828,495.1
2010.05.19 05:00:00,1.2182,1.21961,1.21781,1.21816,666.4
2010.05.19 05:15:00,1.21843,1.21927,1.21806,1.21885,491.4
2010.05.19 05:30:00,1.2186,1.21924,1.21814,1.21915,476.1
2010.05.19 05:45:00,1.21912,1.22098,1.21887,1.22025,936.8
2010.05.19 06:00:00,1.22025,1.2213,1.21945,1.22054,980.6
2010.05.19 06:15:00,1.2206,1.22204,1.22038,1.22136,777.9
2010.05.19 06:30:00,1.22126,1.22243,1.2212,1.22148,903.9
2010.05.19 06:45:00,1.22159,1.22175,1.21817,1.21911,689.2
2010.05.19 07:00:00,1.21891,1.22026,1.2183,1.21949,735.8
2010.05.19 07:15:00,1.2194,1.22082,1.21915,1.21963,637.8
2010.05.19 07:30:00,1.21965,1.22039,1.21855,1.22029,571.2
2010.05.19 07:45:00,1.22035,1.22041,1.21875,1.21893,592.4
2010.05.19 08:00:00,1.21899,1.22081,1.21873,1.2206,551.6
2010.05.19 08:15:00,1.2207,1.22207,1.22013,1.22143,696.6
2010.05.19 08:30:00,1.2215,1.22194,1.22061,1.22082,587.5
2010.05.19 08:45:00,1.22096,1.22112,1.21867,1.2193,855.6
2010.05.19 09:00:00,1.21927,1.22012,1.21636,1.21643,812.9
2010.05.19 09:15:00,1.21659,1.21965,1.21607,1.21935,743.9
2010.05.19 09:30:00,1.21938,1.21962,1.21784,1.21902,977.6
2010.05.19 09:45:00,1.21892,1.22176,1.21874,1.22164,645.9
2010.05.19 10:00:00,1.22142,1.2228,1.21496,1.21913,973.2
2010.05.19 10:15:00,1.21938,1.22035,1.21774,1.21992,980
2010.05.19 10:30:00,1.21992,1.22049,1.2187,1.22013,1069.2
2010.05.19 10:45:00,1.22014,1.22153,1.21882,1.21945,1216.3
2010.05.19 11:00:00,1.21951,1.21966,1.21702,1.21734,1381
2010.05.19 11:15:00,1.21731,1.2186,1.21548,1.21702,1046.8
2010.05.19 11:30:00,1.21709,1.21832,1.21602,1.21638,1114.3
2010.05.19 11:45:00,1.21644,1.21776,1.21571,1.21757,1298.4
2010.05.19 12:00:00,1.2176,1.21967,1.21736,1.21916,1062.5
2010.05.19 12:15:00,1.21918,1.21932,1.21637,1.21702,1404.2
2010.05.19 12:30:00,1.21715,1.21899,1.21697,1.21842,1202.2
2010.05.19 12:45:00,1.21833,1.21928,1.21771,1.21812,1413.8
2010.05.19 13:00:00,1.21793,1.21976,1.21779,1.21894,1115.7
2010.05.19 13:15:00,1.21886,1.21936,1.21643,1.21702,1726.8
2010.05.19 13:30:00,1.21706,1.21922,1.21654,1.21849,1018.8
2010.05.19 13:45:00,1.21859,1.21904,1.21762,1.21814,1153.1
2010.05.19 14:00:00,1.21803,1.22142,1.21788,1.22043,1068.5
2010.05.19 14:15:00,1.22045,1.22125,1.2187,1.22112,797.9
2010.05.19 14:30:00,1.22094,1.22125,1.21888,1.22034,933.3
2010.05.19 14:45:00,1.22028,1.22157,1.21983,1.22106,903.2
2010.05.19 15:00:00,1.22108,1.22694,1.22076,1.22694,760.9
2010.05.19 15:15:00,1.22708,1.22777,1.22307,1.22372,829.9
2010.05.19 15:30:00,1.2238,1.22701,1.22339,1.22658,953.6
2010.05.19 15:45:00,1.22697,1.23279,1.22568,1.23174,1142
2010.05.19 16:00:00,1.23132,1.23239,1.22853,1.22943,893.5
2010.05.19 16:15:00,1.22939,1.23132,1.22709,1.22784,828.4
2010.05.19 16:30:00,1.22784,1.23092,1.22633,1.23078,934.6
2010.05.19 16:45:00,1.23084,1.23212,1.22956,1.23188,1037
2010.05.19 17:00:00,1.23194,1.23491,1.22948,1.23172,1163.1
2010.05.19 17:15:00,1.23191,1.23413,1.22563,1.23296,1011.4
2010.05.19 17:30:00,1.23314,1.2366,1.23199,1.23414,857.1
2010.05.19 17:45:00,1.2343,1.23587,1.23207,1.23361,1130.5
2010.05.19 18:00:00,1.23376,1.23415,1.23188,1.23336,1065.9
2010.05.19 18:15:00,1.2334,1.23507,1.23018,1.2319,1207.4
2010.05.19 18:30:00,1.23186,1.23285,1.23032,1.23123,1096.4
2010.05.19 18:45:00,1.23131,1.23189,1.22874,1.23156,1060.1
2010.05.19 19:00:00,1.23156,1.23256,1.23039,1.23201,1073.1
2010.05.19 19:15:00,1.23211,1.23408,1.23036,1.23318,1030
2010.05.19 19:30:00,1.23283,1.23423,1.23184,1.23299,1063.2
2010.05.19 19:45:00,1.23314,1.23425,1.23151,1.23399,1192.5
2010.05.19 20:00:00,1.23405,1.23475,1.23294,1.23452,838.2
2010.05.19 20:15:00,1.2344,1.23455,1.23313,1.23379,955.1
2010.05.19 20:30:00,1.2337,1.23572,1.23284,1.23558,895.7
2010.05.19 20:45:00,1.23572,1.23966,1.23491,1.23806,861.5
2010.05.19 21:00:00,1.23806,1.23986,1.23747,1.238,839.6
2010.05.19 21:15:00,1.23792,1.23904,1.2363,1.23759,828.3
2010.05.19 21:30:00,1.23767,1.23985,1.23665,1.23933,678.4
2010.05.19 21:45:00,1.23926,1.23984,1.23701,1.23734,753.3
2010.05.19 22:00:00,1.23741,1.23867,1.23604,1.23682,616
2010.05.19 22:15:00,1.23682,1.23903,1.23659,1.23832,759.8
2010.05.19 22:30:00,1.23812,1.23883,1.23703,1.23833,773.1
2010.05.19 22:45:00,1.23844,1.23984,1.23778,1.23848,915
2010.05.19 23:00:00,1.23848,1.23965,1.23808,1.23906,1061.4
2010.05.19 23:15:00,1.239,1.23935,1.23835,1.23898,1041.9
2010.05.19 23:30:00,1.2391,1.24174,1.23854,1.24165,776.6
2010.05.19 23:45:00,1.24168,1.24246,1.24074,1.24136,943.4
2010.05.20 00:00:00,1.24134,1.24316,1.24133,1.24269,889.8
2010.05.20 00:15:00,1.24253,1.24314,1.24138,1.24151,779.1
2010.05.20 00:30:00,1.24177,1.24307,1.24129,1.24287,866.1
2010.05.20 00:45:00,1.24299,1.24309,1.24204,1.24225,1119.1
2010.05.20 01:00:00,1.24202,1.24226,1.24015,1.24041,379
2010.05.20 01:15:00,1.2404,1.24097,1.2399,1.24063,451.7
2010.05.20 01:30:00,1.24054,1.24105,1.23951,1.23966,398.6
2010.05.20 01:45:00,1.23978,1.23989,1.23851,1.23851,413.7
2010.05.20 02:00:00,1.23879,1.23973,1.2385,1.23915,352.6
2010.05.20 02:15:00,1.239,1.23926,1.23823,1.23857,486.5
2010.05.20 02:30:00,1.23848,1.2392,1.238,1.23828,384.7
2010.05.20 02:45:00,1.23817,1.23868,1.23741,1.23847,383.3
2010.05.20 03:00:00,1.23847,1.23853,1.23633,1.23673,550.2
2010.05.20 03:15:00,1.2367,1.23716,1.23556,1.23656,550.2
2010.05.20 03:30:00,1.23653,1.23726,1.23497,1.23535,486.5
2010.05.20 03:45:00,1.23538,1.23563,1.23423,1.23541,713.5
2010.05.20 04:00:00,1.23537,1.23584,1.2337,1.23471,606.6
2010.05.20 04:15:00,1.23428,1.23464,1.23279,1.23356,433.4
2010.05.20 04:30:00,1.23341,1.23426,1.23311,1.23411,458.9
2010.05.20 04:45:00,1.23406,1.23466,1.23215,1.23267,528.9
2010.05.20 05:00:00,1.23292,1.23365,1.23242,1.23332,618.2
2010.05.20 05:15:00,1.23336,1.23509,1.2329,1.23509,523.2
2010.05.20 05:30:00,1.23498,1.23514,1.23424,1.23511,546.9
2010.05.20 05:45:00,1.23503,1.2355,1.23399,1.23537,1034
2010.05.20 06:00:00,1.23553,1.23598,1.2346,1.23555,982.6
2010.05.20 06:15:00,1.23576,1.23604,1.23472,1.23569,796.3
2010.05.20 06:30:00,1.23561,1.23678,1.23532,1.23598,976.7
2010.05.20 06:45:00,1.23606,1.23628,1.23463,1.23626,664.6
2010.05.20 07:00:00,1.236,1.23619,1.23508,1.23572,703.9
2010.05.20 07:15:00,1.23575,1.23623,1.23516,1.23582,646.8
2010.05.20 07:30:00,1.2359,1.23708,1.23561,1.23639,647.9
2010.05.20 07:45:00,1.23622,1.23668,1.23497,1.23527,703.4
2010.05.20 08:00:00,1.23516,1.23543,1.23357,1.23479,570.5
2010.05.20 08:15:00,1.23501,1.23637,1.23477,1.23525,723.7
2010.05.20 08:30:00,1.23541,1.23636,1.2323,1.2341,611.7
2010.05.20 08:45:00,1.23421,1.23517,1.23339,1.23419,697.7
2010.05.20 09:00:00,1.23424,1.23535,1.23347,1.23371,765.8
2010.05.20 09:15:00,1.23365,1.23497,1.23265,1.23425,764.5
2010.05.20 09:30:00,1.23429,1.23739,1.23362,1.237,1014.3
2010.05.20 09:45:00,1.23703,1.24381,1.23666,1.24169,734.5
2010.05.20 10:00:00,1.24203,1.2433,1.24018,1.2403,976.4
2010.05.20 10:15:00,1.24024,1.24038,1.23719,1.24031,1004.7
2010.05.20 10:30:00,1.24032,1.2424,1.24007,1.24152,1070.4
2010.05.20 10:45:00,1.24138,1.2434,1.24101,1.24205,1051
2010.05.20 11:00:00,1.24183,1.24213,1.24006,1.24044,1346.8
2010.05.20 11:15:00,1.24044,1.24052,1.23702,1.23758,1045.5
2010.05.20 11:30:00,1.23762,1.24033,1.2358,1.23989,1128.3
2010.05.20 11:45:00,1.24022,1.24202,1.23929,1.24003,1237.4
2010.05.20 12:00:00,1.24003,1.24083,1.23761,1.23775,1203.1
2010.05.20 12:15:00,1.23793,1.23911,1.23626,1.23794,1305.2
2010.05.20 12:30:00,1.2379,1.23968,1.23754,1.2388,1081.6
2010.05.20 12:45:00,1.23887,1.23935,1.23602,1.23606,1516.8
2010.05.20 13:00:00,1.23622,1.23666,1.2344,1.23545,1199.4
2010.05.20 13:15:00,1.23545,1.23648,1.2347,1.23516,1722.6
2010.05.20 13:30:00,1.23527,1.23563,1.23136,1.23242,1032.4
2010.05.20 13:45:00,1.23238,1.23375,1.23186,1.23334,1107.6
2010.05.20 14:00:00,1.23348,1.23494,1.2331,1.23333,993
2010.05.20 14:15:00,1.23336,1.23517,1.2307,1.23214,897.6
2010.05.20 14:30:00,1.23234,1.23415,1.23113,1.23385,953.6
2010.05.20 14:45:00,1.23414,1.23546,1.23223,1.23517,807.8
2010.05.20 15:00:00,1.23507,1.23535,1.23321,1.23342,691.2
2010.05.20 15:15:00,1.23325,1.2339,1.23195,1.23245,749.8
2010.05.20 15:30:00,1.23229,1.23506,1.23105,1.23462,819.2
2010.05.20 15:45:00,1.23474,1.23745,1.23372,1.23565,980.3
2010.05.20 16:00:00,1.23566,1.23895,1.23529,1.23843,991.4
2010.05.20 16:15:00,1.23829,1.23863,1.23527,1.23534,726.4
2010.05.20 16:30:00,1.23529,1.2375,1.23355,1.23382,931.7
2010.05.20 16:45:00,1.23384,1.23586,1.23357,1.23417,1098.9
2010.05.20 17:00:00,1.2342,1.2365,1.2324,1.23257,1072.2
2010.05.20 17:15:00,1.23261,1.23414,1.22961,1.23212,1037.2
2010.05.20 17:30:00,1.23244,1.23498,1.23157,1.23331,958.5
2010.05.20 17:45:00,1.23342,1.23405,1.23154,1.23324,1082.3
2010.05.20 18:00:00,1.23331,1.23734,1.23308,1.23548,972
2010.05.20 18:15:00,1.23546,1.23752,1.23435,1.23734,1134.8
2010.05.20 18:30:00,1.23747,1.23888,1.23648,1.23728,1148.5
2010.05.20 18:45:00,1.23731,1.2383,1.23643,1.23692,1023.9
2010.05.20 19:00:00,1.23681,1.23762,1.23606,1.23618,1176.1
2010.05.20 19:15:00,1.2361,1.23665,1.23479,1.236,993.1
2010.05.20 19:30:00,1.23598,1.23666,1.23496,1.23511,963.1
2010.05.20 19:45:00,1.23505,1.23557,1.23356,1.23402,1338.5
2010.05.20 20:00:00,1.23402,1.23945,1.23388,1.23873,810.2
2010.05.20 20:15:00,1.23876,1.2496,1.23871,1.24579,1008.2
2010.05.20 20:30:00,1.246,1.25091,1.24553,1.24883,965.1
2010.05.20 20:45:00,1.24891,1.25046,1.24763,1.24935,838.9
2010.05.20 21:00:00,1.24952,1.25208,1.24783,1.25186,895.8
2010.05.20 21:15:00,1.25201,1.25503,1.25014,1.25457,717.5
2010.05.20 21:30:00,1.25428,1.2593,1.25381,1.25725,639.7
2010.05.20 21:45:00,1.25691,1.25983,1.25631,1.25646,799
2010.05.20 22:00:00,1.25635,1.2585,1.25387,1.25416,619.2
2010.05.20 22:15:00,1.25424,1.25603,1.25368,1.25464,745.2
2010.05.20 22:30:00,1.25472,1.25543,1.25126,1.25195,842.9
2010.05.20 22:45:00,1.25215,1.25299,1.24997,1.25101,863
2010.05.20 23:00:00,1.25111,1.25176,1.24835,1.24845,1165.2
2010.05.20 23:15:00,1.24851,1.2502,1.24785,1.24874,1009.7
2010.05.20 23:30:00,1.24855,1.24946,1.24808,1.2483,660.7
2010.05.20 23:45:00,1.24812,1.25025,1.24812,1.24878,802.8
2010.05.21 00:00:00,1.24854,1.24904,1.24582,1.24635,845.3
2010.05.21 00:15:00,1.24675,1.24778,1.24564,1.24621,707.1
2010.05.21 00:30:00,1.24617,1.24708,1.24562,1.24563,852.4
2010.05.21 00:45:00,1.24591,1.24755,1.24559,1.24682,1019.7
2010.05.21 01:00:00,1.24694,1.24833,1.24636,1.24778,383.8
2010.05.21 01:15:00,1.24751,1.2489,1.24747,1.24826,448.3
2010.05.21 01:30:00,1.24836,1.24869,1.24678,1.24735,344.2
2010.05.21 01:45:00,1.2473,1.24847,1.2466,1.24843,447.7
2010.05.21 02:00:00,1.24819,1.24961,1.2476,1.2491,369.5
2010.05.21 02:15:00,1.24913,1.2526,1.24841,1.2526,426.5
2010.05.21 02:30:00,1.2524,1.25327,1.25128,1.25327,420.2
2010.05.21 02:45:00,1.25324,1.25416,1.25222,1.25383,347.3
2010.05.21 03:00:00,1.25395,1.25403,1.25132,1.25218,507
2010.05.21 03:15:00,1.25226,1.25309,1.25116,1.25134,509.4
2010.05.21 03:30:00,1.2514,1.25189,1.25018,1.2508,554.2
2010.05.21 03:45:00,1.25044,1.25348,1.24998,1.25226,665.3
2010.05.21 04:00:00,1.25266,1.25441,1.25238,1.25363,509.1
2010.05.21 04:15:00,1.25383,1.25427,1.25296,1.25352,501
2010.05.21 04:30:00,1.25346,1.25513,1.25343,1.25502,363.2
2010.05.21 04:45:00,1.25527,1.25743,1.25509,1.25668,501.5
2010.05.21 05:00:00,1.25668,1.25851,1.2558,1.25751,720.5
2010.05.21 05:15:00,1.25792,1.25792,1.2561,1.25698,469.6
2010.05.21 05:30:00,1.2569,1.25709,1.25564,1.25618,566
2010.05.21 05:45:00,1.25623,1.25835,1.25592,1.25731,928.1
2010.05.21 06:00:00,1.25725,1.25856,1.25633,1.25821,1006.2
2010.05.21 06:15:00,1.25801,1.25867,1.25764,1.25803,758.1
2010.05.21 06:30:00,1.2577,1.25854,1.2575,1.25813,918.7
2010.05.21 06:45:00,1.25807,1.25985,1.25789,1.25946,689
2010.05.21 07:00:00,1.25949,1.26464,1.25902,1.26398,697.3
2010.05.21 07:15:00,1.26408,1.26711,1.26337,1.26449,626.2
2010.05.21 07:30:00,1.26497,1.26573,1.26315,1.26333,612.6
2010.05.21 07:45:00,1.2634,1.26384,1.26218,1.26275,595.4
2010.05.21 08:00:00,1.26271,1.26304,1.26067,1.26197,557.8
2010.05.21 08:15:00,1.26195,1.26376,1.26177,1.26376,707.6
2010.05.21 08:30:00,1.26334,1.26412,1.26212,1.26244,626.7
2010.05.21 08:45:00,1.26226,1.2624,1.2605,1.26181,694.9
2010.05.21 09:00:00,1.26162,1.26184,1.25707,1.25854,765
2010.05.21 09:15:00,1.25837,1.2589,1.25575,1.25692,751.3
2010.05.21 09:30:00,1.25714,1.25807,1.25492,1.25602,914.6
2010.05.21 09:45:00,1.25598,1.25612,1.25339,1.25513,780.4
2010.05.21 10:00:00,1.25513,1.25734,1.25263,1.25266,1105.7
2010.05.21 10:15:00,1.25274,1.25278,1.24943,1.25095,1005
2010.05.21 10:30:00,1.25116,1.25191,1.24859,1.24908,1151.4
2010.05.21 10:45:00,1.24882,1.25014,1.24741,1.2498,1189.5
2010.05.21 11:00:00,1.24991,1.25183,1.2485,1.24902,1365
2010.05.21 11:15:00,1.2491,1.24953,1.24693,1.24855,994.7
2010.05.21 11:30:00,1.24854,1.25199,1.24787,1.25126,1086.6
2010.05.21 11:45:00,1.25136,1.25178,1.24903,1.25026,1275.3
2010.05.21 12:00:00,1.2501,1.25231,1.24986,1.25126,1090.1
2010.05.21 12:15:00,1.25132,1.25665,1.25101,1.25554,1424
2010.05.21 12:30:00,1.25539,1.25559,1.25221,1.25277,1119.9
2010.05.21 12:45:00,1.25274,1.254,1.25008,1.25112,1399.7
2010.05.21 13:00:00,1.25096,1.25207,1.24984,1.25125,1152.1
2010.05.21 13:15:00,1.25117,1.25406,1.25081,1.25081,1781.8
2010.05.21 13:30:00,1.25115,1.25164,1.24924,1.25052,1027.7
2010.05.21 13:45:00,1.25055,1.25134,1.24915,1.25073,1149.2
2010.05.21 14:00:00,1.25072,1.25147,1.24874,1.24914,1014.2
2010.05.21 14:15:00,1.24904,1.25085,1.2481,1.24992,790.4
2010.05.21 14:30:00,1.24984,1.25224,1.2494,1.25175,941.8
2010.05.21 14:45:00,1.25147,1.25486,1.25092,1.25389,949.9
2010.05.21 15:00:00,1.25378,1.25411,1.24951,1.24957,803
2010.05.21 15:15:00,1.2495,1.25253,1.24932,1.25214,764.1
2010.05.21 15:30:00,1.25231,1.25424,1.25106,1.25241,808.1
2010.05.21 15:45:00,1.25237,1.25737,1.25215,1.25724,1012.6
2010.05.21 16:00:00,1.2571,1.25777,1.25517,1.25567,877.5
2010.05.21 16:15:00,1.25528,1.25583,1.25322,1.25416,790.9
2010.05.21 16:30:00,1.25397,1.25532,1.2525,1.2544,865.1
2010.05.21 16:45:00,1.25438,1.2582,1.25355,1.25665,1141.3
2010.05.21 17:00:00,1.2568,1.25873,1.25594,1.25762,1119
2010.05.21 17:15:00,1.25764,1.25802,1.25418,1.25444,1083.2
2010.05.21 17:30:00,1.25446,1.25724,1.25388,1.25597,969.2
2010.05.21 17:45:00,1.25595,1.25675,1.25448,1.25561,1186
2010.05.21 18:00:00,1.25559,1.25774,1.25535,1.25654,1035.1
2010.05.21 18:15:00,1.25647,1.25705,1.25564,1.25667,1182.9
2010.05.21 18:30:00,1.25662,1.25715,1.25491,1.25576,1123.7
2010.05.21 18:45:00,1.25561,1.25712,1.2519,1.25695,1072.2
2010.05.21 19:00:00,1.25733,1.2582,1.25629,1.25713,1068.5
2010.05.21 19:15:00,1.25725,1.25931,1.25672,1.25808,967.7
2010.05.21 19:30:00,1.25789,1.25836,1.25543,1.25574,896.3
2010.05.21 19:45:00,1.25554,1.2567,1.25458,1.25506,1234.3
2010.05.21 20:00:00,1.25509,1.25622,1.25446,1.25556,785.7
2010.05.21 20:15:00,1.25563,1.25634,1.25495,1.25531,1004
2010.05.21 20:30:00,1.25575,1.25679,1.25541,1.25628,1019.4
2010.05.21 20:45:00,1.25661,1.25986,1.25644,1.25946,860.6
2010.05.21 21:00:00,1.25946,1.25976,1.25728,1.25747,868.3
2010.05.21 21:15:00,1.25748,1.25877,1.25725,1.25823,760.2
2010.05.21 21:30:00,1.2583,1.25897,1.25811,1.25857,679.8
2010.05.21 21:45:00,1.25871,1.25975,1.25797,1.25839,849.8
2010.05.21 22:00:00,1.25834,1.25856,1.25641,1.25694,612
2010.05.21 22:15:00,1.25704,1.25795,1.25606,1.25682,761.5
2010.05.21 22:30:00,1.25694,1.25871,1.25665,1.25851,781.4
2010.05.21 22:45:00,1.25842,1.25962,1.25693,1.2571,910.4
2010.05.21 23:00:00,1.25724,1.25847,1.25665,1.25696,924.9
2010.05.21 23:15:00,1.25684,1.25828,1.25557,1.25633,1138.8
2010.05.21 23:30:00,1.25639,1.25725,1.25557,1.25608,652.3
2010.05.21 23:45:00,1.25611,1.25715,1.25544,1.257,1001.6
2010.05.24 00:00:00,1.25679,1.25679,1.25343,1.25434,899.9
2010.05.24 00:15:00,1.25433,1.25478,1.2537,1.25397,713.6
2010.05.24 00:30:00,1.254,1.25456,1.25356,1.25402,951.8
2010.05.24 00:45:00,1.25403,1.25498,1.25403,1.25472,1067.1
2010.05.24 01:00:00,1.25449,1.25608,1.25425,1.25508,428.2
2010.05.24 01:15:00,1.2549,1.25518,1.25325,1.25344,400
2010.05.24 01:30:00,1.25342,1.25393,1.25314,1.25347,391.8
2010.05.24 01:45:00,1.25363,1.25402,1.2532,1.25337,391.9
2010.05.24 02:00:00,1.25332,1.25416,1.25308,1.25397,409.3
2010.05.24 02:15:00,1.2541,1.2545,1.25316,1.25346,426.1
2010.05.24 02:30:00,1.2535,1.2537,1.2519,1.25212,413.7
2010.05.24 02:45:00,1.25225,1.25282,1.25069,1.25117,333.7
2010.05.24 03:00:00,1.25116,1.25382,1.2511,1.25291,434.9
2010.05.24 03:15:00,1.25291,1.25347,1.25144,1.25149,303.9
2010.05.24 03:30:00,1.25179,1.25198,1.25001,1.25114,370.6
2010.05.24 03:45:00,1.25118,1.25151,1.25016,1.25024,396.1
2010.05.24 04:00:00,1.25028,1.25043,1.24851,1.24888,417.8
2010.05.24 04:15:00,1.24889,1.24947,1.24803,1.24834,386.5
2010.05.24 04:30:00,1.2483,1.24981,1.2483,1.2495,410.6
2010.05.24 04:45:00,1.2497,1.25089,1.24923,1.25065,415.8
2010.05.24 05:00:00,1.25052,1.25089,1.24945,1.25045,1075.8
2010.05.24 05:15:00,1.25041,1.25162,1.25007,1.25126,877.9
2010.05.24 05:30:00,1.25112,1.25157,1.25024,1.25116,732.4
2010.05.24 05:45:00,1.25116,1.25162,1.25055,1.25115,852.9
2010.05.24 06:00:00,1.25108,1.25147,1.2495,1.25045,960.1
2010.05.24 06:15:00,1.25044,1.25059,1.24935,1.24944,767.9
2010.05.24 06:30:00,1.2499,1.25082,1.24913,1.2504,1067.3
2010.05.24 06:45:00,1.25068,1.25135,1.24973,1.25018,1053.2
2010.05.24 07:00:00,1.25018,1.25138,1.24975,1.25086,870.8
2010.05.24 07:15:00,1.25087,1.25256,1.25037,1.25229,837.5
2010.05.24 07:30:00,1.25219,1.25249,1.25117,1.25147,732.5
2010.05.24 07:45:00,1.25113,1.25162,1.25017,1.25109,711.9
2010.05.24 08:00:00,1.25105,1.25129,1.24935,1.25026,721.6
2010.05.24 08:15:00,1.25021,1.2516,1.24978,1.25067,609.7
2010.05.24 08:30:00,1.25069,1.25154,1.24986,1.25026,714.4
2010.05.24 08:45:00,1.25025,1.25032,1.24804,1.24948,922.7
2010.05.24 09:00:00,1.24946,1.25145,1.24931,1.25121,928.7
2010.05.24 09:15:00,1.2513,1.25218,1.2491,1.25041,1006.1
2010.05.24 09:30:00,1.25046,1.25147,1.24972,1.25071,942.8
2010.05.24 09:45:00,1.25054,1.25107,1.24812,1.24862,851.7
2010.05.24 10:00:00,1.24887,1.25184,1.24871,1.25082,1325.5
2010.05.24 10:15:00,1.2508,1.25171,1.25015,1.25047,951.5
2010.05.24 10:30:00,1.25039,1.2512,1.24872,1.2494,910.1
2010.05.24 10:45:00,1.24926,1.2504,1.24651,1.24684,1092.2
2010.05.24 11:00:00,1.24662,1.248,1.24362,1.24409,982
2010.05.24 11:15:00,1.24381,1.24415,1.24201,1.24356,1116.6
2010.05.24 11:30:00,1.24364,1.24476,1.24286,1.24383,1140.6
2010.05.24 11:45:00,1.24393,1.24414,1.24191,1.2437,1016.1
2010.05.24 12:00:00,1.24364,1.24444,1.2427,1.24385,1081.1
2010.05.24 12:15:00,1.24384,1.24438,1.2407,1.24136,1020.5
2010.05.24 12:30:00,1.2414,1.24244,1.24076,1.24204,1020.3
2010.05.24 12:45:00,1.24187,1.24262,1.23971,1.24011,1046.5
2010.05.24 13:00:00,1.23997,1.24011,1.23815,1.23976,1063.3
2010.05.24 13:15:00,1.23983,1.23987,1.23635,1.23664,861.5
2010.05.24 13:30:00,1.23654,1.23902,1.23644,1.23684,775.4
2010.05.24 13:45:00,1.237,1.23815,1.23576,1.2381,932.4
2010.05.24 14:00:00,1.23808,1.23967,1.23776,1.23908,1036.9
2010.05.24 14:15:00,1.23916,1.23965,1.23824,1.2395,902.2
2010.05.24 14:30:00,1.23927,1.23995,1.23811,1.23963,800.6
2010.05.24 14:45:00,1.23946,1.23972,1.23774,1.23796,722.8
2010.05.24 15:00:00,1.23781,1.23823,1.23581,1.23599,935.9
2010.05.24 15:15:00,1.23596,1.23715,1.23489,1.23704,907
2010.05.24 15:30:00,1.23703,1.23898,1.23631,1.23865,828.7
2010.05.24 15:45:00,1.23853,1.2387,1.23706,1.23834,1049
2010.05.24 16:00:00,1.23824,1.2392,1.2375,1.23872,1127.4
2010.05.24 16:15:00,1.23838,1.23941,1.23775,1.23865,1066.8
2010.05.24 16:30:00,1.23847,1.23904,1.23518,1.23535,1736.1
2010.05.24 16:45:00,1.23525,1.23706,1.23493,1.23644,1407.9
2010.05.24 17:00:00,1.23656,1.23807,1.23434,1.23764,1414.3
2010.05.24 17:15:00,1.23774,1.23825,1.23594,1.23649,1185.1
2010.05.24 17:30:00,1.23666,1.23887,1.23602,1.23764,1422.6
2010.05.24 17:45:00,1.23761,1.23806,1.23615,1.23763,1130.4
2010.05.24 18:00:00,1.23771,1.23937,1.23699,1.23802,1163.5
2010.05.24 18:15:00,1.23808,1.23931,1.23705,1.23918,1105
2010.05.24 18:30:00,1.23923,1.24075,1.23844,1.24034,1133.4
2010.05.24 18:45:00,1.24044,1.24116,1.23925,1.24035,1307.5
2010.05.24 19:00:00,1.24031,1.24132,1.23989,1.24084,1059.4
2010.05.24 19:15:00,1.24102,1.24136,1.23984,1.24052,996.7
2010.05.24 19:30:00,1.24057,1.24086,1.23942,1.23985,1082.2
2010.05.24 19:45:00,1.23976,1.24162,1.23948,1.2413,993.1
2010.05.24 20:00:00,1.24113,1.24167,1.24025,1.24068,819.5
2010.05.24 20:15:00,1.24085,1.24155,1.23973,1.2412,1042.4
2010.05.24 20:30:00,1.24121,1.24162,1.24,1.24024,772.3
2010.05.24 20:45:00,1.24013,1.24108,1.23942,1.24077,794.9
2010.05.24 21:00:00,1.2408,1.24121,1.23941,1.24038,612.9
2010.05.24 21:15:00,1.24044,1.24057,1.23964,1.23992,574.3
2010.05.24 21:30:00,1.24005,1.24036,1.23964,1.23982,680.4
2010.05.24 21:45:00,1.23985,1.24002,1.23889,1.23981,573
2010.05.24 22:00:00,1.23972,1.23986,1.2386,1.23925,687.4
2010.05.24 22:15:00,1.23933,1.23999,1.23918,1.23922,797.4
2010.05.24 22:30:00,1.23909,1.23997,1.23886,1.2392,714
2010.05.24 22:45:00,1.23916,1.2396,1.23772,1.2379,703.7
2010.05.24 23:00:00,1.23797,1.23815,1.23683,1.23727,668.8
2010.05.24 23:15:00,1.23725,1.23738,1.2355,1.23585,958.5
2010.05.24 23:30:00,1.23584,1.23629,1.23494,1.23606,792.2
2010.05.24 23:45:00,1.23621,1.23725,1.23551,1.23712,1047.8
2010.05.25 00:00:00,1.23692,1.23727,1.23445,1.23481,880.3
2010.05.25 00:15:00,1.23518,1.23556,1.23315,1.23365,490
2010.05.25 00:30:00,1.23362,1.2343,1.23302,1.2341,505.5
2010.05.25 00:45:00,1.23429,1.23524,1.2339,1.23449,580.1
2010.05.25 01:00:00,1.23443,1.23497,1.23338,1.23355,476.1
2010.05.25 01:15:00,1.23344,1.23377,1.2331,1.23362,522.9
2010.05.25 01:30:00,1.23348,1.23469,1.23326,1.23446,474.5
2010.05.25 01:45:00,1.23459,1.23541,1.23436,1.23475,491.6
2010.05.25 02:00:00,1.23488,1.235,1.23409,1.23468,600.4
2010.05.25 02:15:00,1.23477,1.23519,1.23434,1.23475,513.9
2010.05.25 02:30:00,1.23465,1.23479,1.23393,1.23417,524.7
2010.05.25 02:45:00,1.23421,1.23488,1.23368,1.23389,506.1
2010.05.25 03:00:00,1.23386,1.2349,1.23322,1.23334,335.4
2010.05.25 03:15:00,1.23343,1.23367,1.2319,1.23223,421.8
2010.05.25 03:30:00,1.23226,1.23287,1.23136,1.23224,408.7
2010.05.25 03:45:00,1.2323,1.23233,1.22895,1.23016,348.8
2010.05.25 04:00:00,1.22983,1.23086,1.2284,1.23059,392.7
2010.05.25 04:15:00,1.23052,1.23101,1.22898,1.22925,430
2010.05.25 04:30:00,1.2291,1.23108,1.2291,1.23066,495
2010.05.25 04:45:00,1.23047,1.2315,1.23028,1.23136,397
2010.05.25 05:00:00,1.23135,1.23156,1.22852,1.22938,1028.4
2010.05.25 05:15:00,1.22928,1.231,1.22898,1.23034,919.8
2010.05.25 05:30:00,1.23071,1.23228,1.23031,1.23096,611.3
2010.05.25 05:45:00,1.23107,1.23171,1.2305,1.23099,813
2010.05.25 06:00:00,1.23096,1.2314,1.23046,1.23104,1002.3
2010.05.25 06:15:00,1.23106,1.23147,1.22966,1.23005,641.8
2010.05.25 06:30:00,1.23002,1.23089,1.22917,1.2302,951.2
2010.05.25 06:45:00,1.23043,1.23076,1.22913,1.22937,997.1
2010.05.25 07:00:00,1.22928,1.23035,1.22873,1.23016,831.7
2010.05.25 07:15:00,1.23024,1.23089,1.22964,1.23036,820.7
2010.05.25 07:30:00,1.23062,1.23078,1.23001,1.23033,767.3
2010.05.25 07:45:00,1.23025,1.23057,1.22987,1.2302,689.4
2010.05.25 08:00:00,1.23026,1.23044,1.22984,1.23029,876.4
2010.05.25 08:15:00,1.23019,1.23057,1.22826,1.22853,662.8
2010.05.25 08:30:00,1.22866,1.22869,1.22689,1.22834,882.2
2010.05.25 08:45:00,1.22842,1.22946,1.22773,1.22914,870.7
2010.05.25 09:00:00,1.22924,1.23015,1.22793,1.22818,840.5
2010.05.25 09:15:00,1.22813,1.22885,1.22636,1.22783,947.6
2010.05.25 09:30:00,1.22787,1.22961,1.22741,1.22872,925.9
2010.05.25 09:45:00,1.22848,1.22945,1.22685,1.22752,886.8
2010.05.25 10:00:00,1.22768,1.22901,1.22707,1.22849,1280.1
2010.05.25 10:15:00,1.22843,1.22893,1.2267,1.2273,932.8
2010.05.25 10:30:00,1.22741,1.22768,1.22293,1.22395,1030.6
2010.05.25 10:45:00,1.22383,1.22467,1.22171,1.22367,993.2
2010.05.25 11:00:00,1.22359,1.22394,1.22179,1.2237,1121.6
2010.05.25 11:15:00,1.22371,1.22406,1.2221,1.22334,1213.9
2010.05.25 11:30:00,1.22352,1.22395,1.22203,1.22263,1107.5
2010.05.25 11:45:00,1.22263,1.22296,1.21921,1.22064,1069.1
2010.05.25 12:00:00,1.22061,1.22143,1.21906,1.22085,979.8
2010.05.25 12:15:00,1.2209,1.22206,1.22003,1.22146,900
2010.05.25 12:30:00,1.22128,1.22162,1.21984,1.22094,1267.5
2010.05.25 12:45:00,1.22097,1.22155,1.21927,1.21951,1126.9
2010.05.25 13:00:00,1.21935,1.21982,1.2175,1.21854,1028.8
2010.05.25 13:15:00,1.21867,1.22018,1.21803,1.21979,907.6
2010.05.25 13:30:00,1.2199,1.22017,1.21866,1.21937,807
2010.05.25 13:45:00,1.21935,1.22034,1.2183,1.2198,925.6
2010.05.25 14:00:00,1.21979,1.22023,1.21841,1.21894,1102.9
2010.05.25 14:15:00,1.21891,1.22105,1.21856,1.22045,838.2
2010.05.25 14:30:00,1.22048,1.22102,1.21876,1.21913,788.4
2010.05.25 14:45:00,1.21924,1.22108,1.21887,1.22108,770.1
2010.05.25 15:00:00,1.22114,1.22342,1.22082,1.22197,821
2010.05.25 15:15:00,1.22186,1.2238,1.22177,1.22321,861.9
2010.05.25 15:30:00,1.22316,1.22364,1.22192,1.22275,794.1
2010.05.25 15:45:00,1.2226,1.22294,1.21897,1.22043,1037.1
2010.05.25 16:00:00,1.22045,1.22099,1.21804,1.2208,1143.6
2010.05.25 16:15:00,1.22092,1.22301,1.22043,1.22187,1013.7
2010.05.25 16:30:00,1.22198,1.22294,1.22043,1.2219,1844.7
2010.05.25 16:45:00,1.22198,1.22361,1.22108,1.2232,1221.5
2010.05.25 17:00:00,1.22318,1.22693,1.22294,1.2246,1467.5
2010.05.25 17:15:00,1.225,1.22596,1.22374,1.22445,1261.4
2010.05.25 17:30:00,1.22432,1.22476,1.22214,1.22233,1535.6
2010.05.25 17:45:00,1.22234,1.22439,1.22203,1.22435,1155.5
2010.05.25 18:00:00,1.22433,1.22665,1.22396,1.22534,1287.6
2010.05.25 18:15:00,1.2253,1.22613,1.22355,1.22546,1060.5
2010.05.25 18:30:00,1.22549,1.2259,1.22431,1.22504,966.8
2010.05.25 18:45:00,1.22497,1.22889,1.22473,1.22783,1347.2
2010.05.25 19:00:00,1.22787,1.22944,1.22732,1.22888,1148
2010.05.25 19:15:00,1.22894,1.22913,1.22661,1.2278,1073
2010.05.25 19:30:00,1.22784,1.22834,1.22669,1.22702,1012.9
2010.05.25 19:45:00,1.22705,1.22922,1.22672,1.22861,1012.9
2010.05.25 20:00:00,1.22859,1.22887,1.2265,1.22712,733.6
2010.05.25 20:15:00,1.22665,1.22904,1.22659,1.22794,1058.1
2010.05.25 20:30:00,1.22776,1.22829,1.22585,1.22625,750.3
2010.05.25 20:45:00,1.22635,1.22802,1.22589,1.22732,788.1
2010.05.25 21:00:00,1.22725,1.2284,1.22592,1.22829,785.4
2010.05.25 21:15:00,1.22842,1.23286,1.22784,1.23172,677
2010.05.25 21:30:00,1.2317,1.23277,1.23045,1.23177,636.1
2010.05.25 21:45:00,1.23191,1.23369,1.23105,1.23121,546.9
2010.05.25 22:00:00,1.23127,1.23248,1.23021,1.23093,650.6
2010.05.25 22:15:00,1.23103,1.23249,1.23015,1.23245,726.3
2010.05.25 22:30:00,1.23241,1.23412,1.23223,1.23346,683.1
2010.05.25 22:45:00,1.2334,1.23438,1.23264,1.23328,646.3
2010.05.25 23:00:00,1.23353,1.23506,1.2333,1.23409,744.8
2010.05.25 23:15:00,1.23424,1.23456,1.23365,1.23433,859.4
2010.05.25 23:30:00,1.23418,1.23445,1.23336,1.23375,744.1
2010.05.25 23:45:00,1.23373,1.23483,1.23341,1.23433,1034.7
2010.05.26 00:00:00,1.23462,1.23735,1.23433,1.23605,829.8
2010.05.26 00:15:00,1.236,1.2388,1.23585,1.23825,515.7
2010.05.26 00:30:00,1.23815,1.23822,1.23685,1.23723,616.9
2010.05.26 00:45:00,1.23736,1.23785,1.23694,1.2372,656.9
2010.05.26 01:00:00,1.23712,1.23728,1.23461,1.23534,522.3
2010.05.26 01:15:00,1.23541,1.23543,1.23436,1.23462,411.2
2010.05.26 01:30:00,1.23426,1.23557,1.23389,1.23557,443.5
2010.05.26 01:45:00,1.23564,1.23567,1.23416,1.23439,510.8
2010.05.26 02:00:00,1.23437,1.23476,1.23406,1.23467,767
2010.05.26 02:15:00,1.23443,1.23585,1.23436,1.23509,487.9
2010.05.26 02:30:00,1.23508,1.23544,1.23346,1.23445,503.9
2010.05.26 02:45:00,1.23441,1.23451,1.2325,1.23325,580.7
2010.05.26 03:00:00,1.23302,1.23376,1.23137,1.23185,358.6
2010.05.26 03:15:00,1.23159,1.23191,1.2304,1.23185,352.1
2010.05.26 03:30:00,1.23191,1.23283,1.23143,1.23172,441.9
2010.05.26 03:45:00,1.23178,1.23235,1.23079,1.23115,332.9
2010.05.26 04:00:00,1.23114,1.23179,1.22919,1.2295,369.1
2010.05.26 04:15:00,1.22939,1.22955,1.22735,1.22834,375.4
2010.05.26 04:30:00,1.22825,1.22876,1.22746,1.22838,409.7
2010.05.26 04:45:00,1.22835,1.22845,1.22703,1.22835,412.7
2010.05.26 05:00:00,1.22832,1.22948,1.22781,1.22855,1108.4
2010.05.26 05:15:00,1.22861,1.22868,1.22791,1.22853,880.2
2010.05.26 05:30:00,1.22873,1.22984,1.22846,1.22955,662
2010.05.26 05:45:00,1.22947,1.22965,1.22848,1.22926,910.4
2010.05.26 06:00:00,1.22908,1.22966,1.22889,1.22925,1023.8
2010.05.26 06:15:00,1.22908,1.22957,1.22814,1.22874,650.8
2010.05.26 06:30:00,1.22873,1.22958,1.22836,1.22936,1058
2010.05.26 06:45:00,1.22948,1.22983,1.22896,1.22955,1132.6
2010.05.26 07:00:00,1.22948,1.23026,1.22931,1.22984,1002.2
2010.05.26 07:15:00,1.22984,1.23121,1.22954,1.23052,766.6
2010.05.26 07:30:00,1.23056,1.23087,1.22982,1.23043,787.9
2010.05.26 07:45:00,1.23048,1.2306,1.22958,1.23016,608.1
2010.05.26 08:00:00,1.23018,1.2302,1.22799,1.22847,822.3
2010.05.26 08:15:00,1.22837,1.22906,1.22766,1.2284,729.5
2010.05.26 08:30:00,1.22849,1.22886,1.2274,1.22747,814.3
2010.05.26 08:45:00,1.22748,1.22781,1.22605,1.22728,809.1
2010.05.26 09:00:00,1.22729,1.22868,1.22663,1.22827,897
2010.05.26 09:15:00,1.22827,1.22969,1.22794,1.22893,1024
2010.05.26 09:30:00,1.22886,1.22913,1.22707,1.22885,1022.9
2010.05.26 09:45:00,1.22898,1.22937,1.22809,1.22843,820.7
2010.05.26 10:00:00,1.22856,1.22897,1.22696,1.22865,1172.9
2010.05.26 10:15:00,1.22876,1.22945,1.22746,1.22797,970.4
2010.05.26 10:30:00,1.22783,1.22886,1.22713,1.22872,1014.4
2010.05.26 10:45:00,1.22881,1.22974,1.22843,1.22944,1067.3
2010.05.26 11:00:00,1.22936,1.23244,1.22913,1.23224,1044.8
2010.05.26 11:15:00,1.23225,1.2326,1.23064,1.23123,1081.3
2010.05.26 11:30:00,1.23127,1.23372,1.23121,1.23345,1092.8
2010.05.26 11:45:00,1.23348,1.23443,1.23306,1.23319,1172.4
2010.05.26 12:00:00,1.23323,1.23404,1.23114,1.23295,1075.4
2010.05.26 12:15:00,1.2331,1.23417,1.23242,1.23339,919
2010.05.26 12:30:00,1.23328,1.23346,1.23188,1.23292,1033.8
2010.05.26 12:45:00,1.2331,1.23322,1.23123,1.2319,1173.6
2010.05.26 13:00:00,1.23186,1.23214,1.22826,1.22944,1134.6
2010.05.26 13:15:00,1.2296,1.23025,1.2284,1.22928,934.8
2010.05.26 13:30:00,1.22949,1.23095,1.22888,1.2306,761.1
2010.05.26 13:45:00,1.23068,1.23232,1.2304,1.23162,952.6
2010.05.26 14:00:00,1.23155,1.23314,1.23114,1.23226,1148.9
2010.05.26 14:15:00,1.23217,1.23315,1.23138,1.23241,903.5
2010.05.26 14:30:00,1.23227,1.23263,1.23112,1.23241,897.7
2010.05.26 14:45:00,1.2325,1.23263,1.23111,1.23163,858.6
2010.05.26 15:00:00,1.23124,1.23204,1.23049,1.2308,890.6
2010.05.26 15:15:00,1.23083,1.23128,1.22943,1.23039,901
2010.05.26 15:30:00,1.23056,1.23094,1.22714,1.22815,839.1
2010.05.26 15:45:00,1.22805,1.22833,1.2246,1.22618,1006.6
2010.05.26 16:00:00,1.22625,1.22784,1.22513,1.22675,1051.1
2010.05.26 16:15:00,1.22662,1.22745,1.22526,1.22707,1020.3
2010.05.26 16:30:00,1.22704,1.22934,1.22666,1.22855,1755.8
2010.05.26 16:45:00,1.22852,1.22885,1.22674,1.22687,1205.4
2010.05.26 17:00:00,1.22689,1.22742,1.22293,1.22384,1473.8
2010.05.26 17:15:00,1.22381,1.22497,1.22245,1.22303,1157.9
2010.05.26 17:30:00,1.22298,1.22613,1.22275,1.22473,1367.4
2010.05.26 17:45:00,1.22463,1.22517,1.22175,1.22192,1278.9
2010.05.26 18:00:00,1.22206,1.22305,1.21988,1.22187,1339.3
2010.05.26 18:15:00,1.22205,1.22229,1.21924,1.22008,1071
2010.05.26 18:30:00,1.21999,1.22198,1.219,1.22174,981.8
2010.05.26 18:45:00,1.22174,1.22264,1.22053,1.22231,1357.2
2010.05.26 19:00:00,1.22226,1.22383,1.22114,1.22208,1099
2010.05.26 19:15:00,1.2222,1.22309,1.22176,1.22215,947.2
2010.05.26 19:30:00,1.22225,1.22365,1.22136,1.22215,928.7
2010.05.26 19:45:00,1.22205,1.22307,1.22122,1.22287,963.6
2010.05.26 20:00:00,1.22287,1.22322,1.22184,1.22218,777.3
2010.05.26 20:15:00,1.22238,1.22334,1.22168,1.22284,948.6
2010.05.26 20:30:00,1.22281,1.22412,1.22245,1.22403,753
2010.05.26 20:45:00,1.22408,1.22413,1.22326,1.22381,886.2
2010.05.26 21:00:00,1.22374,1.22394,1.22142,1.22176,694.5
2010.05.26 21:15:00,1.22181,1.22252,1.21948,1.21998,549.2
2010.05.26 21:30:00,1.21995,1.22023,1.21818,1.22005,693.2
2010.05.26 21:45:00,1.21994,1.22006,1.21843,1.21987,554.4
2010.05.26 22:00:00,1.21994,1.22079,1.21865,1.22001,659.3
2010.05.26 22:15:00,1.21983,1.22008,1.21786,1.21813,634.8
2010.05.26 22:30:00,1.21833,1.2204,1.21762,1.22009,588.6
2010.05.26 22:45:00,1.22005,1.22025,1.21843,1.21919,713
2010.05.26 23:00:00,1.21925,1.21929,1.21781,1.2184,689
2010.05.26 23:15:00,1.21845,1.21866,1.21667,1.21705,1168.5
2010.05.26 23:30:00,1.2171,1.21744,1.21659,1.21725,821.1
2010.05.26 23:45:00,1.21731,1.21857,1.21686,1.21771,926.4
2010.05.27 00:00:00,1.21784,1.21851,1.21643,1.21671,866.6
2010.05.27 00:15:00,1.21681,1.21703,1.21585,1.21603,542.2
2010.05.27 00:30:00,1.2163,1.2168,1.21537,1.21561,522.1
2010.05.27 00:45:00,1.2157,1.21651,1.2151,1.2161,616.5
2010.05.27 01:00:00,1.21623,1.21672,1.21543,1.21548,551.6
2010.05.27 01:15:00,1.21517,1.21641,1.21514,1.21611,426.6
2010.05.27 01:30:00,1.21593,1.21702,1.21566,1.21669,476.3
2010.05.27 01:45:00,1.21673,1.21767,1.21591,1.21709,599.4
2010.05.27 02:00:00,1.21702,1.21748,1.21646,1.21661,617.4
2010.05.27 02:15:00,1.21668,1.21803,1.21644,1.21733,463.6
2010.05.27 02:30:00,1.21739,1.21757,1.21611,1.21667,536.7
2010.05.27 02:45:00,1.21644,1.21895,1.21642,1.21824,576.9
2010.05.27 03:00:00,1.21822,1.21953,1.21813,1.21916,362.2
2010.05.27 03:15:00,1.21902,1.21932,1.21805,1.21932,380.6
2010.05.27 03:30:00,1.21921,1.21984,1.21848,1.21979,463.6
2010.05.27 03:45:00,1.21972,1.22008,1.21861,1.21969,332
2010.05.27 04:00:00,1.21967,1.22171,1.21953,1.22091,393.8
2010.05.27 04:15:00,1.22094,1.22174,1.2205,1.22163,353.7
2010.05.27 04:30:00,1.22162,1.22203,1.21976,1.22044,403.4
2010.05.27 04:45:00,1.22052,1.22061,1.21866,1.21896,441.3
2010.05.27 05:00:00,1.21903,1.21971,1.21826,1.21951,1089.9
2010.05.27 05:15:00,1.2194,1.22029,1.21857,1.22022,997.8
2010.05.27 05:30:00,1.21968,1.22129,1.21931,1.22096,689.3
2010.05.27 05:45:00,1.22083,1.22184,1.22037,1.22146,831.9
2010.05.27 06:00:00,1.2214,1.22267,1.22113,1.22245,955.2
2010.05.27 06:15:00,1.22242,1.22361,1.22232,1.22282,612
2010.05.27 06:30:00,1.22269,1.22357,1.22224,1.22245,1069.7
2010.05.27 06:45:00,1.22284,1.22308,1.22205,1.22244,1195.5
2010.05.27 07:00:00,1.22216,1.2244,1.22207,1.22373,859.4
2010.05.27 07:15:00,1.22374,1.22605,1.22334,1.22546,882.1
2010.05.27 07:30:00,1.22525,1.22862,1.22487,1.22819,783.4
2010.05.27 07:45:00,1.22829,1.22838,1.22694,1.2272,575.2
2010.05.27 08:00:00,1.22694,1.22775,1.22658,1.22746,857.5
2010.05.27 08:15:00,1.22723,1.22752,1.22574,1.22604,689.7
2010.05.27 08:30:00,1.22608,1.22636,1.22512,1.2259,787.3
2010.05.27 08:45:00,1.22586,1.22871,1.22538,1.22831,797.4
2010.05.27 09:00:00,1.22855,1.22925,1.22774,1.22833,990.4
2010.05.27 09:15:00,1.22841,1.22908,1.2273,1.22834,955.3
2010.05.27 09:30:00,1.22827,1.23162,1.22792,1.23148,974.6
2010.05.27 09:45:00,1.23148,1.23185,1.23005,1.23143,765.3
2010.05.27 10:00:00,1.23146,1.2328,1.23086,1.23243,1162.5
2010.05.27 10:15:00,1.2324,1.23244,1.22873,1.22905,995
2010.05.27 10:30:00,1.22903,1.23032,1.22784,1.22823,1011.8
2010.05.27 10:45:00,1.22827,1.22934,1.22726,1.22783,999.1
2010.05.27 11:00:00,1.2278,1.22855,1.22724,1.22779,1133.4
2010.05.27 11:15:00,1.22782,1.22809,1.22503,1.2259,1124.6
2010.05.27 11:30:00,1.22593,1.22648,1.22457,1.22535,1157
2010.05.27 11:45:00,1.22529,1.22664,1.22416,1.22534,1014.7
2010.05.27 12:00:00,1.22541,1.22704,1.22493,1.22635,1220.2
2010.05.27 12:15:00,1.22631,1.22823,1.22592,1.22655,966.2
2010.05.27 12:30:00,1.22668,1.22835,1.22557,1.22794,994.5
2010.05.27 12:45:00,1.22789,1.22911,1.22686,1.22879,1011.3
2010.05.27 13:00:00,1.22887,1.23054,1.22796,1.23004,1223.3
2010.05.27 13:15:00,1.23,1.23131,1.22866,1.23024,976.3
2010.05.27 13:30:00,1.2303,1.23061,1.22855,1.22904,770.9
2010.05.27 13:45:00,1.22913,1.23103,1.22891,1.23024,938.2
2010.05.27 14:00:00,1.23035,1.23064,1.22708,1.22745,1125.1
2010.05.27 14:15:00,1.22741,1.2289,1.2262,1.22657,892.9
2010.05.27 14:30:00,1.22661,1.22773,1.22558,1.22761,812.3
2010.05.27 14:45:00,1.22748,1.22829,1.22627,1.22649,888.1
2010.05.27 15:00:00,1.22634,1.22665,1.22492,1.22541,805.8
2010.05.27 15:15:00,1.22542,1.2277,1.22501,1.22682,925
2010.05.27 15:30:00,1.22687,1.22697,1.22262,1.22333,967.1
2010.05.27 15:45:00,1.22334,1.22517,1.22308,1.22462,1000.5
2010.05.27 16:00:00,1.22442,1.22546,1.22331,1.22495,1124.9
2010.05.27 16:15:00,1.22482,1.22497,1.22281,1.22367,1149.4
2010.05.27 16:30:00,1.22377,1.22468,1.22152,1.22265,1789.2
2010.05.27 16:45:00,1.22267,1.22316,1.2202,1.22091,1161.2
2010.05.27 17:00:00,1.22096,1.22353,1.22004,1.2235,1454.7
2010.05.27 17:15:00,1.22348,1.22534,1.22275,1.22474,1198.6
2010.05.27 17:30:00,1.22471,1.22647,1.22432,1.2253,1428.7
2010.05.27 17:45:00,1.22532,1.22752,1.22493,1.22644,1043.8
2010.05.27 18:00:00,1.22642,1.23012,1.22607,1.22766,1201.1
2010.05.27 18:15:00,1.22762,1.23218,1.22716,1.23164,1133.2
2010.05.27 18:30:00,1.23176,1.23326,1.23033,1.2315,1036.9
2010.05.27 18:45:00,1.23164,1.23745,1.23112,1.23683,1258
2010.05.27 19:00:00,1.23679,1.23698,1.23491,1.23593,1113.2
2010.05.27 19:15:00,1.23594,1.23596,1.23362,1.23474,1152.8
2010.05.27 19:30:00,1.23484,1.23789,1.23449,1.23592,919.7
2010.05.27 19:45:00,1.23604,1.23849,1.23475,1.23492,995.7
2010.05.27 20:00:00,1.23491,1.23628,1.23448,1.23612,695.3
2010.05.27 20:15:00,1.23616,1.23885,1.23571,1.23812,946.1
2010.05.27 20:30:00,1.23799,1.23885,1.2368,1.23732,722.6
2010.05.27 20:45:00,1.23749,1.23857,1.23684,1.23755,741.5
2010.05.27 21:00:00,1.23753,1.23923,1.23684,1.2392,657.5
2010.05.27 21:15:00,1.23899,1.23944,1.23826,1.23928,709.7
2010.05.27 21:30:00,1.23917,1.23935,1.23783,1.2383,726.4
2010.05.27 21:45:00,1.23825,1.23898,1.23754,1.23776,557.8
2010.05.27 22:00:00,1.23749,1.23768,1.2351,1.23579,644.7
2010.05.27 22:15:00,1.23592,1.23625,1.23394,1.23487,700.6
2010.05.27 22:30:00,1.23476,1.23556,1.23199,1.23415,642.9
2010.05.27 22:45:00,1.23402,1.23626,1.23363,1.23594,708.2
2010.05.27 23:00:00,1.23602,1.23672,1.23566,1.23598,659
2010.05.27 23:15:00,1.23604,1.23705,1.23561,1.23647,910.2
2010.05.27 23:30:00,1.2363,1.23653,1.23474,1.23539,791.3
2010.05.27 23:45:00,1.23543,1.23646,1.2352,1.23613,1036.6
2010.05.28 00:00:00,1.23593,1.2376,1.23563,1.23664,920.1
2010.05.28 00:15:00,1.23647,1.23727,1.23545,1.23606,542.2
2010.05.28 00:30:00,1.2362,1.23622,1.23453,1.23601,506.1
2010.05.28 00:45:00,1.2359,1.2364,1.23535,1.23559,605.8
2010.05.28 01:00:00,1.23547,1.23615,1.2351,1.23558,503.8
2010.05.28 01:15:00,1.23549,1.23599,1.23425,1.23448,447.5
2010.05.28 01:30:00,1.23446,1.23524,1.23414,1.23464,456.7
2010.05.28 01:45:00,1.23452,1.23526,1.2342,1.23437,582.9
2010.05.28 02:00:00,1.23433,1.2359,1.23375,1.23576,753.1
2010.05.28 02:15:00,1.23582,1.23583,1.23424,1.23456,458.1
2010.05.28 02:30:00,1.23457,1.23661,1.2343,1.23642,557.3
2010.05.28 02:45:00,1.23658,1.23798,1.23625,1.23663,566
2010.05.28 03:00:00,1.23666,1.23673,1.23492,1.23527,402.3
2010.05.28 03:15:00,1.23523,1.23545,1.23242,1.23336,382.4
2010.05.28 03:30:00,1.23317,1.23358,1.23207,1.23349,437.9
2010.05.28 03:45:00,1.2335,1.23409,1.23159,1.23199,325.7
2010.05.28 04:00:00,1.23188,1.23227,1.23009,1.23058,440.1
2010.05.28 04:15:00,1.23064,1.23205,1.23055,1.23177,306.1
2010.05.28 04:30:00,1.2316,1.23301,1.2316,1.23252,356.8
2010.05.28 04:45:00,1.23225,1.23233,1.23109,1.23175,426.4
2010.05.28 05:00:00,1.23183,1.23199,1.23104,1.23166,1066.1
2010.05.28 05:15:00,1.23171,1.23171,1.23048,1.23076,882.3
2010.05.28 05:30:00,1.23072,1.23129,1.23013,1.23083,659.4
2010.05.28 05:45:00,1.23071,1.23116,1.22875,1.22915,860.4
2010.05.28 06:00:00,1.22912,1.22982,1.22796,1.22923,878.2
2010.05.28 06:15:00,1.22919,1.22986,1.2288,1.22923,729.1
2010.05.28 06:30:00,1.22915,1.22981,1.22902,1.22933,1043.5
2010.05.28 06:45:00,1.22929,1.23079,1.22901,1.22997,1161.8
2010.05.28 07:00:00,1.23011,1.23014,1.22888,1.22973,996.4
2010.05.28 07:15:00,1.22972,1.23045,1.2293,1.22988,820.7
2010.05.28 07:30:00,1.22987,1.23026,1.229,1.22973,788.5
2010.05.28 07:45:00,1.22963,1.23037,1.22928,1.23025,614.2
2010.05.28 08:00:00,1.23006,1.23049,1.22945,1.23046,787.4
2010.05.28 08:15:00,1.23043,1.23239,1.23024,1.23124,647.7
2010.05.28 08:30:00,1.23113,1.2327,1.23084,1.23187,737.6
2010.05.28 08:45:00,1.2319,1.23373,1.23149,1.2327,838
2010.05.28 09:00:00,1.23264,1.23307,1.23209,1.23248,928.9
2010.05.28 09:15:00,1.23255,1.23278,1.23064,1.23205,913.7
2010.05.28 09:30:00,1.2321,1.2361,1.23177,1.23509,983
2010.05.28 09:45:00,1.23525,1.23675,1.23473,1.23498,768
2010.05.28 10:00:00,1.23511,1.23568,1.23393,1.23436,1294.1
2010.05.28 10:15:00,1.2342,1.23492,1.23263,1.23405,1085.1
2010.05.28 10:30:00,1.23386,1.23476,1.23304,1.23318,1057.6
2010.05.28 10:45:00,1.23325,1.235,1.2323,1.23481,1102.9
2010.05.28 11:00:00,1.23482,1.23799,1.23464,1.23751,1014.8
2010.05.28 11:15:00,1.23754,1.23914,1.23651,1.23874,1151.5
2010.05.28 11:30:00,1.23877,1.24313,1.23817,1.24227,1170
2010.05.28 11:45:00,1.24238,1.2453,1.24229,1.24327,1004.1
2010.05.28 12:00:00,1.24331,1.24344,1.24103,1.24172,985.6
2010.05.28 12:15:00,1.24162,1.24256,1.24027,1.24111,976
2010.05.28 12:30:00,1.24116,1.24153,1.23995,1.24102,1029.9
2010.05.28 12:45:00,1.24095,1.24127,1.2402,1.2408,1108.7
2010.05.28 13:00:00,1.24073,1.2431,1.24045,1.24216,1207
2010.05.28 13:15:00,1.24213,1.24314,1.24184,1.24224,1005.8
2010.05.28 13:30:00,1.2423,1.24261,1.24028,1.24048,817.2
2010.05.28 13:45:00,1.24045,1.24116,1.24005,1.241,1074.2
2010.05.28 14:00:00,1.24101,1.24133,1.23833,1.23881,1144.4
2010.05.28 14:15:00,1.23886,1.23944,1.23826,1.23903,923
2010.05.28 14:30:00,1.23906,1.23944,1.23839,1.2393,876.4
2010.05.28 14:45:00,1.23941,1.24187,1.23902,1.24151,710.4
2010.05.28 15:00:00,1.24154,1.24176,1.23837,1.23849,775.6
2010.05.28 15:15:00,1.23839,1.23886,1.23497,1.23593,839.1
2010.05.28 15:30:00,1.23609,1.23689,1.23473,1.2357,798.1
2010.05.28 15:45:00,1.23556,1.23704,1.23505,1.23655,1094.6
2010.05.28 16:00:00,1.23641,1.2381,1.23565,1.23767,1148.2
2010.05.28 16:15:00,1.23753,1.23818,1.23447,1.23509,1055.5
2010.05.28 16:30:00,1.23508,1.23525,1.23261,1.23285,1867.9
2010.05.28 16:45:00,1.2328,1.23626,1.23224,1.23584,1316.2
2010.05.28 17:00:00,1.23581,1.23731,1.23463,1.23561,1479.6
2010.05.28 17:15:00,1.23567,1.23672,1.23376,1.2349,1224.6
2010.05.28 17:30:00,1.2348,1.23654,1.23422,1.23541,1375.5
2010.05.28 17:45:00,1.23544,1.23623,1.23244,1.23311,1048.1
2010.05.28 18:00:00,1.233,1.23455,1.23106,1.23286,1204.7
2010.05.28 18:15:00,1.2331,1.23367,1.2318,1.23325,1068.1
2010.05.28 18:30:00,1.2333,1.2352,1.23258,1.23483,1098.8
2010.05.28 18:45:00,1.23491,1.23711,1.23454,1.23673,1299
2010.05.28 19:00:00,1.2369,1.23808,1.23642,1.23692,1114.4
2010.05.28 19:15:00,1.23695,1.23774,1.23635,1.2369,1106.5
2010.05.28 19:30:00,1.23684,1.23705,1.22959,1.2309,1037.8
2010.05.28 19:45:00,1.23086,1.23303,1.22883,1.23231,1082.6
2010.05.28 20:00:00,1.23235,1.23315,1.22951,1.23029,696.4
2010.05.28 20:15:00,1.23016,1.23117,1.22959,1.23043,989.9
2010.05.28 20:30:00,1.23035,1.23101,1.22921,1.23024,706.1
2010.05.28 20:45:00,1.22998,1.23033,1.22862,1.22902,757
2010.05.28 21:00:00,1.22918,1.22962,1.22769,1.22917,645.3
2010.05.28 21:15:00,1.22918,1.22973,1.22873,1.2296,588.4
2010.05.28 21:30:00,1.2295,1.23028,1.22923,1.22934,688.3
2010.05.28 21:45:00,1.22942,1.2305,1.22857,1.2291,525.6
2010.05.28 22:00:00,1.22936,1.23022,1.2281,1.22955,638.4
2010.05.28 22:15:00,1.22951,1.23047,1.22797,1.22832,658.7
2010.05.28 22:30:00,1.22836,1.22867,1.22695,1.22822,683.7
2010.05.28 22:45:00,1.22833,1.22887,1.22676,1.22699,750.1
2010.05.28 23:00:00,1.22698,1.22816,1.22639,1.22661,667.5
2010.05.28 23:15:00,1.22673,1.22709,1.22624,1.22651,978.6
2010.05.28 23:30:00,1.22662,1.22713,1.22622,1.22704,724.1
2010.05.28 23:45:00,1.22702,1.22748,1.22649,1.22707,919.6
2010.05.31 00:00:00,1.22756,1.22756,1.22584,1.22672,896.1
2010.05.31 00:15:00,1.22675,1.22729,1.22629,1.22719,571.4
2010.05.31 00:30:00,1.22707,1.2276,1.22653,1.22751,566.5
2010.05.31 00:45:00,1.22754,1.22874,1.22706,1.22856,689.6
2010.05.31 01:00:00,1.22855,1.22889,1.22747,1.22765,536.3
2010.05.31 01:15:00,1.22762,1.22795,1.22695,1.22789,411.6
2010.05.31 01:30:00,1.22791,1.22833,1.2274,1.2282,480.1
2010.05.31 01:45:00,1.22817,1.22823,1.22651,1.22731,593.1
2010.05.31 02:00:00,1.22747,1.22869,1.22737,1.22866,621.7
2010.05.31 02:15:00,1.22844,1.22913,1.22762,1.2284,493.8
2010.05.31 02:30:00,1.22844,1.22888,1.22784,1.22822,544.1
2010.05.31 02:45:00,1.22807,1.22931,1.22756,1.22884,601.9
2010.05.31 03:00:00,1.2288,1.23107,1.2286,1.23074,336.3
2010.05.31 03:15:00,1.23074,1.23143,1.23023,1.23084,343.8
2010.05.31 03:30:00,1.23099,1.23138,1.22976,1.23037,437.6
2010.05.31 03:45:00,1.23025,1.23063,1.22865,1.22951,336
2010.05.31 04:00:00,1.22984,1.23224,1.22961,1.23192,363.3
2010.05.31 04:15:00,1.23191,1.23252,1.23097,1.23118,339
2010.05.31 04:30:00,1.23115,1.23224,1.23093,1.23206,426.1
2010.05.31 04:45:00,1.23232,1.23239,1.23045,1.23099,372.1
2010.05.31 05:00:00,1.23114,1.23161,1.23065,1.23116,1170.3
2010.05.31 05:15:00,1.23114,1.23176,1.23068,1.23162,1077.2
2010.05.31 05:30:00,1.23159,1.23238,1.23114,1.23216,734.1
2010.05.31 05:45:00,1.23209,1.23313,1.23188,1.23286,865.2
2010.05.31 06:00:00,1.23291,1.23298,1.23205,1.23237,982.5
2010.05.31 06:15:00,1.23248,1.2326,1.23131,1.23227,649
2010.05.31 06:30:00,1.23225,1.23298,1.23191,1.23235,1123.9
2010.05.31 06:45:00,1.23229,1.23248,1.23122,1.23172,1258.5
2010.05.31 07:00:00,1.23193,1.23203,1.22999,1.23046,969.3
2010.05.31 07:15:00,1.2302,1.23136,1.22984,1.23051,779.6
2010.05.31 07:30:00,1.23042,1.23123,1.23016,1.23083,765.3
2010.05.31 07:45:00,1.23078,1.23129,1.23024,1.23094,633
2010.05.31 08:00:00,1.23112,1.23163,1.2309,1.23148,942.6
2010.05.31 08:15:00,1.2314,1.23216,1.23093,1.23201,588.2
2010.05.31 08:30:00,1.23205,1.23347,1.2306,1.2308,707.7
2010.05.31 08:45:00,1.23077,1.2315,1.22986,1.23015,850.6
2010.05.31 09:00:00,1.23026,1.23135,1.22993,1.23104,917.7
2010.05.31 09:15:00,1.23088,1.23167,1.23053,1.23115,940.2
2010.05.31 09:30:00,1.23122,1.23134,1.22872,1.22889,1102.4
2010.05.31 09:45:00,1.22882,1.22917,1.22798,1.22878,678.8
2010.05.31 10:00:00,1.22854,1.23031,1.22807,1.22889,1265.6
2010.05.31 10:15:00,1.22891,1.23008,1.22843,1.2299,1063.7
2010.05.31 10:30:00,1.22966,1.23059,1.22879,1.2295,975
2010.05.31 10:45:00,1.22947,1.23163,1.22917,1.23084,992.1
2010.05.31 11:00:00,1.23079,1.23128,1.23047,1.23089,1175.7
2010.05.31 11:15:00,1.23091,1.23129,1.23022,1.23081,1048.4
2010.05.31 11:30:00,1.23063,1.23114,1.22967,1.23093,1178.7
2010.05.31 11:45:00,1.23095,1.23142,1.22966,1.22999,1076.9
2010.05.31 12:00:00,1.22996,1.23057,1.22964,1.23023,1125.8
2010.05.31 12:15:00,1.23031,1.23058,1.22843,1.22886,1018.8
2010.05.31 12:30:00,1.22874,1.22993,1.22845,1.22957,1068.2
2010.05.31 12:45:00,1.22954,1.23028,1.22903,1.22943,1148.5
2010.05.31 13:00:00,1.22957,1.23025,1.22901,1.22963,1181.8
2010.05.31 13:15:00,1.22963,1.23066,1.22943,1.23044,987
2010.05.31 13:30:00,1.23046,1.23068,1.22993,1.22996,690.5
2010.05.31 13:45:00,1.23011,1.23028,1.22893,1.22914,971.3
2010.05.31 14:00:00,1.22924,1.23005,1.22891,1.22973,1117.6
2010.05.31 14:15:00,1.22967,1.23044,1.22887,1.23007,985
2010.05.31 14:30:00,1.23025,1.23063,1.2294,1.23009,798.3
2010.05.31 14:45:00,1.23018,1.23092,1.22917,1.23063,733.5
2010.05.31 15:00:00,1.23041,1.23124,1.2296,1.23038,904.6
2010.05.31 15:15:00,1.23057,1.23217,1.2305,1.23144,900.1
2010.05.31 15:30:00,1.23154,1.23176,1.2307,1.23126,737.7
2010.05.31 15:45:00,1.23135,1.23203,1.23071,1.2317,1105.2
2010.05.31 16:00:00,1.23164,1.23249,1.23131,1.23183,1113.4
2010.05.31 16:15:00,1.2318,1.23235,1.2314,1.23171,1093.7
2010.05.31 16:30:00,1.23166,1.23202,1.2307,1.23077,1746.7
2010.05.31 16:45:00,1.23096,1.23138,1.23003,1.23051,1109.7
2010.05.31 17:00:00,1.23055,1.23106,1.22952,1.22976,1524.1
2010.05.31 17:15:00,1.2298,1.23012,1.22912,1.22981,1204.1
2010.05.31 17:30:00,1.22983,1.23025,1.22895,1.22923,1513
2010.05.31 17:45:00,1.22934,1.22993,1.22702,1.22725,1183.7
2010.05.31 18:00:00,1.22693,1.22856,1.22656,1.22824,1199.3
2010.05.31 18:15:00,1.22847,1.22906,1.22782,1.22832,1150.6
2010.05.31 18:30:00,1.22826,1.22849,1.2277,1.22803,1133.2
2010.05.31 18:45:00,1.228,1.22817,1.22702,1.22724,1334.4
2010.05.31 19:00:00,1.22754,1.22769,1.22663,1.22699,1062
2010.05.31 19:15:00,1.22705,1.2293,1.22683,1.22873,1027.2
2010.05.31 19:30:00,1.22902,1.22937,1.22842,1.22871,892
2010.05.31 19:45:00,1.22859,1.22947,1.22796,1.22927,985.6
2010.05.31 20:00:00,1.22942,1.23122,1.22795,1.22999,754.5
2010.05.31 20:15:00,1.23017,1.23072,1.22892,1.23056,974.7
2010.05.31 20:30:00,1.2303,1.23062,1.22907,1.23024,785.5
2010.05.31 20:45:00,1.2303,1.231,1.2296,1.23005,710.3
2010.05.31 21:00:00,1.23013,1.23028,1.22906,1.22951,676.4
2010.05.31 21:15:00,1.22952,1.23082,1.22931,1.23038,541.2
2010.05.31 21:30:00,1.23039,1.2306,1.22964,1.22999,678.5
2010.05.31 21:45:00,1.23004,1.23069,1.2295,1.23067,575.9
2010.05.31 22:00:00,1.23063,1.23117,1.22969,1.23062,771.1
2010.05.31 22:15:00,1.23071,1.23144,1.23028,1.23093,637.1
2010.05.31 22:30:00,1.23084,1.23125,1.22955,1.22998,698.1
2010.05.31 22:45:00,1.22995,1.23046,1.22972,1.23014,761.5
2010.05.31 23:00:00,1.23033,1.23059,1.2299,1.2301,730.9
2010.05.31 23:15:00,1.23013,1.23043,1.2298,1.23017,1020.3
2010.05.31 23:30:00,1.2301,1.23038,1.22944,1.23008,805.9
2010.05.31 23:45:00,1.23001,1.23067,1.22962,1.23052,995
2010.06.01 00:00:00,1.23038,1.23081,1.23016,1.23045,946.5
2010.06.01 00:15:00,1.23047,1.23073,1.23022,1.23045,516.5
2010.06.01 00:30:00,1.23039,1.23062,1.23013,1.23047,520.3
2010.06.01 00:45:00,1.23032,1.23101,1.23017,1.23074,679.9
2010.06.01 01:00:00,1.23055,1.23085,1.23002,1.23046,496.7
2010.06.01 01:15:00,1.23009,1.23042,1.22955,1.2298,400.6
2010.06.01 01:30:00,1.22983,1.22995,1.22871,1.22893,433.6
2010.06.01 01:45:00,1.22909,1.22928,1.22837,1.22868,511.2
2010.06.01 02:00:00,1.22863,1.2288,1.22803,1.22867,644.7
2010.06.01 02:15:00,1.22863,1.22875,1.22791,1.22817,560.8
2010.06.01 02:30:00,1.22797,1.22909,1.22765,1.22837,591.2
2010.06.01 02:45:00,1.22838,1.22869,1.22686,1.22711,520
2010.06.01 03:00:00,1.22709,1.22721,1.22606,1.2264,406.8
2010.06.01 03:15:00,1.22661,1.22685,1.2259,1.22635,336.1
2010.06.01 03:30:00,1.22639,1.22644,1.22503,1.22552,405.4
2010.06.01 03:45:00,1.22552,1.22573,1.22455,1.22557,382
2010.06.01 04:00:00,1.22569,1.22628,1.2246,1.22609,394.9
2010.06.01 04:15:00,1.22591,1.22671,1.22557,1.22604,344.9
2010.06.01 04:30:00,1.22625,1.22688,1.22536,1.22543,401.6
2010.06.01 04:45:00,1.2255,1.22603,1.22493,1.22552,424.7
2010.06.01 05:00:00,1.22555,1.22727,1.22534,1.22624,1012.6
2010.06.01 05:15:00,1.22637,1.22696,1.22505,1.2254,887.9
2010.06.01 05:30:00,1.2256,1.22628,1.22502,1.22601,700.9
2010.06.01 05:45:00,1.22608,1.22653,1.22527,1.22549,840.8
2010.06.01 06:00:00,1.22565,1.22705,1.22537,1.22641,948.7
2010.06.01 06:15:00,1.22641,1.22672,1.2255,1.22583,667.9
2010.06.01 06:30:00,1.22599,1.22675,1.22537,1.22601,1157.3
2010.06.01 06:45:00,1.22616,1.22639,1.22504,1.22553,1139.6
2010.06.01 07:00:00,1.22545,1.22606,1.22499,1.22514,832.4
2010.06.01 07:15:00,1.22541,1.22667,1.22507,1.22631,837.1
2010.06.01 07:30:00,1.22622,1.22747,1.22574,1.22695,677.6
2010.06.01 07:45:00,1.22686,1.22726,1.22621,1.22673,604.4
2010.06.01 08:00:00,1.2265,1.22819,1.22642,1.22769,881.6
2010.06.01 08:15:00,1.22761,1.22836,1.22725,1.22759,653.2
2010.06.01 08:30:00,1.22744,1.22888,1.22724,1.22856,779.3
2010.06.01 08:45:00,1.22854,1.22964,1.2274,1.22768,839.5
2010.06.01 09:00:00,1.22758,1.22867,1.22588,1.22588,940.1
2010.06.01 09:15:00,1.22616,1.22735,1.22561,1.22598,1036.2
2010.06.01 09:30:00,1.22595,1.22673,1.22494,1.22533,1009.9
2010.06.01 09:45:00,1.22538,1.22646,1.22308,1.22413,831.7
2010.06.01 10:00:00,1.22405,1.22433,1.22104,1.22173,1228
2010.06.01 10:15:00,1.22147,1.22184,1.21838,1.21931,905.2
2010.06.01 10:30:00,1.2193,1.22064,1.21856,1.21885,1050.3
2010.06.01 10:45:00,1.21876,1.22015,1.21716,1.21992,1010.5
2010.06.01 11:00:00,1.2198,1.22045,1.21859,1.21955,1080.6
2010.06.01 11:15:00,1.21953,1.22012,1.21743,1.21792,1122.8
2010.06.01 11:30:00,1.2181,1.21839,1.21467,1.21624,1071.6
2010.06.01 11:45:00,1.21619,1.21644,1.21141,1.21408,1014.5
2010.06.01 12:00:00,1.21408,1.21494,1.21295,1.21317,1058.8
2010.06.01 12:15:00,1.21308,1.21325,1.21088,1.21185,1073.8
2010.06.01 12:30:00,1.21184,1.21267,1.21135,1.21237,1039
2010.06.01 12:45:00,1.21212,1.21402,1.21168,1.21286,1043.9
2010.06.01 13:00:00,1.21276,1.21365,1.21189,1.21304,1055.2
2010.06.01 13:15:00,1.21313,1.21318,1.21226,1.21282,930.4
2010.06.01 13:30:00,1.21283,1.21371,1.21207,1.21292,789
2010.06.01 13:45:00,1.21293,1.21446,1.21252,1.21361,1010.4
2010.06.01 14:00:00,1.21358,1.21669,1.21333,1.21578,1104
2010.06.01 14:15:00,1.21592,1.21732,1.21493,1.21582,911.3
2010.06.01 14:30:00,1.21583,1.21775,1.21515,1.21566,814.3
2010.06.01 14:45:00,1.21555,1.21746,1.21523,1.21624,771.4
2010.06.01 15:00:00,1.21635,1.21725,1.21517,1.21551,779.6
2010.06.01 15:15:00,1.21544,1.21711,1.21509,1.21698,917.2
2010.06.01 15:30:00,1.21696,1.21837,1.21547,1.21772,899.2
2010.06.01 15:45:00,1.21773,1.21825,1.21676,1.21783,1071.7
2010.06.01 16:00:00,1.21789,1.21936,1.21743,1.21833,1053.6
2010.06.01 16:15:00,1.21826,1.22035,1.21811,1.21967,1140.5
2010.06.01 16:30:00,1.2196,1.22245,1.21844,1.22191,1795.6
2010.06.01 16:45:00,1.22203,1.22285,1.22107,1.22173,1229.6
2010.06.01 17:00:00,1.22174,1.22449,1.22125,1.22374,1443.2
2010.06.01 17:15:00,1.22365,1.234,1.22343,1.23211,1169.1
2010.06.01 17:30:00,1.23216,1.23528,1.22959,1.23022,1356.4
2010.06.01 17:45:00,1.23023,1.23084,1.22757,1.22876,1106
2010.06.01 18:00:00,1.22849,1.22927,1.22707,1.22871,1136
2010.06.01 18:15:00,1.22868,1.22965,1.22761,1.22936,1134
2010.06.01 18:30:00,1.22918,1.23043,1.2264,1.22701,1050
2010.06.01 18:45:00,1.22712,1.22727,1.22585,1.22656,1468.8
2010.06.01 19:00:00,1.22648,1.22856,1.22613,1.22774,1173.9
2010.06.01 19:15:00,1.22779,1.22846,1.22705,1.22792,985.9
2010.06.01 19:30:00,1.22791,1.22838,1.22652,1.22757,882.2
2010.06.01 19:45:00,1.22753,1.22797,1.22701,1.22745,943.1
2010.06.01 20:00:00,1.22744,1.22812,1.22665,1.22755,708.9
2010.06.01 20:15:00,1.22761,1.23002,1.2274,1.22972,956.7
2010.06.01 20:30:00,1.22956,1.23137,1.22935,1.23031,783.4
2010.06.01 20:45:00,1.23021,1.23045,1.22808,1.22895,770.7
2010.06.01 21:00:00,1.22876,1.229,1.22654,1.2273,705.2
2010.06.01 21:15:00,1.22709,1.22745,1.22621,1.22668,601.9
2010.06.01 21:30:00,1.22665,1.22765,1.22634,1.227,774.8
2010.06.01 21:45:00,1.22671,1.22744,1.22478,1.22559,547.7
2010.06.01 22:00:00,1.22558,1.22637,1.22457,1.22616,638.1
2010.06.01 22:15:00,1.22621,1.22673,1.22403,1.22497,626.6
2010.06.01 22:30:00,1.22459,1.22596,1.22449,1.22481,641.2
2010.06.01 22:45:00,1.22476,1.22487,1.22323,1.22359,828.4
2010.06.01 23:00:00,1.22351,1.22378,1.223,1.22363,689.3
2010.06.01 23:15:00,1.22354,1.22443,1.2231,1.22434,922.2
2010.06.01 23:30:00,1.2243,1.22465,1.22371,1.22406,864.8
2010.06.01 23:45:00,1.22394,1.22439,1.22242,1.22283,1008.4
2010.06.02 00:00:00,1.22273,1.22372,1.22236,1.22332,981.3
2010.06.02 00:15:00,1.22325,1.2233,1.22095,1.22135,470.4
2010.06.02 00:30:00,1.22142,1.22147,1.22056,1.22065,535.5
2010.06.02 00:45:00,1.22052,1.22115,1.21987,1.22109,654.4
2010.06.02 01:00:00,1.22093,1.22376,1.22092,1.22296,521.5
2010.06.02 01:15:00,1.22286,1.22359,1.22267,1.22322,429.7
2010.06.02 01:30:00,1.22338,1.22355,1.22233,1.22263,483.2
2010.06.02 01:45:00,1.22252,1.2236,1.22244,1.22338,529.4
2010.06.02 02:00:00,1.22345,1.22406,1.22295,1.22375,658.2
2010.06.02 02:15:00,1.22388,1.22532,1.22364,1.22451,495.3
2010.06.02 02:30:00,1.22434,1.22468,1.22347,1.22412,541.5
2010.06.02 02:45:00,1.22388,1.22468,1.22352,1.22454,609.4
2010.06.02 03:00:00,1.22459,1.2247,1.22151,1.22158,460.3
2010.06.02 03:15:00,1.22116,1.22166,1.22009,1.22055,324
2010.06.02 03:30:00,1.22071,1.22263,1.21996,1.22256,435.3
2010.06.02 03:45:00,1.22242,1.22521,1.22164,1.22521,419
2010.06.02 04:00:00,1.22523,1.22536,1.22297,1.22328,375.1
2010.06.02 04:15:00,1.22309,1.22369,1.2224,1.2231,362.5
2010.06.02 04:30:00,1.2233,1.22623,1.22305,1.22554,377.4
2010.06.02 04:45:00,1.22532,1.22589,1.22451,1.22496,385.5
2010.06.02 05:00:00,1.22503,1.22557,1.22327,1.2252,1013.9
2010.06.02 05:15:00,1.22524,1.22567,1.22428,1.2255,955.8
2010.06.02 05:30:00,1.22536,1.22578,1.22423,1.22448,736.5
2010.06.02 05:45:00,1.22439,1.22516,1.22399,1.22454,835.2
2010.06.02 06:00:00,1.22456,1.22471,1.22256,1.22263,901.8
2010.06.02 06:15:00,1.22292,1.22416,1.22251,1.22356,728.5
2010.06.02 06:30:00,1.22373,1.2239,1.22058,1.22156,1036.5
2010.06.02 06:45:00,1.22136,1.22198,1.22006,1.22113,1128.8
2010.06.02 07:00:00,1.22116,1.22164,1.21921,1.22092,880.4
2010.06.02 07:15:00,1.22093,1.22118,1.21889,1.21922,938.8
2010.06.02 07:30:00,1.21905,1.21996,1.21835,1.21994,716.6
2010.06.02 07:45:00,1.2199,1.22116,1.21958,1.22079,644.5
2010.06.02 08:00:00,1.22086,1.22111,1.21838,1.21959,888.4
2010.06.02 08:15:00,1.21975,1.22122,1.21928,1.22068,690.6
2010.06.02 08:30:00,1.22083,1.22208,1.22047,1.22192,716.2
2010.06.02 08:45:00,1.22195,1.2231,1.22003,1.22165,883
2010.06.02 09:00:00,1.22145,1.22329,1.22044,1.22234,863
2010.06.02 09:15:00,1.22219,1.22261,1.21988,1.22088,944.4
2010.06.02 09:30:00,1.22074,1.22228,1.21907,1.22195,965.8
2010.06.02 09:45:00,1.22198,1.22264,1.22013,1.22218,756.3
2010.06.02 10:00:00,1.22187,1.22274,1.22006,1.2219,1218.1
2010.06.02 10:15:00,1.22178,1.22499,1.22137,1.2243,1007.5
2010.06.02 10:30:00,1.22445,1.2246,1.22235,1.22318,894.5
2010.06.02 10:45:00,1.22327,1.22436,1.22181,1.22277,977
2010.06.02 11:00:00,1.22287,1.22342,1.22198,1.22277,1166.5
2010.06.02 11:15:00,1.22263,1.22315,1.22091,1.22245,1170
2010.06.02 11:30:00,1.2223,1.22255,1.22038,1.2205,1090.6
2010.06.02 11:45:00,1.22047,1.22257,1.22003,1.22157,1011.3
2010.06.02 12:00:00,1.22169,1.22437,1.22135,1.22348,1134.5
2010.06.02 12:15:00,1.22351,1.22448,1.22272,1.22349,952.4
2010.06.02 12:30:00,1.2237,1.22596,1.22323,1.22542,1007.8
2010.06.02 12:45:00,1.22543,1.2273,1.22516,1.22566,1224
2010.06.02 13:00:00,1.22554,1.22679,1.22442,1.22622,1046.8
2010.06.02 13:15:00,1.22619,1.22655,1.22298,1.22356,1029.9
2010.06.02 13:30:00,1.22343,1.22405,1.22138,1.22244,842.1
2010.06.02 13:45:00,1.22253,1.22424,1.22169,1.2231,992.5
2010.06.02 14:00:00,1.22319,1.22389,1.22094,1.22118,1063.5
2010.06.02 14:15:00,1.22097,1.22295,1.22059,1.22249,921.9
2010.06.02 14:30:00,1.22252,1.22273,1.22041,1.22115,788.2
2010.06.02 14:45:00,1.22106,1.222,1.21999,1.22191,856.3
2010.06.02 15:00:00,1.22189,1.2226,1.22107,1.22184,802.1
2010.06.02 15:15:00,1.22175,1.22196,1.21942,1.21984,950.9
2010.06.02 15:30:00,1.21993,1.22035,1.21776,1.21924,854.4
2010.06.02 15:45:00,1.21949,1.22015,1.21745,1.21822,1032.9
2010.06.02 16:00:00,1.21819,1.21954,1.21748,1.21852,1175.9
2010.06.02 16:15:00,1.21864,1.22164,1.21847,1.22162,917.9
2010.06.02 16:30:00,1.22163,1.22177,1.21885,1.21966,1804.4
2010.06.02 16:45:00,1.21975,1.22062,1.21797,1.21953,1143.5
2010.06.02 17:00:00,1.21962,1.22155,1.21845,1.22032,1406.3
2010.06.02 17:15:00,1.22034,1.22135,1.21964,1.22022,1212.7
2010.06.02 17:30:00,1.22017,1.22148,1.21979,1.21998,1402.4
2010.06.02 17:45:00,1.22001,1.22099,1.21853,1.21994,1183.5
2010.06.02 18:00:00,1.21994,1.22213,1.21934,1.22134,1220.5
2010.06.02 18:15:00,1.22125,1.2215,1.21992,1.22024,1255.4
2010.06.02 18:30:00,1.22011,1.22086,1.21952,1.22054,1010.7
2010.06.02 18:45:00,1.22067,1.22125,1.21956,1.22043,1254.7
2010.06.02 19:00:00,1.22026,1.22523,1.22021,1.2235,1143.6
2010.06.02 19:15:00,1.22349,1.22446,1.22235,1.22326,1046.2
2010.06.02 19:30:00,1.22309,1.22467,1.22282,1.22455,943.9
2010.06.02 19:45:00,1.22441,1.22614,1.22408,1.22574,1025.7
2010.06.02 20:00:00,1.22557,1.2264,1.2248,1.22515,628.9
2010.06.02 20:15:00,1.22515,1.22525,1.22293,1.22322,1033.7
2010.06.02 20:30:00,1.22314,1.22418,1.22276,1.22278,696.3
2010.06.02 20:45:00,1.2225,1.22342,1.22148,1.22211,791.6
2010.06.02 21:00:00,1.22213,1.22241,1.22112,1.22192,820.2
2010.06.02 21:15:00,1.222,1.22206,1.22088,1.22179,618.5
2010.06.02 21:30:00,1.22172,1.22383,1.22154,1.22342,667.1
2010.06.02 21:45:00,1.22349,1.2241,1.22249,1.22356,487.3
2010.06.02 22:00:00,1.22343,1.22487,1.22291,1.22434,559
2010.06.02 22:15:00,1.22456,1.22516,1.22375,1.22429,707.2
2010.06.02 22:30:00,1.22443,1.22472,1.22376,1.22434,580.3
2010.06.02 22:45:00,1.22445,1.22477,1.22384,1.22447,725.7
2010.06.02 23:00:00,1.22447,1.22457,1.22352,1.22377,615.1
2010.06.02 23:15:00,1.22394,1.22456,1.22344,1.22442,992
2010.06.02 23:30:00,1.22424,1.22553,1.224,1.22546,836
2010.06.02 23:45:00,1.22533,1.22565,1.22423,1.22485,1157.2
2010.06.03 00:00:00,1.22493,1.22565,1.22465,1.22486,929.9
2010.06.03 00:15:00,1.2249,1.2252,1.22442,1.22487,505.7
2010.06.03 00:30:00,1.22463,1.22535,1.22424,1.2253,527.2
2010.06.03 00:45:00,1.22526,1.22533,1.2244,1.22496,661.9
2010.06.03 01:00:00,1.22482,1.2252,1.22425,1.22466,550.4
2010.06.03 01:15:00,1.22465,1.22468,1.22364,1.22391,452.4
2010.06.03 01:30:00,1.22382,1.22415,1.22342,1.22402,432.5
2010.06.03 01:45:00,1.22392,1.22402,1.22328,1.22361,577.5
2010.06.03 02:00:00,1.22351,1.2238,1.22229,1.22329,624.3
2010.06.03 02:15:00,1.22326,1.22353,1.22261,1.22336,521.3
2010.06.03 02:30:00,1.22341,1.22493,1.22335,1.22437,507.5
2010.06.03 02:45:00,1.22428,1.22518,1.22374,1.22496,527.6
2010.06.03 03:00:00,1.22502,1.22637,1.22444,1.22616,348.1
2010.06.03 03:15:00,1.22605,1.22666,1.22515,1.22542,324.1
2010.06.03 03:30:00,1.22536,1.22699,1.22483,1.22666,409.7
2010.06.03 03:45:00,1.22672,1.22811,1.22602,1.2277,377.2
2010.06.03 04:00:00,1.22764,1.22961,1.22757,1.2291,427.4
2010.06.03 04:15:00,1.22909,1.22943,1.22862,1.22914,378.7
2010.06.03 04:30:00,1.2296,1.23064,1.22936,1.23013,375.1
2010.06.03 04:45:00,1.23008,1.23074,1.22906,1.22945,380.1
2010.06.03 05:00:00,1.22939,1.23001,1.22836,1.22923,1123.6
2010.06.03 05:15:00,1.2294,1.22958,1.22839,1.22897,909.2
2010.06.03 05:30:00,1.22902,1.22948,1.22788,1.22822,652.9
2010.06.03 05:45:00,1.22827,1.22862,1.22744,1.22824,823.2
2010.06.03 06:00:00,1.2282,1.22888,1.22802,1.22847,938.5
2010.06.03 06:15:00,1.2285,1.2296,1.22827,1.22942,716
2010.06.03 06:30:00,1.22941,1.22989,1.22871,1.22884,1069.5
2010.06.03 06:45:00,1.22911,1.22959,1.22874,1.22914,1109.9
2010.06.03 07:00:00,1.22924,1.22978,1.22884,1.22904,858.3
2010.06.03 07:15:00,1.22896,1.22917,1.22802,1.22875,823
2010.06.03 07:30:00,1.22881,1.23065,1.22833,1.22963,775
2010.06.03 07:45:00,1.22961,1.23031,1.22864,1.22898,684.3
2010.06.03 08:00:00,1.22879,1.2299,1.22852,1.22979,929.8
2010.06.03 08:15:00,1.22946,1.23168,1.22941,1.23126,743.9
2010.06.03 08:30:00,1.23119,1.23176,1.23036,1.23083,762.7
2010.06.03 08:45:00,1.23079,1.23198,1.23026,1.23163,811.4
2010.06.03 09:00:00,1.23148,1.23265,1.23019,1.23066,873.9
2010.06.03 09:15:00,1.23068,1.23142,1.22905,1.23019,1104.9
2010.06.03 09:30:00,1.23014,1.23096,1.22853,1.22973,1127.5
2010.06.03 09:45:00,1.2297,1.23055,1.22809,1.23043,853.7
2010.06.03 10:00:00,1.23036,1.23275,1.22988,1.23025,1111.6
2010.06.03 10:15:00,1.23033,1.2309,1.2284,1.22882,1042.4
2010.06.03 10:30:00,1.22867,1.22908,1.22766,1.22836,956.1
2010.06.03 10:45:00,1.22844,1.2299,1.22801,1.22911,1171.8
2010.06.03 11:00:00,1.22917,1.23057,1.22844,1.22984,1027.5
2010.06.03 11:15:00,1.22985,1.23169,1.22963,1.23016,1041.5
2010.06.03 11:30:00,1.23009,1.23037,1.22822,1.22893,1107.8
2010.06.03 11:45:00,1.22895,1.23024,1.22863,1.22987,1019.4
2010.06.03 12:00:00,1.22979,1.23144,1.22838,1.22865,1044.1
2010.06.03 12:15:00,1.22846,1.22909,1.22642,1.22847,941.2
2010.06.03 12:30:00,1.22835,1.22944,1.22787,1.22894,1052.5
2010.06.03 12:45:00,1.22886,1.22915,1.22801,1.22843,1246.9
2010.06.03 13:00:00,1.22833,1.22877,1.22602,1.22665,1128.4
2010.06.03 13:15:00,1.22618,1.22698,1.22504,1.22539,990.5
2010.06.03 13:30:00,1.22536,1.22605,1.22467,1.22568,809.3
2010.06.03 13:45:00,1.2257,1.22594,1.22453,1.22482,895.7
2010.06.03 14:00:00,1.22476,1.22529,1.22375,1.22451,1076.2
2010.06.03 14:15:00,1.22446,1.22554,1.22355,1.22404,908.3
2010.06.03 14:30:00,1.22392,1.22597,1.22291,1.22579,852.5
2010.06.03 14:45:00,1.22568,1.22687,1.22542,1.22622,723.3
2010.06.03 15:00:00,1.22606,1.22688,1.22534,1.22659,861.8
2010.06.03 15:15:00,1.22694,1.22714,1.22483,1.22559,901.6
2010.06.03 15:30:00,1.22541,1.22594,1.22408,1.22493,780
2010.06.03 15:45:00,1.22504,1.22706,1.22456,1.22618,1051.1
2010.06.03 16:00:00,1.22606,1.22658,1.22504,1.22579,1135.8
2010.06.03 16:15:00,1.22577,1.22624,1.22443,1.22535,1072.9
2010.06.03 16:30:00,1.22533,1.22561,1.2229,1.22377,1792.9
2010.06.03 16:45:00,1.22375,1.22539,1.22333,1.22502,1134.2
2010.06.03 17:00:00,1.22514,1.22546,1.22114,1.22145,1433.9
2010.06.03 17:15:00,1.22134,1.22215,1.21972,1.21983,1188.7
2010.06.03 17:30:00,1.21969,1.22034,1.21877,1.21961,1433
2010.06.03 17:45:00,1.21956,1.221,1.21943,1.22037,1055.5
2010.06.03 18:00:00,1.22042,1.22155,1.22001,1.22082,1292.9
2010.06.03 18:15:00,1.22099,1.22136,1.21875,1.21906,1083
2010.06.03 18:30:00,1.21892,1.22051,1.21852,1.22021,1009.1
2010.06.03 18:45:00,1.22003,1.22096,1.21848,1.21912,1303.3
2010.06.03 19:00:00,1.2192,1.21955,1.21813,1.21902,1124.3
2010.06.03 19:15:00,1.21891,1.21931,1.21573,1.21684,1002.8
2010.06.03 19:30:00,1.21684,1.21712,1.21503,1.21645,1011.6
2010.06.03 19:45:00,1.21641,1.21769,1.21608,1.21764,1053.7
2010.06.03 20:00:00,1.21756,1.21792,1.2166,1.21719,752.2
2010.06.03 20:15:00,1.21718,1.21768,1.21604,1.21664,977.2
2010.06.03 20:30:00,1.21644,1.21822,1.2164,1.21737,799.9
2010.06.03 20:45:00,1.21746,1.21778,1.21642,1.21685,765
2010.06.03 21:00:00,1.21685,1.21836,1.21621,1.21789,683.7
2010.06.03 21:15:00,1.21789,1.21845,1.21743,1.21782,555.8
2010.06.03 21:30:00,1.21778,1.21917,1.21737,1.21894,748.8
2010.06.03 21:45:00,1.21897,1.2192,1.21741,1.21771,581.9
2010.06.03 22:00:00,1.2179,1.21839,1.21662,1.21695,714.3
2010.06.03 22:15:00,1.21661,1.21699,1.21569,1.21688,652.1
2010.06.03 22:30:00,1.21676,1.2171,1.21573,1.21656,696.4
2010.06.03 22:45:00,1.21655,1.21658,1.21535,1.21574,723.2
2010.06.03 23:00:00,1.21573,1.21598,1.21505,1.21529,744.1
2010.06.03 23:15:00,1.21525,1.21639,1.21504,1.2158,828
2010.06.03 23:30:00,1.21602,1.21662,1.21576,1.21618,845.4
2010.06.03 23:45:00,1.21614,1.21666,1.21556,1.21623,1104.7
2010.06.04 00:00:00,1.21614,1.2166,1.21561,1.21584,911.3
2010.06.04 00:15:00,1.21582,1.21644,1.21553,1.21618,483
2010.06.04 00:30:00,1.21611,1.21651,1.2159,1.21613,496.8
2010.06.04 00:45:00,1.21616,1.21659,1.21589,1.21622,710.5
2010.06.04 01:00:00,1.2162,1.2168,1.21591,1.21663,489.7
2010.06.04 01:15:00,1.21681,1.21727,1.21643,1.2168,434.2
2010.06.04 01:30:00,1.21669,1.21705,1.21628,1.21674,477.8
2010.06.04 01:45:00,1.21674,1.21717,1.21636,1.21709,514.3
2010.06.04 02:00:00,1.21687,1.21735,1.216,1.21613,636.2
2010.06.04 02:15:00,1.21609,1.21676,1.21547,1.21647,482.4
2010.06.04 02:30:00,1.21643,1.21679,1.21592,1.21627,432.2
2010.06.04 02:45:00,1.21639,1.21794,1.21619,1.21755,517.6
2010.06.04 03:00:00,1.21781,1.21792,1.21701,1.21777,317
2010.06.04 03:15:00,1.21771,1.21772,1.21627,1.21755,317.9
2010.06.04 03:30:00,1.21751,1.21829,1.2173,1.21786,410.9
2010.06.04 03:45:00,1.2179,1.21793,1.21665,1.21693,327.8
2010.06.04 04:00:00,1.21679,1.21767,1.21663,1.21732,393.5
2010.06.04 04:15:00,1.21749,1.21798,1.21677,1.21778,395.9
2010.06.04 04:30:00,1.21767,1.21849,1.21736,1.21752,422.5
2010.06.04 04:45:00,1.21745,1.21806,1.21727,1.21795,368.4
2010.06.04 05:00:00,1.21801,1.21804,1.21637,1.21666,1076.3
2010.06.04 05:15:00,1.21673,1.21738,1.21606,1.21705,911.6
2010.06.04 05:30:00,1.21712,1.21788,1.21652,1.21743,662.7
2010.06.04 05:45:00,1.21742,1.21788,1.21694,1.21774,882.4
2010.06.04 06:00:00,1.21777,1.2184,1.21745,1.21817,1040.8
2010.06.04 06:15:00,1.21817,1.21836,1.21754,1.21794,632.5
2010.06.04 06:30:00,1.21805,1.21866,1.21756,1.21812,1029.1
2010.06.04 06:45:00,1.21813,1.21837,1.21734,1.21778,1255.3
2010.06.04 07:00:00,1.21768,1.21817,1.21706,1.21752,806.1
2010.06.04 07:15:00,1.21746,1.21827,1.21726,1.21801,880.9
2010.06.04 07:30:00,1.21787,1.21819,1.21753,1.21787,770.7
2010.06.04 07:45:00,1.21771,1.2182,1.21709,1.21775,624.8
2010.06.04 08:00:00,1.2177,1.21788,1.21695,1.21751,864.4
2010.06.04 08:15:00,1.21768,1.21784,1.21683,1.21717,630.8
2010.06.04 08:30:00,1.21716,1.21769,1.21621,1.21706,708.1
2010.06.04 08:45:00,1.21694,1.21795,1.21675,1.21767,871.4
2010.06.04 09:00:00,1.21784,1.21865,1.2175,1.21817,929.9
2010.06.04 09:15:00,1.218,1.21911,1.21775,1.21809,1005.2
2010.06.04 09:30:00,1.21811,1.21847,1.21737,1.21831,967.9
2010.06.04 09:45:00,1.21834,1.21915,1.21752,1.21826,843.5
2010.06.04 10:00:00,1.21836,1.21868,1.21707,1.21814,1312.6
2010.06.04 10:15:00,1.21821,1.21836,1.21704,1.21763,1068.9
2010.06.04 10:30:00,1.21763,1.21849,1.21736,1.21777,940.1
2010.06.04 10:45:00,1.21775,1.2193,1.21742,1.21912,1072.7
2010.06.04 11:00:00,1.21905,1.2205,1.21861,1.21981,1037.8
2010.06.04 11:15:00,1.21957,1.22016,1.21893,1.21979,1132
2010.06.04 11:30:00,1.21973,1.22134,1.21914,1.22071,1146.6
2010.06.04 11:45:00,1.22085,1.2215,1.21965,1.22047,1136.9
2010.06.04 12:00:00,1.22035,1.22158,1.21933,1.2203,1100
2010.06.04 12:15:00,1.22023,1.22043,1.21926,1.21979,947.4
2010.06.04 12:30:00,1.21961,1.22005,1.2192,1.21944,1005.3
2010.06.04 12:45:00,1.21943,1.21968,1.21801,1.21865,1092
2010.06.04 13:00:00,1.21858,1.21903,1.21736,1.21794,1157.4
2010.06.04 13:15:00,1.218,1.21829,1.21706,1.21769,895.8
2010.06.04 13:30:00,1.21752,1.2177,1.21599,1.21715,751
2010.06.04 13:45:00,1.21731,1.21841,1.21626,1.21671,910.4
2010.06.04 14:00:00,1.21661,1.21697,1.20888,1.20992,1080.5
2010.06.04 14:15:00,1.21039,1.21213,1.20963,1.21141,843
2010.06.04 14:30:00,1.21135,1.21156,1.20524,1.20599,860.1
2010.06.04 14:45:00,1.20585,1.20643,1.20373,1.20497,731.2
2010.06.04 15:00:00,1.20515,1.20746,1.20474,1.20591,862.7
2010.06.04 15:15:00,1.20585,1.20671,1.20331,1.2066,893.6
2010.06.04 15:30:00,1.20644,1.20702,1.20185,1.20461,796
2010.06.04 15:45:00,1.20426,1.20571,1.20255,1.20486,1081.3
2010.06.04 16:00:00,1.20486,1.20564,1.20299,1.20463,1223.4
2010.06.04 16:15:00,1.20462,1.20629,1.20332,1.2057,1078.8
2010.06.04 16:30:00,1.20553,1.20587,1.20423,1.20552,1720.2
2010.06.04 16:45:00,1.2051,1.20668,1.20366,1.20503,1129.4
2010.06.04 17:00:00,1.20506,1.20544,1.20291,1.2042,1491.2
2010.06.04 17:15:00,1.20419,1.20799,1.20198,1.20632,1193
2010.06.04 17:30:00,1.20624,1.20673,1.20453,1.20467,1328.5
2010.06.04 17:45:00,1.20467,1.20548,1.2031,1.20339,1250
2010.06.04 18:00:00,1.20346,1.20448,1.20213,1.20295,1218.9
2010.06.04 18:15:00,1.20294,1.20386,1.20004,1.20091,1093.3
2010.06.04 18:30:00,1.20089,1.20219,1.19917,1.19968,1033.8
2010.06.04 18:45:00,1.19979,1.20107,1.19939,1.19965,1244.4
2010.06.04 19:00:00,1.19971,1.19996,1.19716,1.199,1150.3
2010.06.04 19:15:00,1.19901,1.19972,1.19825,1.19902,983.6
2010.06.04 19:30:00,1.19897,1.20014,1.19853,1.19883,925.5
2010.06.04 19:45:00,1.1989,1.202,1.19875,1.20195,997.3
2010.06.04 20:00:00,1.20217,1.20227,1.20057,1.20109,683.9
2010.06.04 20:15:00,1.20108,1.20174,1.19945,1.20145,937.9
2010.06.04 20:30:00,1.20127,1.20185,1.20041,1.20105,765.4
2010.06.04 20:45:00,1.20129,1.20155,1.1999,1.20066,827.9
2010.06.04 21:00:00,1.20055,1.20097,1.19915,1.19981,813.1
2010.06.04 21:15:00,1.19992,1.20049,1.19909,1.19948,576.8
2010.06.04 21:30:00,1.19941,1.20025,1.19796,1.1986,726.6
2010.06.04 21:45:00,1.19838,1.1987,1.1961,1.19671,567.4
2010.06.04 22:00:00,1.19663,1.19873,1.19647,1.19713,599.7
2010.06.04 22:15:00,1.19696,1.19747,1.19606,1.19665,639.9
2010.06.04 22:30:00,1.19649,1.19726,1.19544,1.19585,663.9
2010.06.04 22:45:00,1.19575,1.19675,1.19541,1.19637,789.3
2010.06.04 23:00:00,1.19655,1.19794,1.19607,1.19759,840.8
2010.06.04 23:15:00,1.19768,1.19827,1.19719,1.19776,877.6
2010.06.04 23:30:00,1.19777,1.19849,1.19563,1.19589,813.2
2010.06.04 23:45:00,1.19585,1.19822,1.19548,1.19647,1010.9
2010.06.07 00:00:00,1.1961,1.1961,1.19247,1.19311,968.4
2010.06.07 00:15:00,1.19315,1.19354,1.19288,1.19321,492.8
2010.06.07 00:30:00,1.19347,1.1945,1.1934,1.19426,550
2010.06.07 00:45:00,1.19447,1.19499,1.19429,1.19442,691.8
2010.06.07 01:00:00,1.19447,1.19572,1.19443,1.19532,570.5
2010.06.07 01:15:00,1.19514,1.19575,1.19509,1.19554,461.5
2010.06.07 01:30:00,1.19533,1.1957,1.19414,1.19493,427.2
2010.06.07 01:45:00,1.19494,1.19498,1.19239,1.1936,564.5
2010.06.07 02:00:00,1.19361,1.1956,1.19354,1.19492,711.5
2010.06.07 02:15:00,1.19481,1.19562,1.19432,1.19548,529.9
2010.06.07 02:30:00,1.19543,1.1966,1.19466,1.19485,569.1
2010.06.07 02:45:00,1.19469,1.19549,1.19259,1.19291,623.4
2010.06.07 03:00:00,1.19299,1.19427,1.19106,1.19185,340
2010.06.07 03:15:00,1.19192,1.19266,1.18895,1.19014,388.3
2010.06.07 03:30:00,1.19009,1.19124,1.18836,1.18836,368.1
2010.06.07 03:45:00,1.18858,1.19076,1.18838,1.19073,374.3
2010.06.07 04:00:00,1.19081,1.19234,1.19043,1.19143,478.5
2010.06.07 04:15:00,1.19144,1.19194,1.189,1.18905,414
2010.06.07 04:30:00,1.18917,1.19064,1.18874,1.18953,359.2
2010.06.07 04:45:00,1.1893,1.18994,1.18775,1.18836,443.4
2010.06.07 05:00:00,1.18863,1.18937,1.18758,1.18888,1117.5
2010.06.07 05:15:00,1.18879,1.19067,1.18873,1.19016,921.3
2010.06.07 05:30:00,1.19031,1.19161,1.18998,1.1915,751.4
2010.06.07 05:45:00,1.1913,1.19197,1.19023,1.19085,828.7
2010.06.07 06:00:00,1.19102,1.1911,1.18975,1.19094,959.4
2010.06.07 06:15:00,1.19087,1.19116,1.18955,1.19004,680.8
2010.06.07 06:30:00,1.19014,1.19057,1.18898,1.19014,1102.7
2010.06.07 06:45:00,1.19023,1.19078,1.18935,1.18966,1060.1
2010.06.07 07:00:00,1.18963,1.19065,1.18892,1.19037,903.1
2010.06.07 07:15:00,1.19039,1.19072,1.18937,1.19033,872.5
2010.06.07 07:30:00,1.19022,1.19104,1.18966,1.18989,755
2010.06.07 07:45:00,1.18979,1.19186,1.18934,1.19142,640.1
2010.06.07 08:00:00,1.19152,1.19321,1.19129,1.19282,810
2010.06.07 08:15:00,1.19281,1.19363,1.19167,1.1923,637.6
2010.06.07 08:30:00,1.19229,1.1926,1.19125,1.19179,727.7
2010.06.07 08:45:00,1.1917,1.19355,1.19117,1.19194,802.4
2010.06.07 09:00:00,1.19204,1.19361,1.19179,1.19232,921.4
2010.06.07 09:15:00,1.19215,1.19241,1.19039,1.19222,957.6
2010.06.07 09:30:00,1.19246,1.19418,1.19209,1.19388,1061.5
2010.06.07 09:45:00,1.19391,1.19459,1.19343,1.19434,889.1
2010.06.07 10:00:00,1.19445,1.19572,1.19266,1.1935,1217.5
2010.06.07 10:15:00,1.19342,1.19409,1.19209,1.19391,994.4
2010.06.07 10:30:00,1.19403,1.19502,1.19305,1.19355,1064.9
2010.06.07 10:45:00,1.19354,1.19376,1.19127,1.19202,1073.5
2010.06.07 11:00:00,1.19213,1.1933,1.19135,1.1933,990.2
2010.06.07 11:15:00,1.1932,1.19453,1.19292,1.19395,1067.9
2010.06.07 11:30:00,1.19407,1.19544,1.19376,1.19417,1121.3
2010.06.07 11:45:00,1.19405,1.19516,1.19331,1.19475,1030.1
2010.06.07 12:00:00,1.19483,1.19526,1.19334,1.19401,1032.9
2010.06.07 12:15:00,1.19393,1.19546,1.19363,1.19476,919.3
2010.06.07 12:30:00,1.19486,1.19782,1.19467,1.19693,1044.7
2010.06.07 12:45:00,1.19691,1.19788,1.19606,1.19763,1097.2
2010.06.07 13:00:00,1.19808,1.19848,1.19652,1.19795,1108.5
2010.06.07 13:15:00,1.19803,1.19918,1.1968,1.19725,1048.4
2010.06.07 13:30:00,1.19719,1.19838,1.19696,1.19772,781.6
2010.06.07 13:45:00,1.1977,1.19823,1.19654,1.19713,1043.3
2010.06.07 14:00:00,1.19714,1.19867,1.19671,1.19791,1071
2010.06.07 14:15:00,1.19786,1.1985,1.19653,1.19714,943.7
2010.06.07 14:30:00,1.1968,1.19739,1.19508,1.19532,790.7
2010.06.07 14:45:00,1.19526,1.19568,1.19384,1.19488,712.1
2010.06.07 15:00:00,1.19485,1.19628,1.19431,1.19586,827.6
2010.06.07 15:15:00,1.19581,1.19783,1.19542,1.19696,853.7
2010.06.07 15:30:00,1.19689,1.19786,1.19599,1.19714,816.2
2010.06.07 15:45:00,1.19715,1.19736,1.19502,1.19568,1061.1
2010.06.07 16:00:00,1.19564,1.19738,1.19477,1.19585,1125.6
2010.06.07 16:15:00,1.19572,1.19637,1.19371,1.19436,1082.3
2010.06.07 16:30:00,1.19431,1.19506,1.19213,1.19235,1931.8
2010.06.07 16:45:00,1.19228,1.19493,1.19162,1.19461,1155.9
2010.06.07 17:00:00,1.19453,1.19672,1.19364,1.19594,1491.5
2010.06.07 17:15:00,1.19564,1.19624,1.19452,1.1952,1229.2
2010.06.07 17:30:00,1.19532,1.19556,1.19303,1.19325,1469.6
2010.06.07 17:45:00,1.19331,1.19426,1.19222,1.19298,1165.2
2010.06.07 18:00:00,1.19293,1.19476,1.19236,1.19357,1176.6
2010.06.07 18:15:00,1.19338,1.19469,1.19234,1.19404,1135.5
2010.06.07 18:30:00,1.19417,1.19539,1.19359,1.19512,988
2010.06.07 18:45:00,1.19532,1.19619,1.19482,1.19555,1298.6
2010.06.07 19:00:00,1.19565,1.19732,1.1952,1.19604,1137.9
2010.06.07 19:15:00,1.1961,1.19642,1.19472,1.19494,1077.5
2010.06.07 19:30:00,1.19504,1.19665,1.19489,1.19563,977.3
2010.06.07 19:45:00,1.19559,1.19645,1.19502,1.19561,1027.6
2010.06.07 20:00:00,1.19521,1.19595,1.19486,1.19562,733.5
2010.06.07 20:15:00,1.19557,1.19618,1.19514,1.19615,1134.4
2010.06.07 20:30:00,1.19609,1.19634,1.19406,1.19424,812.9
2010.06.07 20:45:00,1.19439,1.19477,1.19305,1.19378,741.2
2010.06.07 21:00:00,1.19371,1.19436,1.19331,1.19409,666.6
2010.06.07 21:15:00,1.19402,1.19464,1.19322,1.19457,578.4
2010.06.07 21:30:00,1.1945,1.19475,1.19307,1.19351,659.5
2010.06.07 21:45:00,1.19368,1.19388,1.19284,1.19349,504.5
2010.06.07 22:00:00,1.1935,1.19478,1.19326,1.19412,629.3
2010.06.07 22:15:00,1.19426,1.19437,1.19267,1.19273,665.8
2010.06.07 22:30:00,1.19283,1.1929,1.19155,1.1919,706.9
2010.06.07 22:45:00,1.19194,1.19244,1.19131,1.19166,752.4
2010.06.07 23:00:00,1.19167,1.19187,1.19103,1.19149,665.7
2010.06.07 23:15:00,1.19157,1.19196,1.19114,1.19173,974.5
2010.06.07 23:30:00,1.19148,1.19232,1.19125,1.19188,819.2
2010.06.07 23:45:00,1.19191,1.19257,1.19131,1.19223,950
2010.06.08 00:00:00,1.19262,1.1927,1.19117,1.19145,830.7
2010.06.08 00:15:00,1.19147,1.19171,1.19112,1.19143,669.9
2010.06.08 00:30:00,1.19135,1.19177,1.19104,1.19171,465
2010.06.08 00:45:00,1.19164,1.19191,1.1913,1.19156,640.9
2010.06.08 01:00:00,1.19179,1.19251,1.19151,1.19236,505.5
2010.06.08 01:15:00,1.19232,1.19288,1.192,1.19223,538.1
2010.06.08 01:30:00,1.19228,1.19309,1.19216,1.19273,427.2
2010.06.08 01:45:00,1.1928,1.19285,1.19157,1.19217,568.1
2010.06.08 02:00:00,1.19198,1.1924,1.1914,1.19224,708.3
2010.06.08 02:15:00,1.19229,1.19292,1.19191,1.19247,432
2010.06.08 02:30:00,1.19254,1.19311,1.19224,1.19277,532.8
2010.06.08 02:45:00,1.19268,1.19287,1.19201,1.19218,553.1
2010.06.08 03:00:00,1.19216,1.19327,1.19204,1.19302,350
2010.06.08 03:15:00,1.19313,1.19431,1.19257,1.19384,325.1
2010.06.08 03:30:00,1.19392,1.19402,1.19291,1.19376,366.4
2010.06.08 03:45:00,1.19323,1.19463,1.19322,1.19396,452.2
2010.06.08 04:00:00,1.1942,1.1949,1.1939,1.19462,487.2
2010.06.08 04:15:00,1.19444,1.19472,1.19389,1.19446,344.4
2010.06.08 04:30:00,1.19457,1.19638,1.19403,1.196,438.2
2010.06.08 04:45:00,1.1964,1.19643,1.19493,1.19519,381.8
2010.06.08 05:00:00,1.19509,1.1956,1.19403,1.19544,1166.7
2010.06.08 05:15:00,1.19546,1.19683,1.19505,1.19564,902.7
2010.06.08 05:30:00,1.19567,1.19664,1.19527,1.19603,758.8
2010.06.08 05:45:00,1.19605,1.19654,1.19518,1.19626,790.6
2010.06.08 06:00:00,1.19618,1.19681,1.19576,1.19623,964
2010.06.08 06:15:00,1.19614,1.19663,1.19571,1.19641,718
2010.06.08 06:30:00,1.19646,1.19812,1.19615,1.19779,987.7
2010.06.08 06:45:00,1.19813,1.19818,1.19663,1.19705,1101.2
2010.06.08 07:00:00,1.19682,1.19714,1.19604,1.1964,976.7
2010.06.08 07:15:00,1.19631,1.19721,1.19593,1.19682,758.7
2010.06.08 07:30:00,1.19678,1.19688,1.19562,1.19658,669.4
2010.06.08 07:45:00,1.19661,1.19675,1.19532,1.19627,652.8
2010.06.08 08:00:00,1.19622,1.19649,1.19526,1.19583,846
2010.06.08 08:15:00,1.19572,1.19595,1.19502,1.19582,619.8
2010.06.08 08:30:00,1.19582,1.19783,1.19551,1.19745,717
2010.06.08 08:45:00,1.19746,1.19765,1.19632,1.19732,853.1
2010.06.08 09:00:00,1.19719,1.19804,1.19557,1.19665,954.3
2010.06.08 09:15:00,1.19655,1.19684,1.19481,1.19531,945.8
2010.06.08 09:30:00,1.19519,1.19706,1.19495,1.19675,948.8
2010.06.08 09:45:00,1.19669,1.19821,1.19625,1.19761,785.4
2010.06.08 10:00:00,1.19751,1.19757,1.19509,1.1954,1214
2010.06.08 10:15:00,1.19528,1.19584,1.19418,1.1952,953.9
2010.06.08 10:30:00,1.19539,1.1967,1.19493,1.19613,1123.4
2010.06.08 10:45:00,1.19595,1.19686,1.1949,1.19502,1062.7
2010.06.08 11:00:00,1.19507,1.19624,1.19492,1.19563,1127.4
2010.06.08 11:15:00,1.19571,1.19592,1.19412,1.19433,1069.3
2010.06.08 11:30:00,1.19422,1.19485,1.19373,1.19435,1201.8
2010.06.08 11:45:00,1.19425,1.19485,1.19179,1.19269,1071.7
2010.06.08 12:00:00,1.19258,1.19349,1.19135,1.19322,1177.4
2010.06.08 12:15:00,1.19326,1.19366,1.18997,1.19131,1069.3
2010.06.08 12:30:00,1.19127,1.19213,1.19012,1.19095,1027.5
2010.06.08 12:45:00,1.19071,1.19236,1.19046,1.19105,1082.5
2010.06.08 13:00:00,1.19103,1.19252,1.19056,1.19184,1145.1
2010.06.08 13:15:00,1.19194,1.1929,1.19117,1.19249,925
2010.06.08 13:30:00,1.19241,1.19304,1.19183,1.19212,773
2010.06.08 13:45:00,1.19214,1.19302,1.19135,1.19201,915.4
2010.06.08 14:00:00,1.1922,1.19369,1.19126,1.19268,1009
2010.06.08 14:15:00,1.19263,1.19366,1.19243,1.19325,808.4
2010.06.08 14:30:00,1.1932,1.19464,1.19277,1.19431,829.4
2010.06.08 14:45:00,1.1943,1.19481,1.19287,1.19378,768.4
2010.06.08 15:00:00,1.19371,1.19494,1.19341,1.19418,824.5
2010.06.08 15:15:00,1.1941,1.19578,1.19372,1.19424,850.8
2010.06.08 15:30:00,1.19433,1.19491,1.19311,1.19373,816.2
2010.06.08 15:45:00,1.19343,1.19445,1.19212,1.19267,1019.8
2010.06.08 16:00:00,1.1927,1.19387,1.19247,1.19277,1210.4
2010.06.08 16:15:00,1.19261,1.19323,1.19195,1.19269,1045.9
2010.06.08 16:30:00,1.19259,1.19481,1.19229,1.1934,1838.2
2010.06.08 16:45:00,1.19331,1.19378,1.19215,1.1933,1258.9
2010.06.08 17:00:00,1.19338,1.19491,1.19255,1.19294,1447.2
2010.06.08 17:15:00,1.19287,1.19309,1.1912,1.19268,1260.3
2010.06.08 17:30:00,1.19284,1.19345,1.19124,1.1921,1350.9
2010.06.08 17:45:00,1.19207,1.19514,1.19143,1.1948,1075.2
2010.06.08 18:00:00,1.1947,1.19641,1.19355,1.1952,1222.6
2010.06.08 18:15:00,1.19514,1.19877,1.19483,1.19644,1202.4
2010.06.08 18:30:00,1.19653,1.19908,1.19642,1.19747,977.5
2010.06.08 18:45:00,1.19745,1.201,1.19705,1.19924,1298.5
2010.06.08 19:00:00,1.19931,1.20003,1.19659,1.19734,1221
2010.06.08 19:15:00,1.19722,1.19748,1.19566,1.19624,1068
2010.06.08 19:30:00,1.1962,1.19745,1.19584,1.19701,958.6
2010.06.08 19:45:00,1.19697,1.19852,1.19621,1.19731,949.4
2010.06.08 20:00:00,1.19722,1.19813,1.19511,1.19549,681.3
2010.06.08 20:15:00,1.19535,1.19586,1.19434,1.19487,983.9
2010.06.08 20:30:00,1.19471,1.19511,1.1928,1.19386,709.7
2010.06.08 20:45:00,1.19413,1.19424,1.19233,1.19326,682.3
2010.06.08 21:00:00,1.19337,1.19418,1.19245,1.19294,735.3
2010.06.08 21:15:00,1.19328,1.19475,1.19264,1.1938,647.7
2010.06.08 21:30:00,1.19379,1.19471,1.19261,1.19361,626.8
2010.06.08 21:45:00,1.19359,1.19383,1.19184,1.19241,497.6
2010.06.08 22:00:00,1.19246,1.19375,1.19209,1.19261,591.6
2010.06.08 22:15:00,1.19268,1.19358,1.19192,1.19356,682
2010.06.08 22:30:00,1.19359,1.1955,1.19327,1.1953,692.4
2010.06.08 22:45:00,1.19525,1.19576,1.19405,1.19454,685.5
2010.06.08 23:00:00,1.19458,1.19537,1.19391,1.19526,669.8
2010.06.08 23:15:00,1.19524,1.19622,1.19482,1.19586,894.3
2010.06.08 23:30:00,1.19568,1.19709,1.1953,1.1968,832.2
2010.06.08 23:45:00,1.1968,1.19747,1.19612,1.19723,1085.9
2010.06.09 00:00:00,1.19725,1.19763,1.19646,1.19738,928.4
2010.06.09 00:15:00,1.19702,1.19787,1.19679,1.19715,464
2010.06.09 00:30:00,1.19685,1.19753,1.19672,1.19717,541
2010.06.09 00:45:00,1.19716,1.1974,1.19613,1.1965,667.3
2010.06.09 01:00:00,1.19642,1.19722,1.19616,1.19667,452.6
2010.06.09 01:15:00,1.19654,1.19776,1.19613,1.19742,426
2010.06.09 01:30:00,1.19716,1.19751,1.19641,1.19703,427.2
2010.06.09 01:45:00,1.19712,1.19718,1.19609,1.19681,609.7
2010.06.09 02:00:00,1.1967,1.19717,1.19635,1.19681,636
2010.06.09 02:15:00,1.19694,1.19717,1.19627,1.19684,494.5
2010.06.09 02:30:00,1.19656,1.19685,1.19545,1.19574,575.3
2010.06.09 02:45:00,1.19578,1.19628,1.19547,1.19564,587.5
2010.06.09 03:00:00,1.19562,1.19606,1.19425,1.19446,383.7
2010.06.09 03:15:00,1.19429,1.19458,1.19339,1.19389,419.7
2010.06.09 03:30:00,1.19409,1.1948,1.19328,1.19349,444.2
2010.06.09 03:45:00,1.19335,1.19389,1.19311,1.19356,427.1
2010.06.09 04:00:00,1.1938,1.19402,1.19328,1.19353,380.4
2010.06.09 04:15:00,1.19376,1.19493,1.1933,1.19456,383.8
2010.06.09 04:30:00,1.19445,1.19569,1.19434,1.19521,389.8
2010.06.09 04:45:00,1.19532,1.19561,1.19473,1.19515,369.6
2010.06.09 05:00:00,1.19499,1.19557,1.19433,1.19458,980.1
2010.06.09 05:15:00,1.19467,1.19547,1.19417,1.19446,1065.1
2010.06.09 05:30:00,1.19456,1.19475,1.19393,1.19454,762.2
2010.06.09 05:45:00,1.19462,1.19518,1.19435,1.19504,771
2010.06.09 06:00:00,1.19497,1.19566,1.19447,1.19534,885.3
2010.06.09 06:15:00,1.1953,1.19575,1.19462,1.19527,747
2010.06.09 06:30:00,1.19528,1.19548,1.19453,1.19503,1080.9
2010.06.09 06:45:00,1.19501,1.19518,1.19423,1.19492,1198.1
2010.06.09 07:00:00,1.19476,1.19538,1.19422,1.19514,859.1
2010.06.09 07:15:00,1.1952,1.19568,1.19449,1.19491,880.1
2010.06.09 07:30:00,1.19461,1.19497,1.19309,1.19333,726.6
2010.06.09 07:45:00,1.19339,1.19402,1.19307,1.19389,663.2
2010.06.09 08:00:00,1.1939,1.19416,1.19317,1.19416,892.7
2010.06.09 08:15:00,1.19395,1.19424,1.19259,1.19284,767.7
2010.06.09 08:30:00,1.19263,1.19312,1.1921,1.19263,708.2
2010.06.09 08:45:00,1.19261,1.1946,1.19234,1.19433,897.1
2010.06.09 09:00:00,1.19425,1.19535,1.19374,1.19484,771.6
2010.06.09 09:15:00,1.19475,1.19686,1.1941,1.19615,981.5
2010.06.09 09:30:00,1.19618,1.19705,1.19537,1.19632,989.2
2010.06.09 09:45:00,1.19635,1.19639,1.19498,1.19595,845.6
2010.06.09 10:00:00,1.1958,1.19634,1.19472,1.19621,1190.9
2010.06.09 10:15:00,1.19584,1.198,1.19562,1.1974,1197.4
2010.06.09 10:30:00,1.19754,1.19766,1.19592,1.19614,963.8
2010.06.09 10:45:00,1.19614,1.19675,1.19499,1.1953,1020.9
2010.06.09 11:00:00,1.19534,1.19601,1.19441,1.19563,1031.8
2010.06.09 11:15:00,1.1954,1.19568,1.19374,1.19448,1156.8
2010.06.09 11:30:00,1.19445,1.19513,1.1938,1.19427,1106.6
2010.06.09 11:45:00,1.19448,1.19516,1.19411,1.19496,1001
2010.06.09 12:00:00,1.19501,1.19515,1.19366,1.19425,1162.7
2010.06.09 12:15:00,1.19426,1.19614,1.19421,1.19467,933.5
2010.06.09 12:30:00,1.19463,1.19589,1.19407,1.1958,1076.2
2010.06.09 12:45:00,1.19583,1.1972,1.19534,1.19666,1102
2010.06.09 13:00:00,1.19703,1.19725,1.19607,1.1971,1081.4
2010.06.09 13:15:00,1.19705,1.1985,1.19662,1.19769,965.4
2010.06.09 13:30:00,1.19749,1.1987,1.19713,1.19814,723.4
2010.06.09 13:45:00,1.19811,1.19838,1.19657,1.19707,900.4
2010.06.09 14:00:00,1.19668,1.19793,1.19588,1.19638,1161.4
2010.06.09 14:15:00,1.19637,1.19714,1.19603,1.19695,805.4
2010.06.09 14:30:00,1.19698,1.19855,1.19646,1.19753,853.7
2010.06.09 14:45:00,1.19766,1.20025,1.19743,1.19977,747.4
2010.06.09 15:00:00,1.19965,1.20144,1.19909,1.2009,845
2010.06.09 15:15:00,1.20089,1.20194,1.20002,1.20026,968.7
2010.06.09 15:30:00,1.20027,1.20304,1.19962,1.20194,811.7
2010.06.09 15:45:00,1.20194,1.20241,1.20059,1.20098,1040.8
2010.06.09 16:00:00,1.20081,1.20274,1.20061,1.20215,1109.8
2010.06.09 16:15:00,1.20209,1.20453,1.20184,1.20399,1028.1
2010.06.09 16:30:00,1.20405,1.20446,1.20295,1.20357,1787.7
2010.06.09 16:45:00,1.20348,1.20414,1.20234,1.20381,1179.4
2010.06.09 17:00:00,1.20381,1.20452,1.20202,1.20292,1434.2
2010.06.09 17:15:00,1.20296,1.20476,1.20283,1.20409,1138.4
2010.06.09 17:30:00,1.20387,1.20482,1.20264,1.20275,1498.8
2010.06.09 17:45:00,1.20282,1.2059,1.20232,1.20577,1121.7
2010.06.09 18:00:00,1.20559,1.20736,1.20504,1.20633,1291.8
2010.06.09 18:15:00,1.20617,1.20726,1.20598,1.20656,1093.9
2010.06.09 18:30:00,1.20648,1.2071,1.2049,1.20543,1103.4
2010.06.09 18:45:00,1.2054,1.20557,1.204,1.20441,1289.2
2010.06.09 19:00:00,1.20441,1.20449,1.2031,1.20371,1189
2010.06.09 19:15:00,1.20365,1.20469,1.20331,1.20396,1040.9
2010.06.09 19:30:00,1.20386,1.20483,1.20363,1.20391,849
2010.06.09 19:45:00,1.20396,1.20474,1.20283,1.20301,1011.1
2010.06.09 20:00:00,1.20311,1.20346,1.20217,1.20272,718.6
2010.06.09 20:15:00,1.20266,1.20349,1.2021,1.20247,1130.9
2010.06.09 20:30:00,1.20259,1.20297,1.20016,1.20062,701.5
2010.06.09 20:45:00,1.20084,1.20145,1.20002,1.20138,865.3
2010.06.09 21:00:00,1.20164,1.20169,1.19982,1.20136,665.3
2010.06.09 21:15:00,1.20135,1.20221,1.20015,1.2011,729.3
2010.06.09 21:30:00,1.20117,1.20137,1.19962,1.20045,675.4
2010.06.09 21:45:00,1.20029,1.20079,1.19823,1.1985,458
2010.06.09 22:00:00,1.19851,1.19968,1.19812,1.1991,600.5
2010.06.09 22:15:00,1.1989,1.19972,1.19775,1.19928,587.9
2010.06.09 22:30:00,1.19904,1.19948,1.19752,1.1982,612.4
2010.06.09 22:45:00,1.19815,1.19889,1.19767,1.19871,721.1
2010.06.09 23:00:00,1.19847,1.19918,1.19805,1.19891,740.3
2010.06.09 23:15:00,1.19875,1.19908,1.1983,1.19866,886.1
2010.06.09 23:30:00,1.19877,1.1989,1.19712,1.19723,811.2
2010.06.09 23:45:00,1.19743,1.19798,1.19713,1.19775,1122.3
2010.06.10 00:00:00,1.19774,1.19882,1.19745,1.19839,888.1
2010.06.10 00:15:00,1.19829,1.19885,1.19803,1.19847,479.7
2010.06.10 00:30:00,1.1984,1.19888,1.19766,1.19793,462.5
2010.06.10 00:45:00,1.19811,1.19856,1.19772,1.19856,714.4
2010.06.10 01:00:00,1.19837,1.1986,1.19751,1.19778,492.1
2010.06.10 01:15:00,1.19789,1.19861,1.19765,1.19816,438.7
2010.06.10 01:30:00,1.19819,1.19924,1.19801,1.19905,599.5
2010.06.10 01:45:00,1.19914,1.19928,1.19851,1.19918,581.7
2010.06.10 02:00:00,1.1989,1.19915,1.19846,1.1988,564.9
2010.06.10 02:15:00,1.19864,1.19898,1.19788,1.19832,510.4
2010.06.10 02:30:00,1.1982,1.19861,1.1975,1.1985,533.2
2010.06.10 02:45:00,1.19839,1.19894,1.19773,1.19882,546.8
2010.06.10 03:00:00,1.19886,1.19907,1.1977,1.19807,325.6
2010.06.10 03:15:00,1.19791,1.19816,1.19622,1.19652,333.6
2010.06.10 03:30:00,1.19629,1.19738,1.19628,1.19673,509.9
2010.06.10 03:45:00,1.19663,1.19697,1.19566,1.19594,338.9
2010.06.10 04:00:00,1.19568,1.19686,1.19551,1.19675,387.8
2010.06.10 04:15:00,1.19667,1.19736,1.19627,1.19708,366.7
2010.06.10 04:30:00,1.19703,1.19816,1.19685,1.19759,446.5
2010.06.10 04:45:00,1.19742,1.19847,1.1971,1.19788,348.1
2010.06.10 05:00:00,1.19787,1.19844,1.19705,1.19729,982.4
2010.06.10 05:15:00,1.197,1.19742,1.19605,1.19692,928
2010.06.10 05:30:00,1.19691,1.1976,1.19662,1.19743,732.3
2010.06.10 05:45:00,1.1975,1.19769,1.19618,1.19764,812.4
2010.06.10 06:00:00,1.19761,1.19858,1.19717,1.19834,1016.9
2010.06.10 06:15:00,1.19852,1.20114,1.19809,1.20081,691.9
2010.06.10 06:30:00,1.2007,1.20276,1.20025,1.20229,930.8
2010.06.10 06:45:00,1.20236,1.20434,1.20178,1.20336,1039.2
2010.06.10 07:00:00,1.20312,1.20404,1.20272,1.20353,928.4
2010.06.10 07:15:00,1.20353,1.20514,1.20334,1.20465,776.3
2010.06.10 07:30:00,1.20465,1.20551,1.20404,1.20501,752.4
2010.06.10 07:45:00,1.20509,1.20549,1.20408,1.20512,703.9
2010.06.10 08:00:00,1.20519,1.20538,1.20393,1.20419,805
2010.06.10 08:15:00,1.2041,1.20445,1.20344,1.20392,671.8
2010.06.10 08:30:00,1.20397,1.2051,1.20362,1.20472,832.9
2010.06.10 08:45:00,1.20473,1.20639,1.20452,1.20624,886.8
2010.06.10 09:00:00,1.20624,1.20631,1.20466,1.20537,890.3
2010.06.10 09:15:00,1.20535,1.20545,1.2035,1.20414,935.6
2010.06.10 09:30:00,1.20426,1.20485,1.2031,1.20373,946.2
2010.06.10 09:45:00,1.20343,1.20438,1.20257,1.20363,701.8
2010.06.10 10:00:00,1.20369,1.20579,1.20344,1.20443,1166.1
2010.06.10 10:15:00,1.20434,1.20456,1.20214,1.20271,1042.9
2010.06.10 10:30:00,1.20287,1.20422,1.20235,1.20286,959.3
2010.06.10 10:45:00,1.20316,1.20404,1.2008,1.20133,1088.2
2010.06.10 11:00:00,1.20117,1.20248,1.20066,1.20206,1141.2
2010.06.10 11:15:00,1.20209,1.20332,1.20107,1.2027,1089.6
2010.06.10 11:30:00,1.20261,1.20695,1.20221,1.20603,1103.5
2010.06.10 11:45:00,1.2062,1.20733,1.20446,1.20562,1071.9
2010.06.10 12:00:00,1.20552,1.20727,1.20471,1.20676,1088.5
2010.06.10 12:15:00,1.20674,1.20886,1.20642,1.20787,1057.3
2010.06.10 12:30:00,1.20774,1.20865,1.20645,1.20772,933.8
2010.06.10 12:45:00,1.20752,1.20782,1.20649,1.20692,1273.3
2010.06.10 13:00:00,1.20687,1.207,1.20447,1.20524,1177.3
2010.06.10 13:15:00,1.20522,1.20637,1.20423,1.20514,953.6
2010.06.10 13:30:00,1.20529,1.2069,1.20475,1.20589,821.9
2010.06.10 13:45:00,1.20576,1.20605,1.20403,1.2046,1010.9
2010.06.10 14:00:00,1.20454,1.20537,1.20402,1.20514,1115.5
2010.06.10 14:15:00,1.20502,1.20526,1.20252,1.20339,847.3
2010.06.10 14:30:00,1.20313,1.20494,1.20222,1.20459,757.1
2010.06.10 14:45:00,1.2051,1.20532,1.20264,1.20285,715.2
2010.06.10 15:00:00,1.20278,1.20466,1.20254,1.20455,830.6
2010.06.10 15:15:00,1.20439,1.20587,1.20376,1.20495,877.8
2010.06.10 15:30:00,1.20503,1.20576,1.20262,1.20305,810.8
2010.06.10 15:45:00,1.20271,1.20765,1.20221,1.20748,995.9
2010.06.10 16:00:00,1.20766,1.20911,1.20581,1.20786,1129
2010.06.10 16:15:00,1.20794,1.21004,1.20755,1.20946,1222.1
2010.06.10 16:30:00,1.20943,1.21108,1.20897,1.21061,1845
2010.06.10 16:45:00,1.21056,1.21314,1.21037,1.21259,1122.6
2010.06.10 17:00:00,1.21277,1.21334,1.20953,1.21048,1444
2010.06.10 17:15:00,1.2105,1.21107,1.20954,1.21048,1093.2
2010.06.10 17:30:00,1.21033,1.21259,1.21005,1.21239,1540.8
2010.06.10 17:45:00,1.21238,1.21254,1.20972,1.21043,1136.8
2010.06.10 18:00:00,1.21048,1.21284,1.21018,1.21204,1178.6
2010.06.10 18:15:00,1.21205,1.21227,1.2105,1.21104,1128.1
2010.06.10 18:30:00,1.21089,1.21141,1.20901,1.20944,1055.2
2010.06.10 18:45:00,1.20921,1.21126,1.2085,1.21081,1356.4
2010.06.10 19:00:00,1.21085,1.21117,1.20821,1.2087,1179.5
2010.06.10 19:15:00,1.20877,1.21032,1.20809,1.21017,1016.7
2010.06.10 19:30:00,1.21023,1.21057,1.20791,1.20796,921.4
2010.06.10 19:45:00,1.20816,1.20884,1.20747,1.20861,930.1
2010.06.10 20:00:00,1.20857,1.20881,1.2075,1.20862,664.5
2010.06.10 20:15:00,1.20864,1.20896,1.2077,1.20833,1021.9
2010.06.10 20:30:00,1.2084,1.20919,1.20823,1.20877,680
2010.06.10 20:45:00,1.20889,1.21171,1.20868,1.21087,766.8
2010.06.10 21:00:00,1.21105,1.21118,1.20954,1.20983,706
2010.06.10 21:15:00,1.21014,1.21097,1.20979,1.21067,629.6
2010.06.10 21:30:00,1.21059,1.21198,1.21054,1.2118,693
2010.06.10 21:45:00,1.21181,1.21196,1.20925,1.20951,499.6
2010.06.10 22:00:00,1.20949,1.21059,1.20899,1.20961,634.2
2010.06.10 22:15:00,1.20929,1.21121,1.20922,1.21079,617.5
2010.06.10 22:30:00,1.21044,1.21278,1.21044,1.21251,638.5
2010.06.10 22:45:00,1.21267,1.21423,1.21225,1.21401,708.5
2010.06.10 23:00:00,1.21415,1.21419,1.21216,1.2124,685.4
2010.06.10 23:15:00,1.21248,1.21294,1.21035,1.21135,1027.4
2010.06.10 23:30:00,1.21138,1.2134,1.21095,1.21299,771.8
2010.06.10 23:45:00,1.21293,1.21325,1.21177,1.21227,1128.5
2010.06.11 00:00:00,1.21257,1.21302,1.21054,1.21082,968.4
2010.06.11 00:15:00,1.21106,1.21189,1.21048,1.21128,490.5
2010.06.11 00:30:00,1.2113,1.21218,1.21068,1.21124,459.2
2010.06.11 00:45:00,1.21112,1.21204,1.21048,1.2108,617.5
2010.06.11 01:00:00,1.21078,1.21136,1.21046,1.21068,524.5
2010.06.11 01:15:00,1.21081,1.21106,1.21006,1.21021,458.8
2010.06.11 01:30:00,1.21019,1.21155,1.21013,1.21043,458.3
2010.06.11 01:45:00,1.21037,1.21114,1.20988,1.21035,635.5
2010.06.11 02:00:00,1.21042,1.21137,1.20987,1.21111,712.3
2010.06.11 02:15:00,1.21077,1.2126,1.21051,1.21244,490.9
2010.06.11 02:30:00,1.21248,1.21273,1.21112,1.21149,545.7
2010.06.11 02:45:00,1.21148,1.2134,1.21129,1.2131,629.5
2010.06.11 03:00:00,1.21302,1.21447,1.21222,1.21396,366.8
2010.06.11 03:15:00,1.21404,1.21427,1.21234,1.21315,348.4
2010.06.11 03:30:00,1.21316,1.21358,1.21205,1.21218,445.8
2010.06.11 03:45:00,1.21212,1.2122,1.21089,1.21159,383.7
2010.06.11 04:00:00,1.21159,1.21217,1.21001,1.21029,330.1
2010.06.11 04:15:00,1.21027,1.21121,1.21011,1.21106,387.2
2010.06.11 04:30:00,1.21098,1.21136,1.21023,1.21059,466.3
2010.06.11 04:45:00,1.21053,1.21092,1.2098,1.21037,374.4
2010.06.11 05:00:00,1.21029,1.211,1.20949,1.21018,988.1
2010.06.11 05:15:00,1.2103,1.21065,1.20907,1.20938,1094.7
2010.06.11 05:30:00,1.20927,1.21025,1.20899,1.2098,775.9
2010.06.11 05:45:00,1.2096,1.21055,1.20937,1.21006,808.7
2010.06.11 06:00:00,1.21003,1.2115,1.20957,1.21091,877.7
2010.06.11 06:15:00,1.2105,1.21146,1.20946,1.20982,649.2
2010.06.11 06:30:00,1.21007,1.21094,1.20953,1.21038,994.1
2010.06.11 06:45:00,1.21053,1.21125,1.20953,1.20996,1158.4
2010.06.11 07:00:00,1.21014,1.21068,1.20968,1.21042,898.8
2010.06.11 07:15:00,1.21011,1.21088,1.20987,1.21079,945.3
2010.06.11 07:30:00,1.21076,1.21139,1.21022,1.21106,702.3
2010.06.11 07:45:00,1.21126,1.21185,1.21027,1.21059,604.7
2010.06.11 08:00:00,1.21069,1.21175,1.21015,1.21073,931
2010.06.11 08:15:00,1.21088,1.211,1.21025,1.21052,724.6
2010.06.11 08:30:00,1.21044,1.21076,1.20956,1.21065,753.6
2010.06.11 08:45:00,1.21074,1.21159,1.21028,1.21132,895.8
2010.06.11 09:00:00,1.21134,1.21204,1.21056,1.21079,851.2
2010.06.11 09:15:00,1.21069,1.21107,1.20917,1.21043,991.5
2010.06.11 09:30:00,1.21039,1.21108,1.20996,1.21075,997.3
2010.06.11 09:45:00,1.21059,1.21108,1.20999,1.21082,780.2
2010.06.11 10:00:00,1.21078,1.21383,1.21059,1.21353,1237.9
2010.06.11 10:15:00,1.21339,1.21402,1.21204,1.21235,846.1
2010.06.11 10:30:00,1.21226,1.21304,1.21108,1.21161,992.5
2010.06.11 10:45:00,1.21163,1.21207,1.21016,1.21133,1093.7
2010.06.11 11:00:00,1.21128,1.21168,1.20909,1.21003,997.2
2010.06.11 11:15:00,1.21004,1.2111,1.20941,1.20965,1027
2010.06.11 11:30:00,1.20965,1.21044,1.20912,1.20956,1187.2
2010.06.11 11:45:00,1.20967,1.21196,1.20925,1.21083,1035.1
2010.06.11 12:00:00,1.21094,1.21238,1.21072,1.21183,1010.5
2010.06.11 12:15:00,1.21188,1.21283,1.21125,1.21199,936.7
2010.06.11 12:30:00,1.21179,1.21274,1.21135,1.21262,1009.9
2010.06.11 12:45:00,1.21276,1.21327,1.21205,1.21284,1013
2010.06.11 13:00:00,1.21284,1.21302,1.21135,1.21234,985.8
2010.06.11 13:15:00,1.21235,1.21246,1.21064,1.21224,898.2
2010.06.11 13:30:00,1.21202,1.21333,1.21185,1.2126,781.2
2010.06.11 13:45:00,1.21243,1.21336,1.212,1.2127,995.4
2010.06.11 14:00:00,1.21266,1.21307,1.21225,1.2127,1070
2010.06.11 14:15:00,1.21256,1.21365,1.2121,1.21285,910.4
2010.06.11 14:30:00,1.21287,1.21375,1.21229,1.21304,893.8
2010.06.11 14:45:00,1.21338,1.21519,1.21262,1.21464,726.5
2010.06.11 15:00:00,1.21472,1.21534,1.2122,1.21248,822
2010.06.11 15:15:00,1.21253,1.21316,1.21188,1.21232,829.7
2010.06.11 15:30:00,1.2123,1.21271,1.20845,1.21055,837.4
2010.06.11 15:45:00,1.2108,1.21164,1.20809,1.20854,999.2
2010.06.11 16:00:00,1.20822,1.2099,1.20785,1.20924,1103.6
2010.06.11 16:15:00,1.20934,1.20963,1.20778,1.20839,1118.8
2010.06.11 16:30:00,1.20847,1.21042,1.20789,1.20977,1772.6
2010.06.11 16:45:00,1.20971,1.21265,1.20943,1.21163,1173.6
2010.06.11 17:00:00,1.21172,1.21309,1.21009,1.21128,1393.9
2010.06.11 17:15:00,1.21133,1.21192,1.21014,1.21077,1327.3
2010.06.11 17:30:00,1.21066,1.21148,1.21014,1.21054,1434.7
2010.06.11 17:45:00,1.21051,1.21104,1.20902,1.20933,1152.4
2010.06.11 18:00:00,1.20916,1.20947,1.2055,1.20573,1147.2
2010.06.11 18:15:00,1.20573,1.20656,1.20448,1.20604,1145.8
2010.06.11 18:30:00,1.20585,1.20704,1.20562,1.20659,1026.3
2010.06.11 18:45:00,1.20661,1.20773,1.20613,1.20768,1296.9
2010.06.11 19:00:00,1.20762,1.20796,1.20652,1.20702,1135.8
2010.06.11 19:15:00,1.20705,1.20723,1.2057,1.20634,986.7
2010.06.11 19:30:00,1.20624,1.20737,1.20538,1.2069,948.5
2010.06.11 19:45:00,1.20706,1.20767,1.20587,1.20607,960.8
2010.06.11 20:00:00,1.20606,1.20777,1.20577,1.20739,766.9
2010.06.11 20:15:00,1.20743,1.20764,1.20584,1.20623,952.7
2010.06.11 20:30:00,1.20616,1.20677,1.20543,1.20577,781.3
2010.06.11 20:45:00,1.20576,1.20664,1.20548,1.20607,810.8
2010.06.11 21:00:00,1.206,1.20767,1.20582,1.20707,686.5
2010.06.11 21:15:00,1.20689,1.20744,1.20607,1.20697,608.8
2010.06.11 21:30:00,1.20697,1.2077,1.2065,1.20745,734.2
2010.06.11 21:45:00,1.20751,1.20858,1.20697,1.20757,507.4
2010.06.11 22:00:00,1.2076,1.20853,1.20698,1.20784,556.4
2010.06.11 22:15:00,1.20803,1.20862,1.20704,1.20812,663.4
2010.06.11 22:30:00,1.20816,1.20905,1.20766,1.20879,691.9
2010.06.11 22:45:00,1.20883,1.20981,1.20848,1.2094,971
2010.06.11 23:00:00,1.20938,1.21063,1.20902,1.21046,757.6
2010.06.11 23:15:00,1.21051,1.21066,1.2095,1.20986,1045.1
2010.06.11 23:30:00,1.20975,1.21131,1.20959,1.21094,825.8
2010.06.11 23:45:00,1.21103,1.21147,1.20993,1.21105,1090.9
2010.06.14 00:00:00,1.21165,1.21313,1.21165,1.21294,956.1
2010.06.14 00:15:00,1.213,1.21319,1.21182,1.21198,570.4
2010.06.14 00:30:00,1.21183,1.21268,1.21166,1.21223,487.6
2010.06.14 00:45:00,1.21221,1.21287,1.21174,1.21184,640
2010.06.14 01:00:00,1.21185,1.21221,1.21146,1.21221,512.3
2010.06.14 01:15:00,1.21202,1.21231,1.21148,1.21165,426.1
2010.06.14 01:30:00,1.21154,1.21493,1.21149,1.21449,413.5
2010.06.14 01:45:00,1.21427,1.21457,1.2134,1.21449,571.6
2010.06.14 02:00:00,1.21437,1.21963,1.21427,1.21906,624.9
2010.06.14 02:15:00,1.21914,1.21932,1.21645,1.21709,480.3
2010.06.14 02:30:00,1.21706,1.21891,1.21685,1.21804,545.1
2010.06.14 02:45:00,1.21798,1.22069,1.21777,1.2204,611.1
2010.06.14 03:00:00,1.22045,1.2206,1.21786,1.21838,545.2
2010.06.14 03:15:00,1.21848,1.21881,1.21743,1.21805,510.3
2010.06.14 03:30:00,1.21803,1.21859,1.21732,1.21776,453.2
2010.06.14 03:45:00,1.21781,1.21815,1.21684,1.21748,668.3
2010.06.14 04:00:00,1.21748,1.21834,1.21737,1.21811,612.6
2010.06.14 04:15:00,1.21798,1.21863,1.21768,1.21809,447.5
2010.06.14 04:30:00,1.21815,1.21899,1.2179,1.21892,435
2010.06.14 04:45:00,1.21906,1.2191,1.21689,1.21731,554.3
2010.06.14 05:00:00,1.21714,1.2182,1.21664,1.21794,672.6
2010.06.14 05:15:00,1.21808,1.21814,1.21709,1.21752,543.4
2010.06.14 05:30:00,1.21798,1.21805,1.21673,1.21685,489
2010.06.14 05:45:00,1.21685,1.21761,1.21657,1.2174,945.6
2010.06.14 06:00:00,1.21743,1.21875,1.21711,1.21823,1097.4
2010.06.14 06:15:00,1.21812,1.21836,1.21751,1.21775,858.5
2010.06.14 06:30:00,1.21779,1.21875,1.2175,1.21792,997.3
2010.06.14 06:45:00,1.21787,1.21845,1.21754,1.21798,743.7
2010.06.14 07:00:00,1.21839,1.21841,1.21696,1.21726,708.4
2010.06.14 07:15:00,1.21728,1.2179,1.2169,1.21743,778.1
2010.06.14 07:30:00,1.21747,1.21765,1.21677,1.21714,614.7
2010.06.14 07:45:00,1.21717,1.21754,1.21653,1.21731,609.3
2010.06.14 08:00:00,1.21728,1.21774,1.21701,1.21765,538.2
2010.06.14 08:15:00,1.21765,1.21777,1.21673,1.21706,759.1
2010.06.14 08:30:00,1.21692,1.21789,1.21673,1.21777,581.4
2010.06.14 08:45:00,1.21791,1.21886,1.21755,1.21864,640.1
2010.06.14 09:00:00,1.2187,1.21962,1.21817,1.21956,752
2010.06.14 09:15:00,1.21939,1.22043,1.21908,1.22005,675.3
2010.06.14 09:30:00,1.21996,1.22036,1.21848,1.21896,1060.1
2010.06.14 09:45:00,1.21895,1.21908,1.21715,1.21749,705.2
2010.06.14 10:00:00,1.21747,1.21883,1.21725,1.21821,992.6
2010.06.14 10:15:00,1.21796,1.21876,1.21763,1.2184,944.4
2010.06.14 10:30:00,1.21844,1.21872,1.2173,1.21762,995.6
2010.06.14 10:45:00,1.21743,1.21776,1.21604,1.21741,1236.9
2010.06.14 11:00:00,1.21723,1.21764,1.21623,1.21734,1228.3
2010.06.14 11:15:00,1.21734,1.21964,1.21701,1.21945,985.4
2010.06.14 11:30:00,1.21933,1.22132,1.21872,1.22068,1231.5
2010.06.14 11:45:00,1.22087,1.22336,1.22044,1.22224,1190.3
2010.06.14 12:00:00,1.22242,1.22351,1.22195,1.22223,1151.6
2010.06.14 12:15:00,1.22245,1.22403,1.22231,1.22344,1254.3
2010.06.14 12:30:00,1.22368,1.22555,1.22286,1.22481,1220.6
2010.06.14 12:45:00,1.22481,1.22591,1.22402,1.22485,1476.3
2010.06.14 13:00:00,1.22493,1.22529,1.2238,1.2243,1235.3
2010.06.14 13:15:00,1.22454,1.2252,1.22401,1.22487,1827.6
2010.06.14 13:30:00,1.22479,1.22502,1.22362,1.22398,1002.4
2010.06.14 13:45:00,1.22405,1.22459,1.22336,1.22337,1070.9
2010.06.14 14:00:00,1.22347,1.22395,1.22208,1.22311,1050.5
2010.06.14 14:15:00,1.22315,1.22394,1.22162,1.22227,872
2010.06.14 14:30:00,1.22213,1.22348,1.22138,1.2231,813.5
2010.06.14 14:45:00,1.22307,1.22502,1.22294,1.22429,900.3
2010.06.14 15:00:00,1.22429,1.2251,1.22393,1.22469,804
2010.06.14 15:15:00,1.2248,1.22724,1.22462,1.22632,813.5
2010.06.14 15:30:00,1.2263,1.22692,1.22533,1.22648,789.1
2010.06.14 15:45:00,1.22639,1.22694,1.22554,1.22653,1050.5
2010.06.14 16:00:00,1.22632,1.22655,1.22459,1.22482,908.7
2010.06.14 16:15:00,1.22477,1.22535,1.22408,1.22495,822.4
2010.06.14 16:30:00,1.22489,1.22514,1.22274,1.22321,954.5
2010.06.14 16:45:00,1.22301,1.22445,1.22272,1.22375,1021
2010.06.14 17:00:00,1.22374,1.225,1.22346,1.22419,1167
2010.06.14 17:15:00,1.22415,1.22691,1.22387,1.22642,978.8
2010.06.14 17:30:00,1.22649,1.22705,1.22534,1.22581,912.3
2010.06.14 17:45:00,1.22595,1.22803,1.22564,1.22772,1204.4
2010.06.14 18:00:00,1.22784,1.22935,1.22704,1.22891,1012.4
2010.06.14 18:15:00,1.2289,1.23005,1.22837,1.22898,1182.2
2010.06.14 18:30:00,1.22903,1.22927,1.22784,1.22821,1120
2010.06.14 18:45:00,1.22816,1.22835,1.22733,1.22754,1004
2010.06.14 19:00:00,1.2275,1.22921,1.22703,1.22902,1016.7
2010.06.14 19:15:00,1.22907,1.22938,1.22786,1.22835,888.1
2010.06.14 19:30:00,1.22833,1.22945,1.22796,1.22824,1057.3
2010.06.14 19:45:00,1.2284,1.22854,1.22518,1.2252,1340.7
2010.06.14 20:00:00,1.225,1.22641,1.22314,1.22385,795.3
2010.06.14 20:15:00,1.22394,1.22502,1.22354,1.22426,964.3
2010.06.14 20:30:00,1.22415,1.22481,1.22388,1.22424,980.1
2010.06.14 20:45:00,1.22424,1.22467,1.22266,1.22284,914.6
2010.06.14 21:00:00,1.22274,1.22283,1.22149,1.22233,872.5
2010.06.14 21:15:00,1.2223,1.2237,1.22163,1.22333,782.9
2010.06.14 21:30:00,1.22335,1.22366,1.22188,1.22284,685.8
2010.06.14 21:45:00,1.22276,1.22423,1.22229,1.22423,821.7
2010.06.14 22:00:00,1.22411,1.22455,1.22329,1.22436,655.3
2010.06.14 22:15:00,1.22442,1.22571,1.22371,1.22462,791.2
2010.06.14 22:30:00,1.22458,1.22482,1.22236,1.22317,971.5
2010.06.14 22:45:00,1.22336,1.22359,1.2219,1.22234,885.6
2010.06.14 23:00:00,1.22218,1.22307,1.22214,1.22274,1097.7
2010.06.14 23:15:00,1.22272,1.22321,1.22231,1.22262,1095.6
2010.06.14 23:30:00,1.22284,1.22289,1.22212,1.22264,650.2
2010.06.14 23:45:00,1.22257,1.22267,1.22155,1.22195,1003.9
2010.06.15 00:00:00,1.22198,1.2224,1.2216,1.22185,826.1
2010.06.15 00:15:00,1.22183,1.22205,1.22139,1.22184,692.8
2010.06.15 00:30:00,1.2215,1.22217,1.22073,1.22117,998.6
2010.06.15 00:45:00,1.22117,1.22173,1.22087,1.22134,1061
2010.06.15 01:00:00,1.22124,1.22218,1.22107,1.22198,352.3
2010.06.15 01:15:00,1.222,1.2227,1.22163,1.22257,382
2010.06.15 01:30:00,1.22259,1.2226,1.22214,1.22233,337.9
2010.06.15 01:45:00,1.22228,1.22252,1.2213,1.22143,450.8
2010.06.15 02:00:00,1.22139,1.22168,1.22109,1.22131,400.1
2010.06.15 02:15:00,1.22113,1.22141,1.22076,1.22108,445
2010.06.15 02:30:00,1.22117,1.22126,1.22041,1.22071,360.6
2010.06.15 02:45:00,1.22049,1.22118,1.22045,1.2211,430.1
2010.06.15 03:00:00,1.22096,1.22216,1.22096,1.22181,586.4
2010.06.15 03:15:00,1.22182,1.22325,1.22177,1.22302,477.4
2010.06.15 03:30:00,1.22308,1.22312,1.22199,1.22265,531.2
2010.06.15 03:45:00,1.22234,1.22281,1.22206,1.22266,704.5
2010.06.15 04:00:00,1.2227,1.22285,1.22051,1.22114,596.9
2010.06.15 04:15:00,1.22106,1.22169,1.22044,1.22089,442.7
2010.06.15 04:30:00,1.22078,1.22091,1.21948,1.21996,478.8
2010.06.15 04:45:00,1.21984,1.22109,1.21961,1.22038,532.7
2010.06.15 05:00:00,1.22059,1.22127,1.22006,1.22102,614
2010.06.15 05:15:00,1.22095,1.22192,1.22075,1.22137,444.1
2010.06.15 05:30:00,1.2212,1.22158,1.22063,1.22132,564.4
2010.06.15 05:45:00,1.22137,1.22142,1.22073,1.22095,951.9
2010.06.15 06:00:00,1.22086,1.22205,1.22054,1.22128,1036.8
2010.06.15 06:15:00,1.22128,1.22194,1.22119,1.22159,799.1
2010.06.15 06:30:00,1.22153,1.22199,1.22111,1.22177,977
2010.06.15 06:45:00,1.22171,1.22266,1.22147,1.22183,705.3
2010.06.15 07:00:00,1.22185,1.22254,1.22128,1.22146,724.8
2010.06.15 07:15:00,1.22159,1.22216,1.22125,1.22206,611.8
2010.06.15 07:30:00,1.22197,1.22209,1.22101,1.22113,735.6
2010.06.15 07:45:00,1.22142,1.22144,1.22002,1.22084,762
2010.06.15 08:00:00,1.22053,1.22082,1.21999,1.22059,541
2010.06.15 08:15:00,1.22065,1.2213,1.22007,1.22105,691.3
2010.06.15 08:30:00,1.22085,1.222,1.22044,1.22194,628
2010.06.15 08:45:00,1.22184,1.22213,1.22073,1.22135,679.7
2010.06.15 09:00:00,1.2212,1.22154,1.2191,1.21921,780.6
2010.06.15 09:15:00,1.21918,1.21954,1.21806,1.21848,650.4
2010.06.15 09:30:00,1.21849,1.21877,1.21707,1.21775,1012.4
2010.06.15 09:45:00,1.2175,1.21862,1.21665,1.21676,677.4
2010.06.15 10:00:00,1.21701,1.21841,1.21636,1.21822,1088.5
2010.06.15 10:15:00,1.21831,1.21882,1.21696,1.21768,950
2010.06.15 10:30:00,1.21805,1.21818,1.21667,1.21746,985.9
2010.06.15 10:45:00,1.21741,1.21991,1.21721,1.21937,1065.7
2010.06.15 11:00:00,1.21935,1.22015,1.21891,1.21936,1329.8
2010.06.15 11:15:00,1.21946,1.21986,1.21844,1.21878,1030.1
2010.06.15 11:30:00,1.21886,1.22124,1.21822,1.22088,1114.5
2010.06.15 11:45:00,1.22084,1.22159,1.21973,1.22142,1222.5
2010.06.15 12:00:00,1.22076,1.22076,1.21728,1.2192,1191.8
2010.06.15 12:15:00,1.21913,1.22156,1.21901,1.22082,1601.9
2010.06.15 12:30:00,1.22085,1.22443,1.22036,1.22373,1141.3
2010.06.15 12:45:00,1.22382,1.22507,1.22306,1.22454,1367.1
2010.06.15 13:00:00,1.22457,1.22642,1.22436,1.2252,1196.5
2010.06.15 13:15:00,1.22526,1.22652,1.22491,1.22586,1830.4
2010.06.15 13:30:00,1.22596,1.22676,1.22505,1.22554,1051.1
2010.06.15 13:45:00,1.22555,1.22604,1.22492,1.22508,1006.2
2010.06.15 14:00:00,1.22507,1.22775,1.22482,1.2261,1061.2
2010.06.15 14:15:00,1.22628,1.22654,1.22511,1.22637,805.5
2010.06.15 14:30:00,1.22634,1.22723,1.22555,1.22609,907
2010.06.15 14:45:00,1.22613,1.22652,1.2251,1.22625,831.3
2010.06.15 15:00:00,1.22617,1.22645,1.22407,1.22599,714.6
2010.06.15 15:15:00,1.22575,1.22708,1.2245,1.22675,931.6
2010.06.15 15:30:00,1.22685,1.2277,1.22595,1.22746,899.9
2010.06.15 15:45:00,1.22734,1.22739,1.22588,1.22686,1172
2010.06.15 16:00:00,1.22688,1.22966,1.22657,1.22925,1010.9
2010.06.15 16:15:00,1.22934,1.23038,1.22817,1.22929,823.6
2010.06.15 16:30:00,1.22949,1.22949,1.22792,1.22896,924.8
2010.06.15 16:45:00,1.22916,1.22954,1.22805,1.22895,1141.2
2010.06.15 17:00:00,1.22886,1.22912,1.22614,1.22708,1072.7
2010.06.15 17:15:00,1.22712,1.22841,1.22635,1.22752,1058.1
2010.06.15 17:30:00,1.22741,1.23076,1.22732,1.23038,1165.6
2010.06.15 17:45:00,1.23048,1.23136,1.22914,1.23069,1006.7
2010.06.15 18:00:00,1.23071,1.23331,1.23026,1.23185,1040
2010.06.15 18:15:00,1.23189,1.23277,1.23123,1.23234,1138.1
2010.06.15 18:30:00,1.23237,1.23313,1.23105,1.23273,1115.7
2010.06.15 18:45:00,1.23263,1.23328,1.23183,1.2325,1050.8
2010.06.15 19:00:00,1.23267,1.23436,1.23235,1.23312,1039.1
2010.06.15 19:15:00,1.23325,1.23351,1.23204,1.23248,917.5
2010.06.15 19:30:00,1.23253,1.23414,1.23226,1.23304,1054.2
2010.06.15 19:45:00,1.23311,1.23374,1.23234,1.23292,1296.7
2010.06.15 20:00:00,1.2333,1.23447,1.23245,1.23417,810
2010.06.15 20:15:00,1.2342,1.23492,1.23374,1.23442,981.6
2010.06.15 20:30:00,1.23427,1.23504,1.23392,1.23451,881.7
2010.06.15 20:45:00,1.23467,1.23474,1.23328,1.23372,889.2
2010.06.15 21:00:00,1.23373,1.23489,1.23355,1.23445,961.8
2010.06.15 21:15:00,1.23451,1.23478,1.23373,1.23409,818.3
2010.06.15 21:30:00,1.2343,1.23441,1.23298,1.23334,679.9
2010.06.15 21:45:00,1.23346,1.23388,1.2328,1.23325,834.7
2010.06.15 22:00:00,1.23317,1.23344,1.23254,1.23257,681.8
2010.06.15 22:15:00,1.23275,1.23397,1.23244,1.23353,681
2010.06.15 22:30:00,1.23332,1.23446,1.23296,1.23414,822.3
2010.06.15 22:45:00,1.23404,1.23487,1.23348,1.23475,837.7
2010.06.15 23:00:00,1.23468,1.23478,1.23373,1.23426,1113.8
2010.06.15 23:15:00,1.23395,1.23435,1.23276,1.23326,1140
2010.06.15 23:30:00,1.2332,1.23364,1.23213,1.23243,679.1
2010.06.15 23:45:00,1.23237,1.23357,1.23166,1.23324,1008.2
2010.06.16 00:00:00,1.23321,1.23342,1.23205,1.23248,875.3
2010.06.16 00:15:00,1.23238,1.23336,1.23203,1.23259,695.1
2010.06.16 00:30:00,1.23267,1.23335,1.23199,1.23235,906.1
2010.06.16 00:45:00,1.2323,1.23276,1.23164,1.23235,1014.5
2010.06.16 01:00:00,1.23231,1.23257,1.23174,1.23219,387
2010.06.16 01:15:00,1.23218,1.23238,1.23176,1.23199,471.3
2010.06.16 01:30:00,1.23191,1.23249,1.23144,1.23228,326.4
2010.06.16 01:45:00,1.23228,1.23233,1.23142,1.23161,375.5
2010.06.16 02:00:00,1.23167,1.23184,1.23122,1.23137,355.2
2010.06.16 02:15:00,1.23125,1.2316,1.23088,1.23109,404.4
2010.06.16 02:30:00,1.23093,1.23225,1.23089,1.23201,440.5
2010.06.16 02:45:00,1.23197,1.23226,1.23101,1.23142,311.1
2010.06.16 03:00:00,1.23136,1.23218,1.231,1.23151,615
2010.06.16 03:15:00,1.23153,1.23178,1.23111,1.2315,475.6
2010.06.16 03:30:00,1.23128,1.23205,1.23117,1.23135,436.6
2010.06.16 03:45:00,1.23161,1.23182,1.23058,1.23117,722.4
2010.06.16 04:00:00,1.23126,1.23247,1.231,1.23214,620.5
2010.06.16 04:15:00,1.23201,1.23225,1.23125,1.23178,515.2
2010.06.16 04:30:00,1.23158,1.23194,1.23128,1.23169,430.5
2010.06.16 04:45:00,1.2317,1.23202,1.23134,1.2316,518.4
2010.06.16 05:00:00,1.23131,1.23161,1.23063,1.23114,639.6
2010.06.16 05:15:00,1.2312,1.2314,1.23084,1.23097,476
2010.06.16 05:30:00,1.23074,1.23139,1.23061,1.23104,520.1
2010.06.16 05:45:00,1.23119,1.23216,1.23093,1.23151,884
2010.06.16 06:00:00,1.23162,1.23228,1.23119,1.23203,969.5
2010.06.16 06:15:00,1.23206,1.23218,1.2314,1.23195,771.5
2010.06.16 06:30:00,1.23189,1.23263,1.23155,1.23229,963.7
2010.06.16 06:45:00,1.23227,1.23247,1.23115,1.23185,643.4
2010.06.16 07:00:00,1.23167,1.23187,1.23072,1.231,751.2
2010.06.16 07:15:00,1.23108,1.23181,1.23091,1.23154,663.6
2010.06.16 07:30:00,1.23132,1.23247,1.23112,1.23205,654.5
2010.06.16 07:45:00,1.23203,1.23344,1.23165,1.2329,634.2
2010.06.16 08:00:00,1.23284,1.23328,1.23215,1.23258,475.5
2010.06.16 08:15:00,1.23256,1.23299,1.23194,1.23271,714.3
2010.06.16 08:30:00,1.23267,1.23321,1.23194,1.23292,664
2010.06.16 08:45:00,1.23301,1.23407,1.23274,1.23305,652
2010.06.16 09:00:00,1.23267,1.23333,1.23193,1.23272,763.1
2010.06.16 09:15:00,1.23288,1.23424,1.23261,1.23337,764.4
2010.06.16 09:30:00,1.23344,1.23451,1.23233,1.23438,1100.3
2010.06.16 09:45:00,1.23419,1.23525,1.23373,1.23415,721.2
2010.06.16 10:00:00,1.23407,1.23424,1.23244,1.23273,1063.9
2010.06.16 10:15:00,1.23295,1.23332,1.23152,1.23264,961.8
2010.06.16 10:30:00,1.23264,1.23271,1.23003,1.23042,982.8
2010.06.16 10:45:00,1.23019,1.23046,1.22713,1.22848,1255
2010.06.16 11:00:00,1.22862,1.22903,1.22705,1.22862,1365.1
2010.06.16 11:15:00,1.22865,1.22898,1.22727,1.22812,1033.7
2010.06.16 11:30:00,1.22777,1.22942,1.22752,1.22847,1178.2
2010.06.16 11:45:00,1.22834,1.23039,1.22777,1.23006,1201.6
2010.06.16 12:00:00,1.22998,1.23021,1.22838,1.22904,1037.2
2010.06.16 12:15:00,1.22886,1.22955,1.22822,1.22884,1523.8
2010.06.16 12:30:00,1.22861,1.22998,1.22841,1.22979,1211.6
2010.06.16 12:45:00,1.22981,1.23063,1.22941,1.22997,1479.6
2010.06.16 13:00:00,1.23018,1.23068,1.22945,1.23014,1247.6
2010.06.16 13:15:00,1.23017,1.23078,1.22891,1.23055,1740.3
2010.06.16 13:30:00,1.23039,1.23102,1.2289,1.22893,1098.1
2010.06.16 13:45:00,1.22888,1.22942,1.22802,1.22867,1093.7
2010.06.16 14:00:00,1.22876,1.22926,1.22741,1.22826,1082
2010.06.16 14:15:00,1.22833,1.22992,1.22794,1.22853,889
2010.06.16 14:30:00,1.22842,1.22873,1.22681,1.22708,899.1
2010.06.16 14:45:00,1.22741,1.22847,1.22655,1.22796,846.5
2010.06.16 15:00:00,1.22805,1.22816,1.22617,1.22758,702.3
2010.06.16 15:15:00,1.22774,1.22789,1.22604,1.22667,854.5
2010.06.16 15:30:00,1.22649,1.2274,1.22528,1.22692,833
2010.06.16 15:45:00,1.22685,1.22874,1.22625,1.22856,1086.8
2010.06.16 16:00:00,1.22838,1.22963,1.22792,1.22921,938.7
2010.06.16 16:15:00,1.22911,1.22993,1.22882,1.22926,751.1
2010.06.16 16:30:00,1.2294,1.23078,1.22805,1.23066,1004.1
2010.06.16 16:45:00,1.23076,1.23177,1.22982,1.23165,1078
2010.06.16 17:00:00,1.23164,1.23255,1.23101,1.2322,1110.7
2010.06.16 17:15:00,1.23225,1.23259,1.23052,1.23113,1084.3
2010.06.16 17:30:00,1.23107,1.23144,1.2292,1.23133,1025.6
2010.06.16 17:45:00,1.2314,1.23198,1.23004,1.23162,1012.9
2010.06.16 18:00:00,1.23157,1.23277,1.23043,1.23225,1021.5
2010.06.16 18:15:00,1.23231,1.23378,1.23174,1.23277,1110.7
2010.06.16 18:30:00,1.23293,1.23306,1.23171,1.23291,1076.1
2010.06.16 18:45:00,1.23291,1.23303,1.23159,1.23212,969.7
2010.06.16 19:00:00,1.23215,1.23382,1.23181,1.23212,1090.8
2010.06.16 19:15:00,1.2321,1.23279,1.23181,1.23243,1108
2010.06.16 19:30:00,1.23234,1.23273,1.23042,1.23094,987.9
2010.06.16 19:45:00,1.23096,1.23153,1.22946,1.23127,1226
2010.06.16 20:00:00,1.23136,1.23146,1.22994,1.23017,765.7
2010.06.16 20:15:00,1.23015,1.23117,1.22963,1.23088,1019.7
2010.06.16 20:30:00,1.23075,1.23184,1.23027,1.23114,1006.5
2010.06.16 20:45:00,1.23102,1.23222,1.23086,1.23163,967.3
2010.06.16 21:00:00,1.23179,1.23296,1.23137,1.23173,796.9
2010.06.16 21:15:00,1.23178,1.23231,1.23085,1.23142,752.5
2010.06.16 21:30:00,1.23145,1.23194,1.22996,1.23061,648.5
2010.06.16 21:45:00,1.23071,1.23146,1.23005,1.23117,848.5
2010.06.16 22:00:00,1.23109,1.23127,1.22958,1.23024,595.7
2010.06.16 22:15:00,1.2304,1.23054,1.22943,1.22977,676.5
2010.06.16 22:30:00,1.22974,1.2309,1.22945,1.23047,850.2
2010.06.16 22:45:00,1.23049,1.23087,1.22984,1.23038,912.6
2010.06.16 23:00:00,1.23029,1.2309,1.22982,1.23077,1059
2010.06.16 23:15:00,1.23086,1.23144,1.2304,1.23076,1011
2010.06.16 23:30:00,1.23059,1.23137,1.23044,1.23073,731.4
2010.06.16 23:45:00,1.23087,1.23124,1.23046,1.23102,908.5
2010.06.17 00:00:00,1.23079,1.23155,1.23048,1.23102,842.7
2010.06.17 00:15:00,1.23112,1.23112,1.22955,1.2299,718.9
2010.06.17 00:30:00,1.22993,1.23058,1.22947,1.23025,987.6
2010.06.17 00:45:00,1.23032,1.23067,1.2296,1.22993,1100.3
2010.06.17 01:00:00,1.22951,1.2306,1.22951,1.23037,347
2010.06.17 01:15:00,1.23036,1.23101,1.23008,1.23062,416.8
2010.06.17 01:30:00,1.23047,1.23091,1.23037,1.23073,439.8
2010.06.17 01:45:00,1.23078,1.23126,1.23053,1.23124,443.3
2010.06.17 02:00:00,1.23098,1.23142,1.23072,1.23085,363.9
2010.06.17 02:15:00,1.23068,1.23103,1.23001,1.23023,421
2010.06.17 02:30:00,1.23032,1.23072,1.23005,1.23052,387.3
2010.06.17 02:45:00,1.23044,1.23075,1.22955,1.22987,370
2010.06.17 03:00:00,1.22993,1.23038,1.22768,1.22817,587
2010.06.17 03:15:00,1.22804,1.22896,1.22744,1.22872,524.3
2010.06.17 03:30:00,1.22878,1.22882,1.22777,1.22835,520.9
2010.06.17 03:45:00,1.22853,1.22874,1.22725,1.22796,722.7
2010.06.17 04:00:00,1.22758,1.22834,1.22727,1.22744,622.1
2010.06.17 04:15:00,1.22735,1.22761,1.22668,1.22685,554.2
2010.06.17 04:30:00,1.22685,1.22694,1.22583,1.22668,406
2010.06.17 04:45:00,1.22669,1.22758,1.22625,1.22679,483.4
2010.06.17 05:00:00,1.22669,1.22748,1.22643,1.22702,619.6
2010.06.17 05:15:00,1.22701,1.22799,1.22692,1.22762,494.7
2010.06.17 05:30:00,1.22788,1.22796,1.22732,1.22761,585.2
2010.06.17 05:45:00,1.22767,1.22788,1.22686,1.22732,894.6
2010.06.17 06:00:00,1.22733,1.228,1.2268,1.22733,1060
2010.06.17 06:15:00,1.22765,1.22814,1.22719,1.22791,877.6
2010.06.17 06:30:00,1.22772,1.22824,1.22632,1.22669,976.6
2010.06.17 06:45:00,1.22677,1.22744,1.22603,1.22723,705.8
2010.06.17 07:00:00,1.22712,1.22771,1.22634,1.22751,737.7
2010.06.17 07:15:00,1.22736,1.22768,1.2267,1.2272,644.2
2010.06.17 07:30:00,1.2275,1.22784,1.22624,1.22681,679.3
2010.06.17 07:45:00,1.22678,1.22716,1.22594,1.22624,758.3
2010.06.17 08:00:00,1.22623,1.22654,1.22545,1.22625,530.3
2010.06.17 08:15:00,1.22642,1.22726,1.22611,1.22693,647.7
2010.06.17 08:30:00,1.2268,1.22747,1.22618,1.22708,622.3
2010.06.17 08:45:00,1.22739,1.22787,1.22682,1.22772,684.2
2010.06.17 09:00:00,1.22791,1.22827,1.22714,1.22741,761.4
2010.06.17 09:15:00,1.22738,1.22801,1.22655,1.22731,680.6
2010.06.17 09:30:00,1.22733,1.22844,1.22672,1.22695,952
2010.06.17 09:45:00,1.22693,1.22733,1.22555,1.22686,718.9
2010.06.17 10:00:00,1.22669,1.22701,1.22401,1.22464,1078.3
2010.06.17 10:15:00,1.22461,1.22681,1.22415,1.22623,1042.7
2010.06.17 10:30:00,1.22619,1.22832,1.22587,1.22779,1065.1
2010.06.17 10:45:00,1.2278,1.22796,1.22651,1.22776,1202.5
2010.06.17 11:00:00,1.2275,1.23006,1.22693,1.22952,1395.1
2010.06.17 11:15:00,1.22953,1.23178,1.2289,1.23153,1009.6
2010.06.17 11:30:00,1.23138,1.23303,1.23071,1.23215,1103.8
2010.06.17 11:45:00,1.23207,1.23404,1.23176,1.23282,1299.2
2010.06.17 12:00:00,1.23282,1.23558,1.23233,1.2352,1125.2
2010.06.17 12:15:00,1.23549,1.23839,1.23506,1.23651,1433.3
2010.06.17 12:30:00,1.23654,1.23817,1.23614,1.2379,1251.2
2010.06.17 12:45:00,1.23794,1.23939,1.23755,1.23867,1470.3
2010.06.17 13:00:00,1.23835,1.23962,1.23805,1.23862,1207.8
2010.06.17 13:15:00,1.23862,1.23876,1.2369,1.23782,1816
2010.06.17 13:30:00,1.23793,1.23796,1.23605,1.237,983.2
2010.06.17 13:45:00,1.23688,1.23826,1.23653,1.23739,1029.4
2010.06.17 14:00:00,1.23728,1.2382,1.23695,1.23784,981.5
2010.06.17 14:15:00,1.23777,1.23826,1.23706,1.23752,888.6
2010.06.17 14:30:00,1.2376,1.23824,1.237,1.23767,863.4
2010.06.17 14:45:00,1.23784,1.23845,1.23693,1.23734,884.3
2010.06.17 15:00:00,1.23736,1.23765,1.23607,1.23644,688.5
2010.06.17 15:15:00,1.23633,1.23674,1.23545,1.23615,838.5
2010.06.17 15:30:00,1.23636,1.23724,1.23534,1.23677,860.7
2010.06.17 15:45:00,1.23677,1.2381,1.23564,1.23791,1063.5
2010.06.17 16:00:00,1.23802,1.23989,1.23706,1.23984,929
2010.06.17 16:15:00,1.23989,1.24096,1.23841,1.23874,751.7
2010.06.17 16:30:00,1.23886,1.23997,1.23811,1.23872,879.8
2010.06.17 16:45:00,1.23874,1.24001,1.23835,1.23953,1042.1
2010.06.17 17:00:00,1.23954,1.24151,1.23768,1.23921,1173.4
2010.06.17 17:15:00,1.23933,1.23964,1.23758,1.2383,1099
2010.06.17 17:30:00,1.23825,1.2386,1.23577,1.2363,1203.3
2010.06.17 17:45:00,1.23622,1.23635,1.23417,1.23554,1048.4
2010.06.17 18:00:00,1.23553,1.23714,1.23394,1.23666,971.8
2010.06.17 18:15:00,1.23657,1.23735,1.23538,1.23643,1086.8
2010.06.17 18:30:00,1.23634,1.23728,1.23606,1.23653,1039.8
2010.06.17 18:45:00,1.23649,1.23765,1.23587,1.23648,985
2010.06.17 19:00:00,1.23621,1.23676,1.2355,1.23584,1168.3
2010.06.17 19:15:00,1.23584,1.23657,1.23534,1.23558,992.5
2010.06.17 19:30:00,1.23556,1.23636,1.23525,1.23554,1117.4
2010.06.17 19:45:00,1.23556,1.23585,1.23474,1.2352,1179.7
2010.06.17 20:00:00,1.23513,1.23615,1.23486,1.23612,756.7
2010.06.17 20:15:00,1.23605,1.23638,1.23547,1.23621,993.7
2010.06.17 20:30:00,1.2361,1.23803,1.23595,1.23777,950.5
2010.06.17 20:45:00,1.23766,1.2394,1.23725,1.2387,987.2
2010.06.17 21:00:00,1.23864,1.23997,1.23844,1.23891,814.8
2010.06.17 21:15:00,1.23894,1.23928,1.23796,1.23828,740.3
2010.06.17 21:30:00,1.23805,1.23879,1.23756,1.23758,665.1
2010.06.17 21:45:00,1.23756,1.23836,1.2374,1.23777,828.8
2010.06.17 22:00:00,1.23762,1.23787,1.23648,1.23677,664
2010.06.17 22:15:00,1.23667,1.2373,1.23608,1.23681,730.2
2010.06.17 22:30:00,1.2367,1.23798,1.23657,1.23739,825
2010.06.17 22:45:00,1.23744,1.23918,1.23732,1.23848,1021.2
2010.06.17 23:00:00,1.2385,1.23911,1.23815,1.23876,1092.9
2010.06.17 23:15:00,1.23878,1.23888,1.23781,1.23813,1196.5
2010.06.17 23:30:00,1.23783,1.23846,1.23747,1.23775,694.9
2010.06.17 23:45:00,1.23774,1.23908,1.23751,1.23883,958.5
2010.06.18 00:00:00,1.23842,1.23889,1.23745,1.23807,904.4
2010.06.18 00:15:00,1.23816,1.23889,1.23771,1.23854,749.1
2010.06.18 00:30:00,1.23868,1.23868,1.23754,1.23777,973.9
2010.06.18 00:45:00,1.23776,1.23827,1.23731,1.2378,1128.5
2010.06.18 01:00:00,1.23769,1.23819,1.23755,1.23792,403.4
2010.06.18 01:15:00,1.238,1.23815,1.23757,1.2381,492.1
2010.06.18 01:30:00,1.23798,1.23837,1.23739,1.23816,375
2010.06.18 01:45:00,1.23818,1.23823,1.2377,1.23804,466.2
2010.06.18 02:00:00,1.23792,1.23864,1.23761,1.23793,379.3
2010.06.18 02:15:00,1.23785,1.23841,1.23741,1.23826,443.2
2010.06.18 02:30:00,1.23822,1.23967,1.23782,1.2392,339.1
2010.06.18 02:45:00,1.23924,1.23936,1.23854,1.23865,399.1
2010.06.18 03:00:00,1.2385,1.23929,1.23833,1.2385,604.6
2010.06.18 03:15:00,1.23849,1.23907,1.23808,1.2383,509.5
2010.06.18 03:30:00,1.23823,1.23846,1.2375,1.2381,484.1
2010.06.18 03:45:00,1.23816,1.23865,1.23735,1.23801,667
2010.06.18 04:00:00,1.23818,1.23864,1.2376,1.23801,648.1
2010.06.18 04:15:00,1.23815,1.23965,1.2378,1.23926,439.6
2010.06.18 04:30:00,1.23908,1.23951,1.23846,1.23876,459.3
2010.06.18 04:45:00,1.23856,1.23877,1.23783,1.23875,570.7
2010.06.18 05:00:00,1.23867,1.23945,1.23816,1.23837,575.7
2010.06.18 05:15:00,1.23855,1.23916,1.23815,1.23904,532.7
2010.06.18 05:30:00,1.23892,1.23935,1.23842,1.239,497.8
2010.06.18 05:45:00,1.23907,1.23983,1.23868,1.23934,958.5
2010.06.18 06:00:00,1.23943,1.23951,1.23849,1.23884,983
2010.06.18 06:15:00,1.23886,1.23965,1.23863,1.23935,953.7
2010.06.18 06:30:00,1.23916,1.24028,1.23901,1.24011,929.7
2010.06.18 06:45:00,1.24027,1.24058,1.23962,1.24052,732.8
2010.06.18 07:00:00,1.24014,1.24059,1.23985,1.2404,733.7
2010.06.18 07:15:00,1.24013,1.24133,1.24009,1.2407,711.2
2010.06.18 07:30:00,1.24085,1.24148,1.24048,1.2409,616.4
2010.06.18 07:45:00,1.241,1.241,1.23906,1.23943,626.9
2010.06.18 08:00:00,1.23919,1.24019,1.23912,1.23979,556.8
2010.06.18 08:15:00,1.23947,1.24024,1.2394,1.23965,645
2010.06.18 08:30:00,1.23976,1.23989,1.23833,1.23879,662.8
2010.06.18 08:45:00,1.23901,1.24033,1.23855,1.23994,693.6
2010.06.18 09:00:00,1.24,1.24065,1.23872,1.23937,752
2010.06.18 09:15:00,1.23948,1.24003,1.2384,1.23935,785.8
2010.06.18 09:30:00,1.23935,1.23947,1.23704,1.2379,948.2
2010.06.18 09:45:00,1.23792,1.23852,1.23634,1.23764,768.3
2010.06.18 10:00:00,1.23778,1.23872,1.237,1.23804,1067.4
2010.06.18 10:15:00,1.23823,1.23841,1.23694,1.23832,908.8
2010.06.18 10:30:00,1.23842,1.24082,1.23797,1.24044,1076.9
2010.06.18 10:45:00,1.24059,1.2416,1.23932,1.2397,1191.1
2010.06.18 11:00:00,1.23981,1.24065,1.23914,1.23954,1486.3
2010.06.18 11:15:00,1.23941,1.23986,1.23831,1.23934,1052.3
2010.06.18 11:30:00,1.23943,1.23987,1.23821,1.23872,1161.3
2010.06.18 11:45:00,1.23874,1.23967,1.23831,1.23931,1208.3
2010.06.18 12:00:00,1.23921,1.23937,1.23821,1.23922,1145.4
2010.06.18 12:15:00,1.23913,1.23933,1.23821,1.23854,1388.8
2010.06.18 12:30:00,1.23849,1.23947,1.23792,1.23831,1213
2010.06.18 12:45:00,1.23831,1.23846,1.23682,1.23774,1426.4
2010.06.18 13:00:00,1.2378,1.23859,1.237,1.23831,1074.1
2010.06.18 13:15:00,1.23838,1.23838,1.23613,1.23685,1994
2010.06.18 13:30:00,1.23695,1.23733,1.23545,1.2367,1014
2010.06.18 13:45:00,1.23678,1.23765,1.2364,1.23701,1075.6
2010.06.18 14:00:00,1.2371,1.23766,1.23622,1.2372,1105.9
2010.06.18 14:15:00,1.23731,1.23836,1.23705,1.23799,901.1
2010.06.18 14:30:00,1.23804,1.23825,1.2367,1.23704,923.8
2010.06.18 14:45:00,1.23726,1.23846,1.23683,1.23716,888.5
2010.06.18 15:00:00,1.23703,1.23816,1.23685,1.23714,722.8
2010.06.18 15:15:00,1.23708,1.23745,1.23591,1.23643,908
2010.06.18 15:30:00,1.23645,1.23725,1.23596,1.23714,823.6
2010.06.18 15:45:00,1.23705,1.23786,1.23637,1.23685,1148.5
2010.06.18 16:00:00,1.23681,1.23727,1.2361,1.23721,1010.7
2010.06.18 16:15:00,1.23713,1.23764,1.23605,1.23722,827.2
2010.06.18 16:30:00,1.23722,1.23766,1.23657,1.23706,987.4
2010.06.18 16:45:00,1.23702,1.23726,1.23556,1.23611,1126.6
2010.06.18 17:00:00,1.23626,1.23765,1.23586,1.23696,1157.7
2010.06.18 17:15:00,1.23691,1.23904,1.23658,1.23872,981.9
2010.06.18 17:30:00,1.23864,1.23947,1.23793,1.23851,1022.8
2010.06.18 17:45:00,1.23853,1.23888,1.23785,1.23825,1037.6
2010.06.18 18:00:00,1.23824,1.23838,1.23622,1.23671,1101.5
2010.06.18 18:15:00,1.23667,1.23698,1.23516,1.23596,1089.3
2010.06.18 18:30:00,1.23601,1.23664,1.23522,1.23609,1209.6
2010.06.18 18:45:00,1.23616,1.2369,1.23561,1.23581,1167.5
2010.06.18 19:00:00,1.23582,1.23695,1.23579,1.2369,1140.9
2010.06.18 19:15:00,1.23694,1.23705,1.23575,1.23643,973.3
2010.06.18 19:30:00,1.23636,1.23667,1.23559,1.23621,1020.8
2010.06.18 19:45:00,1.23623,1.23742,1.23588,1.23623,1212.6
2010.06.18 20:00:00,1.23608,1.23676,1.23587,1.23632,817.2
2010.06.18 20:15:00,1.23645,1.2365,1.23585,1.23642,1010.9
2010.06.18 20:30:00,1.23624,1.23678,1.23586,1.23638,868.2
2010.06.18 20:45:00,1.23636,1.23657,1.23565,1.23604,889.8
2010.06.18 21:00:00,1.23596,1.23667,1.23575,1.23652,837.5
2010.06.18 21:15:00,1.23643,1.23691,1.23613,1.23676,730.8
2010.06.18 21:30:00,1.23675,1.23688,1.23607,1.23623,734.1
2010.06.18 21:45:00,1.23633,1.23649,1.23574,1.23629,826.1
2010.06.18 22:00:00,1.2362,1.23645,1.23565,1.23595,694.9
2010.06.18 22:15:00,1.23624,1.23678,1.23576,1.2366,748.1
2010.06.18 22:30:00,1.23662,1.23698,1.23622,1.23683,875.3
2010.06.18 22:45:00,1.23686,1.23738,1.23664,1.23733,897.3
2010.06.18 23:00:00,1.23738,1.23869,1.23694,1.23786,1182.3
2010.06.18 23:15:00,1.2378,1.23847,1.23744,1.23775,1019.6
2010.06.18 23:30:00,1.23759,1.2392,1.23739,1.23875,685.6
2010.06.18 23:45:00,1.23877,1.2392,1.23838,1.23894,1006.4
2010.06.21 00:00:00,1.23964,1.2463,1.23964,1.24577,891.6
2010.06.21 00:15:00,1.24568,1.24673,1.24267,1.24272,730.6
2010.06.21 00:30:00,1.24253,1.2438,1.24228,1.24355,969.2
2010.06.21 00:45:00,1.24359,1.24413,1.24227,1.24291,946.5
2010.06.21 01:00:00,1.24301,1.24307,1.2413,1.2419,437.7
2010.06.21 01:15:00,1.24198,1.24202,1.24117,1.2414,406.2
2010.06.21 01:30:00,1.24102,1.24152,1.23996,1.24128,385.6
2010.06.21 01:45:00,1.24116,1.24161,1.24048,1.24078,362
2010.06.21 02:00:00,1.24082,1.24103,1.24012,1.2406,414.3
2010.06.21 02:15:00,1.24065,1.24199,1.23969,1.24159,450.7
2010.06.21 02:30:00,1.24158,1.24177,1.24062,1.24125,373.2
2010.06.21 02:45:00,1.24137,1.2417,1.24091,1.24146,405.9
2010.06.21 03:00:00,1.24156,1.24284,1.24105,1.24244,580.1
2010.06.21 03:15:00,1.24242,1.24384,1.24201,1.24291,500.4
2010.06.21 03:30:00,1.24273,1.24318,1.24101,1.2425,464.2
2010.06.21 03:45:00,1.24261,1.24274,1.24121,1.24238,680.2
2010.06.21 04:00:00,1.24231,1.24364,1.24228,1.24297,559.5
2010.06.21 04:15:00,1.24295,1.243,1.23673,1.23764,406.8
2010.06.21 04:30:00,1.23773,1.23957,1.23755,1.23838,366.4
2010.06.21 04:45:00,1.23838,1.23931,1.23803,1.23888,587.2
2010.06.21 05:00:00,1.23908,1.24093,1.23877,1.23982,664.3
2010.06.21 05:15:00,1.23973,1.24022,1.23945,1.23981,506
2010.06.21 05:30:00,1.23973,1.2406,1.23963,1.24032,525.8
2010.06.21 05:45:00,1.24025,1.24311,1.2399,1.24289,917.6
2010.06.21 06:00:00,1.24296,1.24328,1.24204,1.24273,1179.6
2010.06.21 06:15:00,1.24278,1.2439,1.24235,1.24326,791.6
2010.06.21 06:30:00,1.24315,1.24397,1.24258,1.24302,965.8
2010.06.21 06:45:00,1.24301,1.24325,1.24064,1.2414,650
2010.06.21 07:00:00,1.24169,1.24251,1.24111,1.24224,722.8
2010.06.21 07:15:00,1.24213,1.24317,1.24168,1.2427,664.3
2010.06.21 07:30:00,1.24257,1.24308,1.2421,1.24297,609.6
2010.06.21 07:45:00,1.24292,1.24375,1.24234,1.24322,645.1
2010.06.21 08:00:00,1.24316,1.24337,1.24228,1.24309,500.1
2010.06.21 08:15:00,1.24329,1.24475,1.24301,1.2446,700.4
2010.06.21 08:30:00,1.24452,1.24669,1.24433,1.24605,718
2010.06.21 08:45:00,1.24604,1.24621,1.24453,1.24516,654.9
2010.06.21 09:00:00,1.2458,1.24622,1.24503,1.2454,807.2
2010.06.21 09:15:00,1.2454,1.24574,1.24414,1.24512,736.7
2010.06.21 09:30:00,1.24498,1.24604,1.24462,1.24514,971.4
2010.06.21 09:45:00,1.24507,1.24587,1.24425,1.24542,703.3
2010.06.21 10:00:00,1.24541,1.246,1.24398,1.24452,997.5
2010.06.21 10:15:00,1.24462,1.24542,1.24413,1.24469,975.5
2010.06.21 10:30:00,1.24466,1.24488,1.24306,1.24342,933.5
2010.06.21 10:45:00,1.24342,1.24375,1.242,1.24273,1247.2
2010.06.21 11:00:00,1.24271,1.24318,1.2416,1.2424,1373.8
2010.06.21 11:15:00,1.24251,1.24296,1.24108,1.24276,1027.8
2010.06.21 11:30:00,1.24281,1.24318,1.24062,1.24136,1226.2
2010.06.21 11:45:00,1.24143,1.24228,1.24012,1.2403,1238.8
2010.06.21 12:00:00,1.24014,1.24095,1.23928,1.24001,1181.6
2010.06.21 12:15:00,1.23998,1.24126,1.23968,1.24082,1355.1
2010.06.21 12:30:00,1.24066,1.24081,1.23891,1.2401,1299.3
2010.06.21 12:45:00,1.24006,1.24077,1.23871,1.23926,1632.6
2010.06.21 13:00:00,1.23925,1.24006,1.23882,1.23928,1200.7
2010.06.21 13:15:00,1.23933,1.23995,1.23853,1.23971,1765.7
2010.06.21 13:30:00,1.23958,1.24004,1.23815,1.23871,1082.8
2010.06.21 13:45:00,1.23877,1.23968,1.23774,1.23932,1029.2
2010.06.21 14:00:00,1.23924,1.24111,1.23891,1.24093,1027.2
2010.06.21 14:15:00,1.24096,1.24104,1.23986,1.24014,792.4
2010.06.21 14:30:00,1.24016,1.24049,1.23898,1.23987,937.6
2010.06.21 14:45:00,1.23979,1.24052,1.23891,1.23962,835.3
2010.06.21 15:00:00,1.23969,1.24003,1.23825,1.23893,759.9
2010.06.21 15:15:00,1.23886,1.23931,1.23476,1.23571,891.3
2010.06.21 15:30:00,1.23588,1.23717,1.23514,1.23585,869.4
2010.06.21 15:45:00,1.23596,1.23804,1.23562,1.23756,1053.9
2010.06.21 16:00:00,1.23753,1.23857,1.23731,1.23784,949
2010.06.21 16:15:00,1.2378,1.23866,1.23738,1.23786,800.8
2010.06.21 16:30:00,1.23796,1.23831,1.2365,1.23755,868.4
2010.06.21 16:45:00,1.23739,1.23912,1.23654,1.23884,1207.5
2010.06.21 17:00:00,1.23888,1.23965,1.23824,1.23942,1069.2
2010.06.21 17:15:00,1.23921,1.24003,1.23783,1.2383,975.1
2010.06.21 17:30:00,1.23817,1.23923,1.23765,1.23899,1043
2010.06.21 17:45:00,1.23893,1.23935,1.23702,1.23781,1143.7
2010.06.21 18:00:00,1.23775,1.23906,1.23763,1.23885,1068.4
2010.06.21 18:15:00,1.23883,1.23947,1.23772,1.23904,1129.5
2010.06.21 18:30:00,1.23914,1.23951,1.23833,1.23862,1184.9
2010.06.21 18:45:00,1.23879,1.23908,1.23774,1.23838,1038.9
2010.06.21 19:00:00,1.23824,1.23854,1.23663,1.23736,1078
2010.06.21 19:15:00,1.23744,1.23758,1.23603,1.23643,1133.9
2010.06.21 19:30:00,1.23634,1.23656,1.23303,1.23362,1052.2
2010.06.21 19:45:00,1.23358,1.23461,1.23263,1.23454,1215.2
2010.06.21 20:00:00,1.23421,1.23464,1.23314,1.23437,748
2010.06.21 20:15:00,1.23453,1.23469,1.23253,1.23318,994.2
2010.06.21 20:30:00,1.23335,1.23357,1.23184,1.23212,944.4
2010.06.21 20:45:00,1.23192,1.23308,1.23133,1.23244,898.7
2010.06.21 21:00:00,1.23255,1.23355,1.23165,1.23331,861.6
2010.06.21 21:15:00,1.2334,1.23357,1.23229,1.23254,742.5
2010.06.21 21:30:00,1.23222,1.23334,1.23212,1.23225,647.1
2010.06.21 21:45:00,1.23233,1.23239,1.23101,1.23216,844.9
2010.06.21 22:00:00,1.23215,1.23296,1.2311,1.23138,647.3
2010.06.21 22:15:00,1.23147,1.23183,1.23024,1.23101,726.3
2010.06.21 22:30:00,1.23099,1.2318,1.23018,1.23069,875.1
2010.06.21 22:45:00,1.23077,1.23198,1.2304,1.23168,844.5
2010.06.21 23:00:00,1.23183,1.23267,1.23136,1.23176,1162.6
2010.06.21 23:15:00,1.23188,1.23237,1.23154,1.23192,1045.5
2010.06.21 23:30:00,1.23183,1.23236,1.23166,1.23214,777.8
2010.06.21 23:45:00,1.23237,1.23254,1.23074,1.23107,953.7
2010.06.22 00:00:00,1.23106,1.23206,1.23025,1.23056,926.5
2010.06.22 00:15:00,1.23074,1.23195,1.23043,1.23164,708.5
2010.06.22 00:30:00,1.23166,1.23237,1.23069,1.23192,928.7
2010.06.22 00:45:00,1.23195,1.23249,1.23108,1.23211,1020.6
2010.06.22 01:00:00,1.23241,1.23251,1.23179,1.2319,411.7
2010.06.22 01:15:00,1.2319,1.2323,1.23142,1.23205,416.2
2010.06.22 01:30:00,1.23211,1.23247,1.23159,1.23204,357.4
2010.06.22 01:45:00,1.23198,1.23217,1.23099,1.23143,431
2010.06.22 02:00:00,1.23147,1.23227,1.23126,1.23205,418.9
2010.06.22 02:15:00,1.23202,1.23272,1.23177,1.23239,427.8
2010.06.22 02:30:00,1.23257,1.23279,1.23231,1.23267,398.6
2010.06.22 02:45:00,1.23249,1.23272,1.23182,1.23216,407.4
2010.06.22 03:00:00,1.23194,1.23271,1.23131,1.23213,575.3
2010.06.22 03:15:00,1.23212,1.23229,1.23064,1.231,520.8
2010.06.22 03:30:00,1.23076,1.232,1.23065,1.23162,527.2
2010.06.22 03:45:00,1.23164,1.23339,1.23148,1.23217,626.4
2010.06.22 04:00:00,1.23233,1.23261,1.23139,1.23148,593.3
2010.06.22 04:15:00,1.2318,1.23514,1.23158,1.23361,484.4
2010.06.22 04:30:00,1.23373,1.23471,1.23128,1.23162,433.8
2010.06.22 04:45:00,1.23155,1.23183,1.22981,1.23142,550
2010.06.22 05:00:00,1.23134,1.2317,1.22913,1.2297,659.6
2010.06.22 05:15:00,1.2296,1.22979,1.22834,1.22942,484.6
2010.06.22 05:30:00,1.22977,1.23032,1.22892,1.22961,527.4
2010.06.22 05:45:00,1.22957,1.23026,1.22904,1.22926,918.3
2010.06.22 06:00:00,1.22927,1.23088,1.22914,1.2307,1031
2010.06.22 06:15:00,1.23026,1.23074,1.22936,1.23052,851.6
2010.06.22 06:30:00,1.23031,1.23074,1.22969,1.23021,855.8
2010.06.22 06:45:00,1.23007,1.23077,1.22987,1.23042,651
2010.06.22 07:00:00,1.23039,1.23096,1.23002,1.23081,730.1
2010.06.22 07:15:00,1.23067,1.23096,1.2299,1.23048,668
2010.06.22 07:30:00,1.23043,1.23077,1.22959,1.22991,712.5
2010.06.22 07:45:00,1.22987,1.23068,1.22943,1.23054,672.4
2010.06.22 08:00:00,1.23043,1.23083,1.23018,1.23053,499.1
2010.06.22 08:15:00,1.23054,1.23087,1.23013,1.23062,637.8
2010.06.22 08:30:00,1.23055,1.23132,1.23017,1.23053,561.8
2010.06.22 08:45:00,1.23019,1.23045,1.22828,1.22885,745.2
2010.06.22 09:00:00,1.22867,1.22994,1.22834,1.22947,886.8
2010.06.22 09:15:00,1.2296,1.23132,1.22923,1.23084,689.8
2010.06.22 09:30:00,1.23078,1.23153,1.23044,1.23132,912.8
2010.06.22 09:45:00,1.23136,1.23209,1.23044,1.23076,742.2
2010.06.22 10:00:00,1.23087,1.23259,1.23056,1.2313,1013.9
2010.06.22 10:15:00,1.23121,1.23277,1.23066,1.23254,979.1
2010.06.22 10:30:00,1.23234,1.23301,1.23114,1.23172,1094.7
2010.06.22 10:45:00,1.23171,1.2325,1.23097,1.23159,1184.2
2010.06.22 11:00:00,1.23137,1.2325,1.23103,1.23214,1335.4
2010.06.22 11:15:00,1.23214,1.23286,1.23012,1.23054,977.3
2010.06.22 11:30:00,1.23041,1.23164,1.22982,1.23121,1164.7
2010.06.22 11:45:00,1.23133,1.23257,1.23081,1.23132,1307.1
2010.06.22 12:00:00,1.23137,1.23163,1.22849,1.22878,1137.5
2010.06.22 12:15:00,1.22862,1.22968,1.22761,1.22945,1394.3
2010.06.22 12:30:00,1.22937,1.22947,1.228,1.22832,1175.6
2010.06.22 12:45:00,1.2284,1.22846,1.22673,1.22706,1470.4
2010.06.22 13:00:00,1.22701,1.22795,1.22604,1.22742,1263.4
2010.06.22 13:15:00,1.22735,1.22827,1.22702,1.22775,1711
2010.06.22 13:30:00,1.22775,1.22862,1.22705,1.2282,1109.9
2010.06.22 13:45:00,1.22825,1.22856,1.22584,1.22589,1121.3
2010.06.22 14:00:00,1.22588,1.22695,1.22533,1.2257,1060.6
2010.06.22 14:15:00,1.22586,1.22695,1.22514,1.22682,746.9
2010.06.22 14:30:00,1.22674,1.22756,1.22584,1.22642,987.3
2010.06.22 14:45:00,1.22648,1.22726,1.22543,1.22649,875.7
2010.06.22 15:00:00,1.22652,1.22725,1.22519,1.22572,668.4
2010.06.22 15:15:00,1.22568,1.22766,1.22528,1.22733,912.6
2010.06.22 15:30:00,1.22734,1.22834,1.22665,1.22772,822.3
2010.06.22 15:45:00,1.22786,1.22933,1.22738,1.22895,1084.3
2010.06.22 16:00:00,1.22879,1.22962,1.22817,1.22899,945.5
2010.06.22 16:15:00,1.22882,1.22916,1.22807,1.22884,823
2010.06.22 16:30:00,1.22901,1.23021,1.22874,1.2297,977.3
2010.06.22 16:45:00,1.22964,1.23015,1.22834,1.22893,1060.6
2010.06.22 17:00:00,1.2288,1.22902,1.22725,1.22865,1069.8
2010.06.22 17:15:00,1.22864,1.22894,1.22679,1.22724,979.3
2010.06.22 17:30:00,1.22724,1.22794,1.22617,1.22744,1068.1
2010.06.22 17:45:00,1.22756,1.22873,1.227,1.22814,1196.3
2010.06.22 18:00:00,1.22809,1.22915,1.22698,1.22867,1110.9
2010.06.22 18:15:00,1.2286,1.23034,1.22789,1.2299,1097.5
2010.06.22 18:30:00,1.22974,1.23183,1.22951,1.23055,1086.5
2010.06.22 18:45:00,1.23061,1.23117,1.22944,1.23012,1007.6
2010.06.22 19:00:00,1.23014,1.23167,1.22951,1.23136,1082
2010.06.22 19:15:00,1.23139,1.23155,1.22976,1.23014,959
2010.06.22 19:30:00,1.23011,1.23034,1.22907,1.22975,986.5
2010.06.22 19:45:00,1.22977,1.23094,1.22946,1.23053,1167
2010.06.22 20:00:00,1.2306,1.23148,1.23012,1.2311,744.6
2010.06.22 20:15:00,1.23104,1.23137,1.22912,1.22974,1040.6
2010.06.22 20:30:00,1.22951,1.23077,1.229,1.23019,957.5
2010.06.22 20:45:00,1.23031,1.23067,1.22953,1.23013,859
2010.06.22 21:00:00,1.23008,1.23026,1.22802,1.22889,857.8
2010.06.22 21:15:00,1.2289,1.22929,1.227,1.22798,742.6
2010.06.22 21:30:00,1.22777,1.22809,1.22644,1.22671,692.5
2010.06.22 21:45:00,1.22661,1.22743,1.2262,1.22674,865.7
2010.06.22 22:00:00,1.22674,1.22789,1.22647,1.22751,686.3
2010.06.22 22:15:00,1.22753,1.22844,1.22716,1.22725,727.6
2010.06.22 22:30:00,1.22734,1.22836,1.22684,1.22773,842.9
2010.06.22 22:45:00,1.22776,1.22792,1.22684,1.22742,955.6
2010.06.22 23:00:00,1.22753,1.22785,1.22646,1.22666,1016.9
2010.06.22 23:15:00,1.2267,1.22697,1.22601,1.22663,1123.4
2010.06.22 23:30:00,1.22651,1.22723,1.22638,1.22701,708.9
2010.06.22 23:45:00,1.22705,1.22747,1.22654,1.22706,922.3
2010.06.23 00:00:00,1.22665,1.22764,1.22623,1.22651,780.1
2010.06.23 00:15:00,1.22679,1.22706,1.22596,1.22624,633.1
2010.06.23 00:30:00,1.22617,1.2265,1.2259,1.22635,870.7
2010.06.23 00:45:00,1.22647,1.22711,1.22596,1.2267,1108.6
2010.06.23 01:00:00,1.22689,1.22704,1.22632,1.22679,392.8
2010.06.23 01:15:00,1.22695,1.22719,1.22652,1.2271,407.1
2010.06.23 01:30:00,1.22711,1.22739,1.22669,1.227,329.9
2010.06.23 01:45:00,1.22683,1.22729,1.22671,1.22683,369.6
2010.06.23 02:00:00,1.22677,1.22793,1.22677,1.22757,424.7
2010.06.23 02:15:00,1.22765,1.22793,1.22705,1.22734,402
2010.06.23 02:30:00,1.22718,1.22748,1.22675,1.22737,370.2
2010.06.23 02:45:00,1.22722,1.22749,1.22619,1.22641,341.4
2010.06.23 03:00:00,1.22652,1.22714,1.22602,1.22699,540.2
2010.06.23 03:15:00,1.22691,1.22726,1.22599,1.22642,460.4
2010.06.23 03:30:00,1.22658,1.22698,1.22565,1.22595,474.3
2010.06.23 03:45:00,1.22576,1.22648,1.22463,1.22478,643.4
2010.06.23 04:00:00,1.22503,1.22643,1.22455,1.22579,597.5
2010.06.23 04:15:00,1.22586,1.22647,1.2252,1.22581,472.1
2010.06.23 04:30:00,1.22558,1.22619,1.22507,1.2259,383
2010.06.23 04:45:00,1.22576,1.22672,1.22559,1.22647,506.2
2010.06.23 05:00:00,1.2265,1.22693,1.22617,1.22636,675.2
2010.06.23 05:15:00,1.22646,1.22686,1.22591,1.22651,490.6
2010.06.23 05:30:00,1.22632,1.22714,1.22623,1.22695,505.1
2010.06.23 05:45:00,1.22699,1.22761,1.22644,1.22723,912.9
2010.06.23 06:00:00,1.22725,1.22747,1.22626,1.22671,1059
2010.06.23 06:15:00,1.22668,1.2271,1.22611,1.22619,905.4
2010.06.23 06:30:00,1.22638,1.22699,1.22594,1.22633,963.1
2010.06.23 06:45:00,1.22621,1.22677,1.22564,1.22624,656.3
2010.06.23 07:00:00,1.22614,1.22669,1.2259,1.22624,782.3
2010.06.23 07:15:00,1.22627,1.22675,1.22575,1.22669,645.5
2010.06.23 07:30:00,1.22648,1.22729,1.22616,1.22685,633.4
2010.06.23 07:45:00,1.22692,1.22713,1.22601,1.22625,714.1
2010.06.23 08:00:00,1.22624,1.2265,1.22587,1.22627,560.9
2010.06.23 08:15:00,1.22632,1.22717,1.22593,1.22676,612.3
2010.06.23 08:30:00,1.22652,1.22688,1.22621,1.22661,629.4
2010.06.23 08:45:00,1.22671,1.22674,1.22572,1.22601,709.9
2010.06.23 09:00:00,1.22611,1.22646,1.22539,1.22588,720.9
2010.06.23 09:15:00,1.22557,1.228,1.22502,1.22724,813
2010.06.23 09:30:00,1.2273,1.22865,1.22703,1.22739,989.4
2010.06.23 09:45:00,1.22764,1.22873,1.22692,1.22832,683.1
2010.06.23 10:00:00,1.22841,1.22965,1.22788,1.22891,998.3
2010.06.23 10:15:00,1.22895,1.22964,1.22782,1.22823,985.1
2010.06.23 10:30:00,1.22809,1.22943,1.22726,1.22793,1090.9
2010.06.23 10:45:00,1.2278,1.22923,1.2276,1.22893,1235.3
2010.06.23 11:00:00,1.22893,1.22987,1.22813,1.2298,1237.6
2010.06.23 11:15:00,1.22985,1.23059,1.22916,1.22986,983.2
2010.06.23 11:30:00,1.22983,1.23017,1.22801,1.2283,1137.4
2010.06.23 11:45:00,1.22852,1.22908,1.22709,1.22775,1305.6
2010.06.23 12:00:00,1.22781,1.22839,1.22731,1.22782,1107.5
2010.06.23 12:15:00,1.22797,1.22886,1.22739,1.22802,1251.1
2010.06.23 12:30:00,1.228,1.22909,1.22748,1.22819,1169.1
2010.06.23 12:45:00,1.22825,1.22927,1.22751,1.22792,1444.7
2010.06.23 13:00:00,1.22793,1.22939,1.2277,1.2292,1274.4
2010.06.23 13:15:00,1.22925,1.22968,1.22782,1.22864,1773.9
2010.06.23 13:30:00,1.22867,1.2288,1.22705,1.2277,1064.1
2010.06.23 13:45:00,1.22767,1.22857,1.22733,1.22815,1091.6
2010.06.23 14:00:00,1.22814,1.22848,1.2277,1.22813,974
2010.06.23 14:15:00,1.22815,1.22845,1.22732,1.22768,803.8
2010.06.23 14:30:00,1.22774,1.22827,1.22592,1.22636,992.8
2010.06.23 14:45:00,1.22628,1.22724,1.22585,1.22695,795.5
2010.06.23 15:00:00,1.22679,1.22799,1.22633,1.22704,710.5
2010.06.23 15:15:00,1.22708,1.22803,1.22633,1.22673,922.6
2010.06.23 15:30:00,1.22655,1.22873,1.22594,1.22855,811.6
2010.06.23 15:45:00,1.22847,1.22919,1.22659,1.22827,1108.6
2010.06.23 16:00:00,1.22819,1.22865,1.22653,1.22712,906.9
2010.06.23 16:15:00,1.22709,1.22734,1.225,1.22541,713.5
2010.06.23 16:30:00,1.22531,1.22566,1.22237,1.22319,906.5
2010.06.23 16:45:00,1.22326,1.22392,1.22242,1.22374,1081
2010.06.23 17:00:00,1.2235,1.22369,1.22084,1.22265,1060.7
2010.06.23 17:15:00,1.22254,1.22366,1.22178,1.22244,1046.5
2010.06.23 17:30:00,1.22251,1.22383,1.22244,1.22293,1034.3
2010.06.23 17:45:00,1.22305,1.22415,1.22281,1.22384,1161.4
2010.06.23 18:00:00,1.22385,1.22407,1.22169,1.22225,979.2
2010.06.23 18:15:00,1.22235,1.22277,1.22104,1.22224,1185.7
2010.06.23 18:30:00,1.22224,1.22337,1.22171,1.22301,1178
2010.06.23 18:45:00,1.22295,1.2235,1.22193,1.22264,1072.2
2010.06.23 19:00:00,1.22225,1.22421,1.22208,1.22312,1091.2
2010.06.23 19:15:00,1.22313,1.22462,1.22281,1.22428,972.8
2010.06.23 19:30:00,1.22397,1.22477,1.2239,1.22441,1116.2
2010.06.23 19:45:00,1.22445,1.22538,1.22429,1.22535,1271.8
2010.06.23 20:00:00,1.2254,1.22638,1.22455,1.22588,803.1
2010.06.23 20:15:00,1.22592,1.22608,1.22477,1.22556,1128.3
2010.06.23 20:30:00,1.22558,1.22607,1.22506,1.2258,966
2010.06.23 20:45:00,1.22575,1.22758,1.22518,1.22708,981.2
2010.06.23 21:00:00,1.22718,1.22873,1.22692,1.22825,812.9
2010.06.23 21:15:00,1.22841,1.2306,1.22714,1.2304,731.5
2010.06.23 21:30:00,1.2304,1.23451,1.2304,1.23214,665.7
2010.06.23 21:45:00,1.23186,1.23286,1.23122,1.23208,833.4
2010.06.23 22:00:00,1.23209,1.23268,1.23082,1.23131,641.5
2010.06.23 22:15:00,1.23139,1.23217,1.23055,1.23164,718.8
2010.06.23 22:30:00,1.23165,1.23188,1.2307,1.23185,830.4
2010.06.23 22:45:00,1.23189,1.23244,1.23083,1.23107,933.3
2010.06.23 23:00:00,1.23096,1.23198,1.23066,1.23186,1074.1
2010.06.23 23:15:00,1.2314,1.23227,1.23116,1.23136,1079.5
2010.06.23 23:30:00,1.23137,1.23149,1.23081,1.23107,677.4
2010.06.23 23:45:00,1.23108,1.23131,1.23069,1.23096,942.9
2010.06.24 00:00:00,1.23088,1.23135,1.23034,1.2312,847.1
2010.06.24 00:15:00,1.23095,1.232,1.23092,1.23161,655.9
2010.06.24 00:30:00,1.23165,1.23188,1.23082,1.23114,886.2
2010.06.24 00:45:00,1.23121,1.23198,1.23066,1.23103,1118.5
2010.06.24 01:00:00,1.23082,1.23119,1.23061,1.23077,362.3
2010.06.24 01:15:00,1.23078,1.2321,1.23055,1.23196,354.7
2010.06.24 01:30:00,1.23184,1.23204,1.23134,1.23152,352.4
2010.06.24 01:45:00,1.23161,1.23191,1.23141,1.23153,393.7
2010.06.24 02:00:00,1.23177,1.23189,1.23111,1.23124,347.9
2010.06.24 02:15:00,1.23094,1.23146,1.23074,1.2313,396.4
2010.06.24 02:30:00,1.2312,1.23153,1.22956,1.22979,385.1
2010.06.24 02:45:00,1.22994,1.2308,1.22969,1.2306,326.8
2010.06.24 03:00:00,1.23059,1.23225,1.23038,1.232,554.5
2010.06.24 03:15:00,1.23205,1.23226,1.23124,1.23167,539.3
2010.06.24 03:30:00,1.23138,1.23304,1.23137,1.23287,520.8
2010.06.24 03:45:00,1.23301,1.23334,1.23245,1.23311,662.4
2010.06.24 04:00:00,1.23311,1.2339,1.23276,1.23319,548.8
2010.06.24 04:15:00,1.23308,1.23341,1.23263,1.23309,555.2
2010.06.24 04:30:00,1.23325,1.23397,1.23252,1.23389,476.8
2010.06.24 04:45:00,1.23378,1.23387,1.23308,1.23335,473.2
2010.06.24 05:00:00,1.2332,1.23399,1.23297,1.23353,644.1
2010.06.24 05:15:00,1.23343,1.23379,1.2332,1.23366,479.4
2010.06.24 05:30:00,1.2335,1.23387,1.23308,1.23383,533.7
2010.06.24 05:45:00,1.23385,1.23453,1.23341,1.23404,931.7
2010.06.24 06:00:00,1.23397,1.23439,1.2335,1.23421,931.4
2010.06.24 06:15:00,1.23426,1.23476,1.23396,1.23453,783
2010.06.24 06:30:00,1.2346,1.23479,1.23384,1.23447,1133.8
2010.06.24 06:45:00,1.23464,1.23519,1.23411,1.23465,704.1
2010.06.24 07:00:00,1.23469,1.23494,1.23344,1.23392,686.1
2010.06.24 07:15:00,1.23401,1.23424,1.23328,1.23372,662.5
2010.06.24 07:30:00,1.23375,1.23384,1.23275,1.23333,684.1
2010.06.24 07:45:00,1.23347,1.23376,1.23288,1.23343,559.6
2010.06.24 08:00:00,1.23334,1.2336,1.23261,1.23286,531.3
2010.06.24 08:15:00,1.23295,1.2336,1.23243,1.23328,681
2010.06.24 08:30:00,1.23337,1.23392,1.23251,1.23314,562.9
2010.06.24 08:45:00,1.23311,1.23358,1.23251,1.2329,753.6
2010.06.24 09:00:00,1.23296,1.23494,1.23256,1.23388,855.8
2010.06.24 09:15:00,1.23403,1.23502,1.23348,1.23436,802.4
2010.06.24 09:30:00,1.23427,1.23444,1.23251,1.23295,1054.6
2010.06.24 09:45:00,1.23297,1.23325,1.23095,1.23164,698.8
2010.06.24 10:00:00,1.23144,1.23228,1.23071,1.23112,1024.7
2010.06.24 10:15:00,1.23124,1.23163,1.23005,1.23086,977.4
2010.06.24 10:30:00,1.23087,1.2317,1.23056,1.23102,1017
2010.06.24 10:45:00,1.23104,1.23132,1.22845,1.22869,1215.7
2010.06.24 11:00:00,1.22863,1.22965,1.228,1.22854,1327.4
2010.06.24 11:15:00,1.2285,1.22922,1.22792,1.2282,1107.7
2010.06.24 11:30:00,1.2281,1.2283,1.22601,1.22675,1099.6
2010.06.24 11:45:00,1.2267,1.22807,1.22612,1.22774,1190.7
2010.06.24 12:00:00,1.22783,1.22805,1.227,1.22754,621.9
2010.06.24 12:15:00,1.22733,1.22866,1.22725,1.2286,1369.7
2010.06.24 12:30:00,1.22867,1.22907,1.22794,1.22844,1187.3
2010.06.24 12:45:00,1.22862,1.22914,1.22788,1.22788,1565.3
2010.06.24 13:00:00,1.22813,1.22937,1.22741,1.2291,1192.5
2010.06.24 13:15:00,1.22925,1.22976,1.22851,1.22922,1779.7
2010.06.24 13:30:00,1.2293,1.2293,1.22785,1.22831,1030.7
2010.06.24 13:45:00,1.22807,1.22935,1.22792,1.22868,1104.2
2010.06.24 14:00:00,1.22844,1.23016,1.22831,1.22925,1013.6
2010.06.24 14:15:00,1.2294,1.23003,1.22831,1.22869,783.1
2010.06.24 14:30:00,1.2288,1.22956,1.227,1.22731,953.1
2010.06.24 14:45:00,1.22746,1.22822,1.22683,1.22786,902.1
2010.06.24 15:00:00,1.22782,1.22806,1.22603,1.22614,771
2010.06.24 15:15:00,1.22611,1.22777,1.22593,1.22739,872.9
2010.06.24 15:30:00,1.22774,1.22965,1.22726,1.22874,867.3
2010.06.24 15:45:00,1.22869,1.22988,1.22861,1.2289,1181.6
2010.06.24 16:00:00,1.2289,1.22934,1.22842,1.22882,923.6
2010.06.24 16:15:00,1.22875,1.23206,1.22843,1.23127,778.9
2010.06.24 16:30:00,1.23112,1.23207,1.23007,1.23118,1039.6
2010.06.24 16:45:00,1.23113,1.23206,1.22914,1.22963,1211.6
2010.06.24 17:00:00,1.22964,1.23162,1.22935,1.23063,1061.4
2010.06.24 17:15:00,1.23059,1.23359,1.22995,1.23277,963.9
2010.06.24 17:30:00,1.23295,1.23306,1.23098,1.23141,1142.6
2010.06.24 17:45:00,1.23136,1.23184,1.23005,1.2316,991.7
2010.06.24 18:00:00,1.23166,1.23189,1.22986,1.23153,1054.5
2010.06.24 18:15:00,1.23152,1.23266,1.23113,1.23236,1275.6
2010.06.24 18:30:00,1.23244,1.23325,1.23164,1.23285,1074.2
2010.06.24 18:45:00,1.23296,1.23752,1.23275,1.23616,1039.2
2010.06.24 19:00:00,1.23636,1.23882,1.23611,1.23741,965.5
2010.06.24 19:15:00,1.23755,1.23872,1.23678,1.23709,1012.7
2010.06.24 19:30:00,1.23704,1.23756,1.23562,1.23604,986.2
2010.06.24 19:45:00,1.23612,1.23657,1.23554,1.2357,1266.7
2010.06.24 20:00:00,1.23569,1.2369,1.23553,1.23622,826.9
2010.06.24 20:15:00,1.23615,1.23646,1.23439,1.23512,1035.8
2010.06.24 20:30:00,1.23515,1.23548,1.23432,1.23475,985.4
2010.06.24 20:45:00,1.23474,1.23627,1.23427,1.236,909.5
2010.06.24 21:00:00,1.23596,1.23607,1.23454,1.23485,845
2010.06.24 21:15:00,1.23499,1.2355,1.23438,1.23482,769.4
2010.06.24 21:30:00,1.23503,1.23509,1.23335,1.2338,736.1
2010.06.24 21:45:00,1.23371,1.23389,1.23251,1.2332,948.4
2010.06.24 22:00:00,1.23304,1.23387,1.23249,1.23277,578.2
2010.06.24 22:15:00,1.2328,1.23335,1.23223,1.23299,772.5
2010.06.24 22:30:00,1.23291,1.23343,1.23233,1.23277,806.8
2010.06.24 22:45:00,1.23284,1.23308,1.23199,1.23246,947.4
2010.06.24 23:00:00,1.23228,1.23281,1.23214,1.23273,1122.5
2010.06.24 23:15:00,1.2327,1.23297,1.23221,1.23271,1128.1
2010.06.24 23:30:00,1.23278,1.23349,1.23257,1.23315,608.6
2010.06.24 23:45:00,1.23323,1.2335,1.23254,1.23333,931.7
2010.06.25 00:00:00,1.23316,1.23453,1.23288,1.23305,791.3
2010.06.25 00:15:00,1.23322,1.23354,1.23233,1.23289,696.7
2010.06.25 00:30:00,1.23279,1.23308,1.23197,1.23258,947.8
2010.06.25 00:45:00,1.23254,1.23315,1.23213,1.23285,1044.2
2010.06.25 01:00:00,1.23257,1.23376,1.23251,1.23329,337
2010.06.25 01:15:00,1.23326,1.23362,1.23282,1.23325,398.9
2010.06.25 01:30:00,1.2331,1.23373,1.233,1.23325,323.9
2010.06.25 01:45:00,1.2332,1.2338,1.2331,1.23366,409.4
2010.06.25 02:00:00,1.23354,1.23367,1.23312,1.23355,386
2010.06.25 02:15:00,1.23335,1.23361,1.23238,1.23325,407.1
2010.06.25 02:30:00,1.23325,1.23394,1.23289,1.23379,359.9
2010.06.25 02:45:00,1.23367,1.23387,1.2333,1.23357,366.6
2010.06.25 03:00:00,1.23357,1.23372,1.23276,1.23302,545.8
2010.06.25 03:15:00,1.2329,1.23328,1.23118,1.23143,569.5
2010.06.25 03:30:00,1.23178,1.23182,1.23006,1.2303,474.5
2010.06.25 03:45:00,1.23038,1.23083,1.22969,1.23062,730.5
2010.06.25 04:00:00,1.23066,1.23209,1.23036,1.23157,607.4
2010.06.25 04:15:00,1.23141,1.2328,1.2312,1.23219,541.7
2010.06.25 04:30:00,1.23233,1.23309,1.23191,1.23291,438.5
2010.06.25 04:45:00,1.23303,1.23325,1.23226,1.23262,476.6
2010.06.25 05:00:00,1.23259,1.23275,1.23188,1.23217,712.9
2010.06.25 05:15:00,1.23261,1.2327,1.23206,1.23247,421.2
2010.06.25 05:30:00,1.23245,1.23324,1.23216,1.23291,505.8
2010.06.25 05:45:00,1.23306,1.23334,1.23262,1.23304,985
2010.06.25 06:00:00,1.23296,1.23317,1.23209,1.23251,1038.7
2010.06.25 06:15:00,1.23246,1.23266,1.23193,1.23254,772.1
2010.06.25 06:30:00,1.23236,1.23314,1.23192,1.23217,866
2010.06.25 06:45:00,1.23204,1.23287,1.23123,1.23213,659.8
2010.06.25 07:00:00,1.23194,1.23262,1.2311,1.23213,690.7
2010.06.25 07:15:00,1.23211,1.23256,1.23146,1.23187,687.1
2010.06.25 07:30:00,1.23177,1.23209,1.23028,1.2306,635.6
2010.06.25 07:45:00,1.23053,1.23128,1.23029,1.23101,686.5
2010.06.25 08:00:00,1.23104,1.23181,1.23087,1.23174,575.3
2010.06.25 08:15:00,1.23176,1.23207,1.23123,1.23171,609.8
2010.06.25 08:30:00,1.2318,1.23258,1.23119,1.23222,664.4
2010.06.25 08:45:00,1.23238,1.23262,1.23114,1.23224,698.5
2010.06.25 09:00:00,1.23239,1.23342,1.23196,1.23285,774.8
2010.06.25 09:15:00,1.2328,1.23397,1.23242,1.23317,872.6
2010.06.25 09:30:00,1.23308,1.23375,1.23263,1.23298,1128.5
2010.06.25 09:45:00,1.23297,1.23499,1.23272,1.23419,879.9
2010.06.25 10:00:00,1.23425,1.23515,1.23316,1.23416,973.1
2010.06.25 10:15:00,1.23411,1.23422,1.23209,1.23393,1022.4
2010.06.25 10:30:00,1.23379,1.23494,1.23264,1.23303,1011.4
2010.06.25 10:45:00,1.23309,1.23363,1.2325,1.23303,1130.1
2010.06.25 11:00:00,1.23285,1.23395,1.23173,1.23206,1450
2010.06.25 11:15:00,1.23208,1.23223,1.23047,1.23129,1130.5
2010.06.25 11:30:00,1.23133,1.23138,1.22964,1.23043,1128
2010.06.25 11:45:00,1.23044,1.23157,1.22862,1.22883,1268.3
2010.06.25 12:00:00,1.22887,1.22897,1.22616,1.22723,1125.9
2010.06.25 12:15:00,1.22728,1.22797,1.22654,1.2277,1463.7
2010.06.25 12:30:00,1.22763,1.22796,1.22627,1.22715,1220.3
2010.06.25 12:45:00,1.22706,1.22737,1.22512,1.22676,1520.3
2010.06.25 13:00:00,1.22657,1.22722,1.22564,1.22687,1159.2
2010.06.25 13:15:00,1.22683,1.22758,1.22631,1.22745,1774.9
2010.06.25 13:30:00,1.22767,1.22898,1.22716,1.22849,1027.1
2010.06.25 13:45:00,1.22853,1.22906,1.2279,1.22841,1088.1
2010.06.25 14:00:00,1.2284,1.22982,1.22684,1.22928,974
2010.06.25 14:15:00,1.22939,1.23021,1.2289,1.2296,810.1
2010.06.25 14:30:00,1.22954,1.23136,1.22913,1.23116,814.4
2010.06.25 14:45:00,1.23097,1.23194,1.2304,1.23126,829.4
2010.06.25 15:00:00,1.23128,1.23144,1.2292,1.22931,739.8
2010.06.25 15:15:00,1.22893,1.22966,1.22881,1.22907,841.7
2010.06.25 15:30:00,1.22888,1.22995,1.22786,1.2295,795.7
2010.06.25 15:45:00,1.22939,1.23067,1.22841,1.22922,1097.8
2010.06.25 16:00:00,1.2292,1.23124,1.22844,1.23081,921.5
2010.06.25 16:15:00,1.23075,1.23096,1.22977,1.23036,748.3
2010.06.25 16:30:00,1.23035,1.23065,1.22864,1.22892,910.9
2010.06.25 16:45:00,1.22886,1.23004,1.22845,1.22975,1121.5
2010.06.25 17:00:00,1.22985,1.23066,1.22952,1.23005,1170.6
2010.06.25 17:15:00,1.23013,1.23034,1.22928,1.22992,1162.8
2010.06.25 17:30:00,1.22974,1.23025,1.22803,1.22908,1168.3
2010.06.25 17:45:00,1.22904,1.22946,1.22788,1.22909,1088.2
2010.06.25 18:00:00,1.22909,1.23003,1.22882,1.22935,1095.9
2010.06.25 18:15:00,1.2292,1.23111,1.22842,1.23065,1145.5
2010.06.25 18:30:00,1.23044,1.23137,1.23022,1.23083,1228.7
2010.06.25 18:45:00,1.23098,1.23378,1.23062,1.23313,1053.6
2010.06.25 19:00:00,1.233,1.23384,1.23261,1.23341,1041.9
2010.06.25 19:15:00,1.23341,1.23456,1.23281,1.23409,960.7
2010.06.25 19:30:00,1.234,1.23563,1.2337,1.23486,1009.6
2010.06.25 19:45:00,1.23475,1.23578,1.23405,1.23462,1266.2
2010.06.25 20:00:00,1.23452,1.23618,1.23435,1.23535,798.4
2010.06.25 20:15:00,1.23542,1.23684,1.23509,1.23671,945
2010.06.25 20:30:00,1.23724,1.23943,1.23674,1.23861,1043.3
2010.06.25 20:45:00,1.23873,1.23947,1.23786,1.23847,951.1
2010.06.25 21:00:00,1.23824,1.23927,1.23778,1.23872,911.9
2010.06.25 21:15:00,1.23862,1.23907,1.23784,1.23877,766.1
2010.06.25 21:30:00,1.23867,1.23927,1.23788,1.23876,843.8
2010.06.25 21:45:00,1.23849,1.23918,1.23812,1.23869,851.7
2010.06.25 22:00:00,1.2387,1.23898,1.23793,1.23832,689.4
2010.06.25 22:15:00,1.2383,1.23845,1.23737,1.23812,852.9
2010.06.25 22:30:00,1.2377,1.23871,1.23741,1.23829,825.9
2010.06.25 22:45:00,1.23823,1.23894,1.23757,1.23846,858.7
2010.06.25 23:00:00,1.23845,1.23938,1.2377,1.238,1152.4
2010.06.25 23:15:00,1.238,1.23844,1.23765,1.23812,1110.2
2010.06.25 23:30:00,1.23791,1.23819,1.23733,1.23805,672.6
2010.06.25 23:45:00,1.238,1.23845,1.23675,1.23683,927.7
2010.06.28 00:00:00,1.23726,1.23765,1.23683,1.23699,832
2010.06.28 00:15:00,1.23696,1.23754,1.23674,1.23693,724.8
2010.06.28 00:30:00,1.23698,1.23799,1.23685,1.23707,1096.6
2010.06.28 00:45:00,1.237,1.23841,1.23676,1.23812,1113.6
2010.06.28 01:00:00,1.23799,1.23841,1.23728,1.23751,344.7
2010.06.28 01:15:00,1.23758,1.2376,1.23668,1.23715,395.3
2010.06.28 01:30:00,1.23709,1.2374,1.23686,1.23733,363.4
2010.06.28 01:45:00,1.23723,1.23818,1.23707,1.23777,432.4
2010.06.28 02:00:00,1.2375,1.23796,1.23711,1.23732,422.4
2010.06.28 02:15:00,1.23729,1.23813,1.2371,1.23783,393.5
2010.06.28 02:30:00,1.23792,1.23869,1.23765,1.23827,374.5
2010.06.28 02:45:00,1.23812,1.23871,1.23798,1.23865,383.6
2010.06.28 03:00:00,1.2384,1.23923,1.2379,1.2383,558.6
2010.06.28 03:15:00,1.23805,1.23913,1.23768,1.23873,574.9
2010.06.28 03:30:00,1.2388,1.23971,1.23843,1.23935,472.1
2010.06.28 03:45:00,1.23943,1.23986,1.2389,1.23926,622.9
2010.06.28 04:00:00,1.23938,1.2396,1.23841,1.23892,567.6
2010.06.28 04:15:00,1.23886,1.23924,1.23784,1.23887,466.1
2010.06.28 04:30:00,1.23871,1.23902,1.23825,1.23892,437.5
2010.06.28 04:45:00,1.23879,1.23883,1.23738,1.23769,588.6
2010.06.28 05:00:00,1.23778,1.2384,1.23745,1.238,660.9
2010.06.28 05:15:00,1.23816,1.23836,1.23749,1.23789,503.1
2010.06.28 05:30:00,1.23818,1.23862,1.23779,1.23858,528.7
2010.06.28 05:45:00,1.23852,1.23861,1.23766,1.23804,919.8
2010.06.28 06:00:00,1.23787,1.23859,1.23752,1.23783,963.9
2010.06.28 06:15:00,1.23796,1.23861,1.23759,1.23833,785.5
2010.06.28 06:30:00,1.23822,1.23896,1.23755,1.23862,1034.9
2010.06.28 06:45:00,1.23847,1.23882,1.23801,1.23824,677
2010.06.28 07:00:00,1.23815,1.23842,1.23733,1.23782,734
2010.06.28 07:15:00,1.23781,1.23805,1.23702,1.23768,623.5
2010.06.28 07:30:00,1.23735,1.23816,1.23723,1.23773,608.6
2010.06.28 07:45:00,1.2379,1.23848,1.23752,1.23808,644.2
2010.06.28 08:00:00,1.23832,1.23839,1.23757,1.23797,561
2010.06.28 08:15:00,1.23791,1.2385,1.23743,1.23804,632.3
2010.06.28 08:30:00,1.238,1.23819,1.23751,1.23801,710.7
2010.06.28 08:45:00,1.23801,1.23875,1.23762,1.23813,672
2010.06.28 09:00:00,1.23827,1.23838,1.23632,1.23683,809
2010.06.28 09:15:00,1.23678,1.23699,1.23505,1.23535,804.1
2010.06.28 09:30:00,1.23532,1.23717,1.23498,1.23701,1021.9
2010.06.28 09:45:00,1.23695,1.23731,1.23556,1.23614,670.3
2010.06.28 10:00:00,1.23614,1.23803,1.23592,1.23791,1054
2010.06.28 10:15:00,1.23797,1.23814,1.23573,1.23619,1046.2
2010.06.28 10:30:00,1.23586,1.23654,1.23464,1.23486,1108
2010.06.28 10:45:00,1.23507,1.23617,1.23482,1.23533,1109.3
2010.06.28 11:00:00,1.2353,1.23641,1.23435,1.23603,1395.6
2010.06.28 11:15:00,1.23619,1.23766,1.23572,1.23657,943.4
2010.06.28 11:30:00,1.23664,1.23737,1.23625,1.23686,1110.4
2010.06.28 11:45:00,1.23679,1.23737,1.23603,1.23691,1291.8
2010.06.28 12:00:00,1.23673,1.23766,1.23601,1.23751,1075.5
2010.06.28 12:15:00,1.23755,1.23828,1.23682,1.23722,1475.1
2010.06.28 12:30:00,1.23719,1.23754,1.2354,1.23572,1156.6
2010.06.28 12:45:00,1.23584,1.23648,1.23541,1.2359,1531
2010.06.28 13:00:00,1.23593,1.23667,1.23553,1.23648,1172.7
2010.06.28 13:15:00,1.23659,1.23702,1.23483,1.23526,1928.8
2010.06.28 13:30:00,1.23508,1.23547,1.23342,1.2341,1104.6
2010.06.28 13:45:00,1.23409,1.23495,1.23302,1.23354,1112.8
2010.06.28 14:00:00,1.23357,1.23484,1.23333,1.23443,1129.6
2010.06.28 14:15:00,1.2346,1.23504,1.23361,1.23378,862.3
2010.06.28 14:30:00,1.2337,1.23433,1.23293,1.23412,899.9
2010.06.28 14:45:00,1.23415,1.23506,1.23366,1.23479,883.2
2010.06.28 15:00:00,1.23469,1.23495,1.23378,1.23394,768.4
2010.06.28 15:15:00,1.2338,1.23422,1.23302,1.23357,882.9
2010.06.28 15:30:00,1.23375,1.23444,1.23291,1.23352,808.6
2010.06.28 15:45:00,1.23345,1.23372,1.23224,1.23328,1097.8
2010.06.28 16:00:00,1.23312,1.23403,1.23246,1.23378,931.7
2010.06.28 16:15:00,1.23377,1.23437,1.23317,1.23366,720.3
2010.06.28 16:30:00,1.23387,1.23439,1.23316,1.23416,978.3
2010.06.28 16:45:00,1.23409,1.23413,1.23193,1.23249,1295.9
2010.06.28 17:00:00,1.23257,1.23287,1.2309,1.23265,1147.3
2010.06.28 17:15:00,1.23272,1.23335,1.23185,1.23288,1148.2
2010.06.28 17:30:00,1.23286,1.23357,1.23174,1.23284,1110.6
2010.06.28 17:45:00,1.23294,1.23351,1.2319,1.23325,1139.6
2010.06.28 18:00:00,1.23322,1.23451,1.23296,1.23367,1148.7
2010.06.28 18:15:00,1.23373,1.23389,1.23271,1.2336,1076.4
2010.06.28 18:30:00,1.23356,1.23406,1.23302,1.23354,1090.3
2010.06.28 18:45:00,1.23345,1.23383,1.2315,1.23162,1002.3
2010.06.28 19:00:00,1.2316,1.23185,1.22956,1.23002,1093.8
2010.06.28 19:15:00,1.2301,1.23013,1.22791,1.22946,1033.6
2010.06.28 19:30:00,1.22952,1.22965,1.22744,1.22804,957
2010.06.28 19:45:00,1.22807,1.22995,1.22773,1.22987,1291.9
2010.06.28 20:00:00,1.22994,1.22998,1.22797,1.22835,778.4
2010.06.28 20:15:00,1.22843,1.22871,1.22745,1.22764,1037.2
2010.06.28 20:30:00,1.22758,1.22781,1.22647,1.22754,899.4
2010.06.28 20:45:00,1.22761,1.22819,1.22717,1.22805,866.4
2010.06.28 21:00:00,1.22792,1.22928,1.22714,1.229,926.4
2010.06.28 21:15:00,1.22921,1.22925,1.22809,1.22886,748.1
2010.06.28 21:30:00,1.22873,1.22927,1.2278,1.22889,596.1
2010.06.28 21:45:00,1.22912,1.2296,1.22837,1.22877,863.8
2010.06.28 22:00:00,1.22865,1.22965,1.22844,1.22872,680.8
2010.06.28 22:15:00,1.22874,1.22895,1.22766,1.22814,727.6
2010.06.28 22:30:00,1.22807,1.22897,1.2279,1.22887,819.5
2010.06.28 22:45:00,1.22879,1.22889,1.22686,1.22727,906.9
2010.06.28 23:00:00,1.22716,1.2278,1.22676,1.22755,1105.6
2010.06.28 23:15:00,1.22758,1.2278,1.22711,1.22745,1078.9
2010.06.28 23:30:00,1.22749,1.2278,1.22695,1.22761,709
2010.06.28 23:45:00,1.22767,1.22811,1.22716,1.22753,933.2
2010.06.29 00:00:00,1.22766,1.22812,1.22731,1.22755,835.7
2010.06.29 00:15:00,1.2277,1.22809,1.22754,1.22791,692.7
2010.06.29 00:30:00,1.22819,1.22825,1.22685,1.22767,934.7
2010.06.29 00:45:00,1.22778,1.2283,1.22686,1.22811,1063
2010.06.29 01:00:00,1.22774,1.22824,1.22723,1.22759,453.8
2010.06.29 01:15:00,1.2276,1.22824,1.22738,1.22805,396.5
2010.06.29 01:30:00,1.22815,1.22829,1.22754,1.2277,379
2010.06.29 01:45:00,1.22788,1.22793,1.22698,1.22721,366.5
2010.06.29 02:00:00,1.2268,1.22786,1.2268,1.22761,372.2
2010.06.29 02:15:00,1.2275,1.22839,1.22746,1.22825,450.5
2010.06.29 02:30:00,1.22812,1.22884,1.22781,1.22861,336
2010.06.29 02:45:00,1.22852,1.2288,1.22805,1.22849,434
2010.06.29 03:00:00,1.2287,1.22914,1.22775,1.22817,515.7
2010.06.29 03:15:00,1.22815,1.22857,1.22752,1.22776,565.5
2010.06.29 03:30:00,1.22763,1.22863,1.2274,1.22807,508.8
2010.06.29 03:45:00,1.22806,1.22843,1.22754,1.22815,655.8
2010.06.29 04:00:00,1.22816,1.22894,1.22799,1.22849,562.5
2010.06.29 04:15:00,1.22855,1.229,1.22833,1.22863,414.2
2010.06.29 04:30:00,1.22846,1.22889,1.22819,1.22881,445.8
2010.06.29 04:45:00,1.22878,1.22893,1.22827,1.22878,473.4
2010.06.29 05:00:00,1.22862,1.22884,1.22805,1.2284,594.1
2010.06.29 05:15:00,1.22833,1.2287,1.22768,1.22784,553.2
2010.06.29 05:30:00,1.22773,1.22797,1.22651,1.22725,476.5
2010.06.29 05:45:00,1.22705,1.22757,1.22664,1.22731,1007.5
2010.06.29 06:00:00,1.22762,1.22796,1.22658,1.22693,1046.8
2010.06.29 06:15:00,1.22694,1.22699,1.22604,1.22642,795.1
2010.06.29 06:30:00,1.22628,1.22666,1.22551,1.22639,925.5
2010.06.29 06:45:00,1.22652,1.22705,1.22594,1.22638,692.8
2010.06.29 07:00:00,1.22657,1.22725,1.22608,1.22662,698
2010.06.29 07:15:00,1.22669,1.22695,1.22592,1.22613,615.8
2010.06.29 07:30:00,1.22647,1.22664,1.22552,1.22621,636.2
2010.06.29 07:45:00,1.22626,1.22693,1.22589,1.22669,658.3
2010.06.29 08:00:00,1.22658,1.2269,1.22537,1.22571,502.5
2010.06.29 08:15:00,1.22588,1.22641,1.22511,1.22552,616.1
2010.06.29 08:30:00,1.2255,1.22624,1.22494,1.2261,586
2010.06.29 08:45:00,1.22589,1.22678,1.22525,1.22595,719.5
2010.06.29 09:00:00,1.22597,1.22615,1.22405,1.22473,763.5
2010.06.29 09:15:00,1.2246,1.22547,1.22278,1.22333,660.5
2010.06.29 09:30:00,1.22349,1.22476,1.22333,1.22426,959.9
2010.06.29 09:45:00,1.22378,1.22417,1.22288,1.22378,744.5
2010.06.29 10:00:00,1.22376,1.22457,1.22263,1.22302,1003.4
2010.06.29 10:15:00,1.22296,1.225,1.22274,1.22365,1053.5
2010.06.29 10:30:00,1.22376,1.22407,1.2221,1.22293,1077.3
2010.06.29 10:45:00,1.22295,1.2235,1.22103,1.2215,1322
2010.06.29 11:00:00,1.22153,1.22226,1.22024,1.22081,1309.7
2010.06.29 11:15:00,1.22082,1.22133,1.21767,1.21899,1024.3
2010.06.29 11:30:00,1.21893,1.21979,1.21821,1.21875,1120.7
2010.06.29 11:45:00,1.21875,1.22005,1.21831,1.21924,1415
2010.06.29 12:00:00,1.21929,1.22087,1.21915,1.22021,1217.9
2010.06.29 12:15:00,1.22032,1.22044,1.21774,1.21932,1388
2010.06.29 12:30:00,1.2193,1.22048,1.21896,1.21984,1170.3
2010.06.29 12:45:00,1.21974,1.22005,1.21841,1.21933,1480.9
2010.06.29 13:00:00,1.21929,1.22019,1.21854,1.22002,1321.7
2010.06.29 13:15:00,1.22005,1.2204,1.21862,1.21972,1708.7
2010.06.29 13:30:00,1.21966,1.22015,1.21854,1.21903,1062.2
2010.06.29 13:45:00,1.21911,1.21968,1.21842,1.21896,1139.2
2010.06.29 14:00:00,1.21895,1.21958,1.21806,1.21866,1041.3
2010.06.29 14:15:00,1.21861,1.22002,1.21845,1.21961,811.1
2010.06.29 14:30:00,1.21952,1.21995,1.21808,1.21906,894.7
2010.06.29 14:45:00,1.21887,1.21992,1.21868,1.21964,874
2010.06.29 15:00:00,1.21966,1.22057,1.21943,1.21979,747.3
2010.06.29 15:15:00,1.21986,1.22066,1.21931,1.21982,770.1
2010.06.29 15:30:00,1.21992,1.22157,1.21954,1.22145,940
2010.06.29 15:45:00,1.22139,1.22196,1.22022,1.22056,1200.6
2010.06.29 16:00:00,1.22034,1.22152,1.21922,1.21945,1011.2
2010.06.29 16:15:00,1.21947,1.21988,1.21855,1.21946,757.4
2010.06.29 16:30:00,1.21929,1.21954,1.21674,1.21807,975.8
2010.06.29 16:45:00,1.2181,1.21842,1.21641,1.21806,1071.9
2010.06.29 17:00:00,1.21824,1.21838,1.21525,1.21664,1133.5
2010.06.29 17:15:00,1.21651,1.21705,1.21494,1.21542,996.6
2010.06.29 17:30:00,1.21544,1.21767,1.21532,1.2172,1095.7
2010.06.29 17:45:00,1.2171,1.21818,1.21619,1.21774,1152.3
2010.06.29 18:00:00,1.21774,1.21975,1.21755,1.21883,1099.9
2010.06.29 18:15:00,1.21886,1.21915,1.21773,1.21841,1276.9
2010.06.29 18:30:00,1.21855,1.21925,1.21773,1.21805,1139.5
2010.06.29 18:45:00,1.218,1.21918,1.21759,1.21847,1095
2010.06.29 19:00:00,1.21867,1.21918,1.21797,1.21864,1077.2
2010.06.29 19:15:00,1.21891,1.22043,1.21834,1.21955,1007.3
2010.06.29 19:30:00,1.21972,1.22013,1.21882,1.21992,966.6
2010.06.29 19:45:00,1.22005,1.22117,1.21965,1.2208,1262.1
2010.06.29 20:00:00,1.2209,1.22105,1.21954,1.22025,816.5
2010.06.29 20:15:00,1.22022,1.22038,1.21906,1.2198,1047.1
2010.06.29 20:30:00,1.21973,1.22018,1.21847,1.21896,924.4
2010.06.29 20:45:00,1.21895,1.2201,1.21864,1.21973,877.4
2010.06.29 21:00:00,1.21971,1.22039,1.21914,1.22015,866.5
2010.06.29 21:15:00,1.2202,1.22137,1.21965,1.22103,787.5
2010.06.29 21:30:00,1.22103,1.22136,1.22014,1.22081,681.4
2010.06.29 21:45:00,1.22063,1.22126,1.22035,1.22082,870.5
2010.06.29 22:00:00,1.22079,1.2214,1.22016,1.22051,635.9
2010.06.29 22:15:00,1.22057,1.22088,1.219,1.21989,764.5
2010.06.29 22:30:00,1.21992,1.22038,1.21887,1.21938,815.9
2010.06.29 22:45:00,1.21929,1.22018,1.21856,1.21976,975.2
2010.06.29 23:00:00,1.21972,1.21983,1.21867,1.21896,1098.6
2010.06.29 23:15:00,1.21905,1.21935,1.21832,1.21903,1048.7
2010.06.29 23:30:00,1.21897,1.21959,1.21848,1.21871,781.6
2010.06.29 23:45:00,1.21875,1.21932,1.21834,1.2187,951.4
2010.06.30 00:00:00,1.21834,1.21964,1.21799,1.21831,930.7
2010.06.30 00:15:00,1.21814,1.21895,1.21758,1.21854,691.1
2010.06.30 00:30:00,1.21853,1.21941,1.21791,1.21819,959.7
2010.06.30 00:45:00,1.21832,1.21908,1.21812,1.21887,1000.5
2010.06.30 01:00:00,1.21857,1.21916,1.21851,1.21867,374.4
2010.06.30 01:15:00,1.21863,1.21885,1.21769,1.21803,442.9
2010.06.30 01:30:00,1.21809,1.21828,1.21773,1.21821,377.4
2010.06.30 01:45:00,1.21818,1.21885,1.21799,1.21885,476
2010.06.30 02:00:00,1.21865,1.21903,1.21838,1.2189,393.7
2010.06.30 02:15:00,1.2189,1.21911,1.218,1.2181,414.5
2010.06.30 02:30:00,1.21805,1.2184,1.21777,1.21795,380.4
2010.06.30 02:45:00,1.21784,1.2188,1.21774,1.21852,383.4
2010.06.30 03:00:00,1.2184,1.21896,1.218,1.21874,503.1
2010.06.30 03:15:00,1.2186,1.21875,1.21655,1.2169,513.3
2010.06.30 03:30:00,1.21698,1.21833,1.21646,1.21778,555.1
2010.06.30 03:45:00,1.21744,1.21837,1.21705,1.2182,683.1
2010.06.30 04:00:00,1.218,1.21902,1.21753,1.21854,520.5
2010.06.30 04:15:00,1.21831,1.21862,1.21782,1.21828,453.2
2010.06.30 04:30:00,1.21826,1.21977,1.21802,1.21953,492.3
2010.06.30 04:45:00,1.21939,1.2206,1.21884,1.22,453.9
2010.06.30 05:00:00,1.22006,1.22108,1.21934,1.22082,606.4
2010.06.30 05:15:00,1.2207,1.22128,1.22039,1.22071,489.4
2010.06.30 05:30:00,1.22051,1.22149,1.22037,1.22058,590.8
2010.06.30 05:45:00,1.22049,1.22162,1.22024,1.22142,887.1
2010.06.30 06:00:00,1.22143,1.22167,1.2206,1.22083,981.9
2010.06.30 06:15:00,1.2208,1.22137,1.22059,1.22112,911.2
2010.06.30 06:30:00,1.22097,1.22138,1.22049,1.22124,967.4
2010.06.30 06:45:00,1.22127,1.22165,1.22074,1.22133,731.8
2010.06.30 07:00:00,1.22114,1.22217,1.22092,1.22199,755.6
2010.06.30 07:15:00,1.222,1.22234,1.22129,1.22172,725.8
2010.06.30 07:30:00,1.22152,1.22232,1.22128,1.22201,654.9
2010.06.30 07:45:00,1.22181,1.22227,1.22145,1.22214,660.5
2010.06.30 08:00:00,1.22207,1.22221,1.22087,1.22149,517.7
2010.06.30 08:15:00,1.22145,1.22167,1.22061,1.22082,644.3
2010.06.30 08:30:00,1.2207,1.22165,1.22025,1.2213,729.4
2010.06.30 08:45:00,1.22141,1.22228,1.22103,1.22132,713.9
2010.06.30 09:00:00,1.22117,1.222,1.22056,1.22138,719.4
2010.06.30 09:15:00,1.22148,1.22262,1.2209,1.22238,677.6
2010.06.30 09:30:00,1.2223,1.22404,1.22165,1.22382,1065.9
2010.06.30 09:45:00,1.22383,1.22389,1.22257,1.22346,731.7
2010.06.30 10:00:00,1.22337,1.22353,1.2218,1.22269,945.5
2010.06.30 10:15:00,1.22263,1.22345,1.22179,1.22291,929.7
2010.06.30 10:30:00,1.22286,1.22317,1.22129,1.22143,1059.3
2010.06.30 10:45:00,1.22143,1.22318,1.22113,1.22291,1224.2
2010.06.30 11:00:00,1.22281,1.22313,1.22199,1.22303,1360
2010.06.30 11:15:00,1.22304,1.22369,1.22269,1.22328,1068.9
2010.06.30 11:30:00,1.2233,1.22336,1.22044,1.22091,1147.8
2010.06.30 11:45:00,1.22094,1.22177,1.22063,1.22162,1241.1
2010.06.30 12:00:00,1.22168,1.22184,1.22044,1.22124,1057.1
2010.06.30 12:15:00,1.22128,1.22747,1.22053,1.22512,1469.7
2010.06.30 12:30:00,1.225,1.22689,1.2247,1.22562,1289.3
2010.06.30 12:45:00,1.22573,1.22844,1.22531,1.22779,1479.4
2010.06.30 13:00:00,1.22769,1.22945,1.22747,1.22928,1190.1
2010.06.30 13:15:00,1.22918,1.23042,1.22794,1.22961,1950.7
2010.06.30 13:30:00,1.22965,1.23001,1.22792,1.2286,1092.4
2010.06.30 13:45:00,1.22843,1.22933,1.22783,1.22876,1117.6
2010.06.30 14:00:00,1.22874,1.2296,1.22808,1.22924,955
2010.06.30 14:15:00,1.22906,1.22912,1.22787,1.22871,711
2010.06.30 14:30:00,1.22845,1.22878,1.22771,1.2279,913.9
2010.06.30 14:45:00,1.228,1.22829,1.22654,1.22676,811.7
2010.06.30 15:00:00,1.22654,1.22739,1.22582,1.22661,770.7
2010.06.30 15:15:00,1.22688,1.22712,1.22473,1.22625,813.5
2010.06.30 15:30:00,1.2262,1.22676,1.22511,1.22651,956.8
2010.06.30 15:45:00,1.22651,1.2271,1.22448,1.22481,1044.7
2010.06.30 16:00:00,1.22464,1.22504,1.22287,1.22355,919.8
2010.06.30 16:15:00,1.22352,1.22495,1.22324,1.22388,851.3
2010.06.30 16:30:00,1.22401,1.22611,1.22343,1.22523,929
2010.06.30 16:45:00,1.22539,1.22703,1.2251,1.22579,1050.9
2010.06.30 17:00:00,1.22579,1.22845,1.2257,1.22811,999.1
2010.06.30 17:15:00,1.22814,1.22937,1.22747,1.2278,973.9
2010.06.30 17:30:00,1.22771,1.22823,1.22555,1.22594,1017.7
2010.06.30 17:45:00,1.22595,1.22703,1.22458,1.22491,1061.6
2010.06.30 18:00:00,1.22481,1.22774,1.22462,1.22745,1095.8
2010.06.30 18:15:00,1.22747,1.22947,1.2274,1.228,1159.8
2010.06.30 18:30:00,1.22795,1.22985,1.22754,1.22871,1245.9
2010.06.30 18:45:00,1.22886,1.22974,1.22805,1.22901,1118.7
2010.06.30 19:00:00,1.22906,1.22938,1.22823,1.22882,1055
2010.06.30 19:15:00,1.22875,1.22926,1.2278,1.22804,973.9
2010.06.30 19:30:00,1.22806,1.22838,1.22646,1.22657,1008.5
2010.06.30 19:45:00,1.22663,1.22697,1.22546,1.22564,1190.3
2010.06.30 20:00:00,1.22552,1.22635,1.22521,1.22587,696.2
2010.06.30 20:15:00,1.22584,1.22697,1.22547,1.22617,1005
2010.06.30 20:30:00,1.22618,1.22664,1.22519,1.22549,930.4
2010.06.30 20:45:00,1.22573,1.22705,1.22528,1.22651,858.3
2010.06.30 21:00:00,1.22653,1.22695,1.22391,1.22525,863.5
2010.06.30 21:15:00,1.22536,1.22612,1.22468,1.22527,822.2
2010.06.30 21:30:00,1.22533,1.22536,1.22331,1.22375,730.7
2010.06.30 21:45:00,1.22366,1.22487,1.22336,1.22421,838.1
2010.06.30 22:00:00,1.2243,1.22479,1.22393,1.22451,633.4
2010.06.30 22:15:00,1.22446,1.22476,1.22354,1.22367,782.8
2010.06.30 22:30:00,1.22364,1.22422,1.22305,1.22319,876.9
2010.06.30 22:45:00,1.22312,1.22399,1.22274,1.22297,923.6
2010.06.30 23:00:00,1.22291,1.22337,1.22224,1.22286,1130.3
2010.06.30 23:15:00,1.22277,1.22376,1.22241,1.22355,1006.1
2010.06.30 23:30:00,1.22357,1.22367,1.22234,1.22265,689
2010.06.30 23:45:00,1.22267,1.22382,1.22235,1.22363,976.7
2010.07.01 00:00:00,1.22351,1.22383,1.22258,1.2236,930.8
2010.07.01 00:15:00,1.22357,1.22385,1.22296,1.22314,778.1
2010.07.01 00:30:00,1.22313,1.22377,1.22273,1.22357,973.6
2010.07.01 00:45:00,1.22327,1.22381,1.22262,1.22318,1158.5
2010.07.01 01:00:00,1.22312,1.2234,1.22274,1.22338,425.6
2010.07.01 01:15:00,1.22318,1.22374,1.22312,1.22364,406.3
2010.07.01 01:30:00,1.22338,1.22364,1.22287,1.22316,451.1
2010.07.01 01:45:00,1.22323,1.22341,1.22249,1.22304,379.5
2010.07.01 02:00:00,1.22299,1.22309,1.22202,1.22221,346.8
2010.07.01 02:15:00,1.2221,1.22271,1.22189,1.22224,409.8
2010.07.01 02:30:00,1.22238,1.22271,1.22194,1.22221,390.2
2010.07.01 02:45:00,1.22234,1.22287,1.2222,1.22278,342.8
2010.07.01 03:00:00,1.22267,1.22379,1.22218,1.22347,581.4
2010.07.01 03:15:00,1.2234,1.22425,1.22293,1.22375,515.8
2010.07.01 03:30:00,1.22363,1.22428,1.22297,1.223,497.1
2010.07.01 03:45:00,1.22301,1.22349,1.22011,1.22148,628.9
2010.07.01 04:00:00,1.22118,1.22232,1.21951,1.22002,562.3
2010.07.01 04:15:00,1.21995,1.22121,1.21929,1.22026,460.1
2010.07.01 04:30:00,1.22025,1.22152,1.21984,1.22035,430.1
2010.07.01 04:45:00,1.2203,1.22054,1.21943,1.21995,452.3
2010.07.01 05:00:00,1.21985,1.22102,1.21964,1.22036,668.9
2010.07.01 05:15:00,1.22053,1.22148,1.2201,1.22102,452.8
2010.07.01 05:30:00,1.22082,1.22174,1.22036,1.22156,499.7
2010.07.01 05:45:00,1.22139,1.22228,1.22095,1.22193,950.6
2010.07.01 06:00:00,1.22166,1.22207,1.2209,1.22133,1000.7
2010.07.01 06:15:00,1.22135,1.22166,1.22063,1.22134,787.9
2010.07.01 06:30:00,1.22131,1.22162,1.22041,1.22081,942.1
2010.07.01 06:45:00,1.22081,1.22112,1.22005,1.22035,660.5
2010.07.01 07:00:00,1.22015,1.22087,1.21969,1.22067,680.7
2010.07.01 07:15:00,1.22039,1.22212,1.22007,1.22172,625.3
2010.07.01 07:30:00,1.22185,1.2221,1.22029,1.22103,612.6
2010.07.01 07:45:00,1.22105,1.22153,1.22061,1.22103,598.5
2010.07.01 08:00:00,1.22106,1.22303,1.22085,1.22279,543.3
2010.07.01 08:15:00,1.22285,1.22345,1.22223,1.22253,694
2010.07.01 08:30:00,1.22242,1.22323,1.22206,1.22224,598.4
2010.07.01 08:45:00,1.22258,1.22258,1.22125,1.22177,626.7
2010.07.01 09:00:00,1.22185,1.22214,1.2202,1.22137,739
2010.07.01 09:15:00,1.22158,1.22175,1.22002,1.2209,785.9
2010.07.01 09:30:00,1.22087,1.22165,1.21941,1.22015,987.8
2010.07.01 09:45:00,1.22027,1.22153,1.21969,1.22142,707.1
2010.07.01 10:00:00,1.22133,1.22213,1.2207,1.22134,1020.9
2010.07.01 10:15:00,1.22136,1.22181,1.2206,1.22167,920.4
2010.07.01 10:30:00,1.22182,1.22368,1.22154,1.22265,935.6
2010.07.01 10:45:00,1.22252,1.22497,1.22227,1.22463,1126.7
2010.07.01 11:00:00,1.22488,1.22783,1.22407,1.22767,1224.2
2010.07.01 11:15:00,1.22774,1.2292,1.22724,1.22844,1043.7
2010.07.01 11:30:00,1.22842,1.23115,1.22802,1.22888,1239.8
2010.07.01 11:45:00,1.22853,1.23022,1.22803,1.23002,1113.1
2010.07.01 12:00:00,1.23005,1.23047,1.22844,1.22904,1199.9
2010.07.01 12:15:00,1.22894,1.22933,1.22737,1.22755,1536.5
2010.07.01 12:30:00,1.22771,1.22917,1.22708,1.22881,1108.6
2010.07.01 12:45:00,1.22883,1.22978,1.228,1.22904,1356.4
2010.07.01 13:00:00,1.22904,1.23088,1.22879,1.23022,1273.6
2010.07.01 13:15:00,1.23027,1.23386,1.23002,1.23296,1847.1
2010.07.01 13:30:00,1.23297,1.2337,1.232,1.23279,1182.3
2010.07.01 13:45:00,1.23285,1.23435,1.23273,1.23355,1033.1
2010.07.01 14:00:00,1.23355,1.23377,1.23212,1.23249,1248.7
2010.07.01 14:15:00,1.23257,1.23314,1.2321,1.2323,838.4
2010.07.01 14:30:00,1.23223,1.23269,1.23129,1.2326,874.1
2010.07.01 14:45:00,1.23263,1.23456,1.23242,1.23333,849.2
2010.07.01 15:00:00,1.23341,1.23374,1.23227,1.23289,790.2
2010.07.01 15:15:00,1.23293,1.23729,1.23234,1.23675,859.4
2010.07.01 15:30:00,1.23661,1.2379,1.23532,1.23703,839.4
2010.07.01 15:45:00,1.23689,1.24045,1.23657,1.23885,1001.8
2010.07.01 16:00:00,1.239,1.23931,1.23827,1.23889,1044.3
2010.07.01 16:15:00,1.23889,1.23971,1.23794,1.23923,846.8
2010.07.01 16:30:00,1.23925,1.24129,1.2387,1.2409,1023.4
2010.07.01 16:45:00,1.24088,1.24247,1.24066,1.24179,1121.5
2010.07.01 17:00:00,1.24181,1.24467,1.24137,1.24271,999.4
2010.07.01 17:15:00,1.24292,1.24384,1.2424,1.2436,966.3
2010.07.01 17:30:00,1.24376,1.24724,1.24332,1.24525,1125
2010.07.01 17:45:00,1.24555,1.24606,1.24415,1.24522,1085.4
2010.07.01 18:00:00,1.24534,1.24673,1.24463,1.24555,1075
2010.07.01 18:15:00,1.24575,1.24797,1.24546,1.24714,1209.7
2010.07.01 18:30:00,1.2472,1.24848,1.24607,1.248,1050.1
2010.07.01 18:45:00,1.24801,1.24853,1.24574,1.24627,1121.7
2010.07.01 19:00:00,1.24612,1.24663,1.24408,1.24525,1040.9
2010.07.01 19:15:00,1.24525,1.24595,1.24378,1.24406,976.7
2010.07.01 19:30:00,1.24392,1.24527,1.24317,1.24475,943.6
2010.07.01 19:45:00,1.24483,1.24498,1.24342,1.2439,1163.5
2010.07.01 20:00:00,1.24381,1.24498,1.24362,1.24455,766.6
2010.07.01 20:15:00,1.24448,1.24784,1.24434,1.24656,992.3
2010.07.01 20:30:00,1.24658,1.24836,1.24645,1.24738,904.3
2010.07.01 20:45:00,1.24756,1.24847,1.24669,1.2481,947.2
2010.07.01 21:00:00,1.24808,1.24828,1.24718,1.24785,851.8
2010.07.01 21:15:00,1.24797,1.24854,1.24716,1.24742,827.4
2010.07.01 21:30:00,1.24755,1.24766,1.24625,1.24661,701.4
2010.07.01 21:45:00,1.24664,1.24798,1.24623,1.24793,810.7
2010.07.01 22:00:00,1.2479,1.24968,1.24753,1.24948,645.5
2010.07.01 22:15:00,1.24935,1.24955,1.24804,1.24884,716.9
2010.07.01 22:30:00,1.24905,1.25203,1.2486,1.25158,809.5
2010.07.01 22:45:00,1.25167,1.25391,1.25126,1.25186,841.2
2010.07.01 23:00:00,1.25169,1.25319,1.25126,1.2527,1150.3
2010.07.01 23:15:00,1.25276,1.25331,1.25147,1.2518,1075.6
2010.07.01 23:30:00,1.25162,1.25305,1.25154,1.25268,597
2010.07.01 23:45:00,1.25268,1.25304,1.25215,1.25264,912.8
2010.07.02 00:00:00,1.25271,1.25322,1.25161,1.25191,834.1
2010.07.02 00:15:00,1.25184,1.25212,1.25121,1.25158,755
2010.07.02 00:30:00,1.25156,1.25181,1.25083,1.25114,890.7
2010.07.02 00:45:00,1.25116,1.25206,1.25058,1.25185,972
2010.07.02 01:00:00,1.25157,1.25187,1.25097,1.25129,337
2010.07.02 01:15:00,1.25133,1.25154,1.25019,1.25047,343.5
2010.07.02 01:30:00,1.25057,1.25098,1.25016,1.25065,310.6
2010.07.02 01:45:00,1.25053,1.25171,1.24994,1.25018,359.2
2010.07.02 02:00:00,1.25024,1.25118,1.25024,1.25057,380.5
2010.07.02 02:15:00,1.25062,1.25135,1.25031,1.25117,366.8
2010.07.02 02:30:00,1.25132,1.25174,1.25069,1.25129,392.1
2010.07.02 02:45:00,1.25126,1.25161,1.25064,1.25097,372.7
2010.07.02 03:00:00,1.25115,1.25169,1.25071,1.25145,588
2010.07.02 03:15:00,1.25138,1.25239,1.25117,1.25228,516.7
2010.07.02 03:30:00,1.25223,1.25297,1.25172,1.25267,482.2
2010.07.02 03:45:00,1.25263,1.25272,1.25064,1.25115,646.6
2010.07.02 04:00:00,1.2508,1.25219,1.25037,1.25156,594.5
2010.07.02 04:15:00,1.25165,1.25221,1.25116,1.25141,454.2
2010.07.02 04:30:00,1.2515,1.25174,1.25088,1.25171,393.1
2010.07.02 04:45:00,1.25154,1.25195,1.2508,1.25132,501.1
2010.07.02 05:00:00,1.25126,1.25188,1.25091,1.25144,621.2
2010.07.02 05:15:00,1.25153,1.25228,1.25128,1.25171,406.3
2010.07.02 05:30:00,1.2516,1.25206,1.25116,1.25163,560.4
2010.07.02 05:45:00,1.25161,1.25219,1.25152,1.25203,922.9
2010.07.02 06:00:00,1.25185,1.25208,1.25099,1.25131,1110.8
2010.07.02 06:15:00,1.25138,1.25157,1.2509,1.25135,801.1
2010.07.02 06:30:00,1.25118,1.25169,1.2509,1.25135,879.5
2010.07.02 06:45:00,1.25122,1.2518,1.251,1.25143,658.4
2010.07.02 07:00:00,1.25135,1.25167,1.25083,1.25109,809.9
2010.07.02 07:15:00,1.25107,1.25138,1.25059,1.25112,706.6
2010.07.02 07:30:00,1.25098,1.25169,1.2509,1.25156,625.2
2010.07.02 07:45:00,1.25139,1.25165,1.2509,1.25126,639.7
2010.07.02 08:00:00,1.25124,1.25145,1.25063,1.2509,532.5
2010.07.02 08:15:00,1.25082,1.25094,1.24858,1.24915,625.9
2010.07.02 08:30:00,1.2492,1.24995,1.24824,1.24973,631
2010.07.02 08:45:00,1.24986,1.25005,1.2487,1.24921,780.6
2010.07.02 09:00:00,1.24918,1.24997,1.24882,1.24904,776.6
2010.07.02 09:15:00,1.2491,1.25021,1.24842,1.24859,764.8
2010.07.02 09:30:00,1.2485,1.24964,1.24802,1.24917,972.8
2010.07.02 09:45:00,1.24903,1.24971,1.24822,1.24892,728.1
2010.07.02 10:00:00,1.24881,1.25213,1.24852,1.25174,950.9
2010.07.02 10:15:00,1.25183,1.25328,1.25142,1.25255,984.3
2010.07.02 10:30:00,1.25257,1.25312,1.25073,1.25104,1088.7
2010.07.02 10:45:00,1.25098,1.25116,1.24923,1.24971,1165.2
2010.07.02 11:00:00,1.24972,1.25006,1.24865,1.24942,1357.6
2010.07.02 11:15:00,1.24946,1.25003,1.24882,1.24964,1126.6
2010.07.02 11:30:00,1.24951,1.251,1.2491,1.25055,1214.8
2010.07.02 11:45:00,1.25044,1.25107,1.24974,1.2503,1310.9
2010.07.02 12:00:00,1.25023,1.2506,1.24974,1.25023,1161.1
2010.07.02 12:15:00,1.25021,1.25089,1.24975,1.25025,1449.9
2010.07.02 12:30:00,1.25022,1.25096,1.24941,1.25081,1173.3
2010.07.02 12:45:00,1.25083,1.25208,1.25021,1.2517,1460.2
2010.07.02 13:00:00,1.2517,1.25191,1.24984,1.25059,1102
2010.07.02 13:15:00,1.25061,1.25146,1.2499,1.25054,1801
2010.07.02 13:30:00,1.25057,1.25118,1.24983,1.25082,1082.4
2010.07.02 13:45:00,1.251,1.25168,1.25066,1.25086,1128.7
2010.07.02 14:00:00,1.25092,1.25184,1.25061,1.25115,1039.7
2010.07.02 14:15:00,1.25113,1.25261,1.251,1.25205,864.1
2010.07.02 14:30:00,1.25194,1.25294,1.25141,1.25232,925.8
2010.07.02 14:45:00,1.25233,1.25418,1.2519,1.25357,855.2
2010.07.02 15:00:00,1.25359,1.2561,1.25307,1.25485,694.1
2010.07.02 15:15:00,1.25478,1.2556,1.25414,1.25517,786.1
2010.07.02 15:30:00,1.25489,1.26051,1.25361,1.25835,826.7
2010.07.02 15:45:00,1.25821,1.26114,1.25794,1.25848,1109.8
2010.07.02 16:00:00,1.25842,1.25944,1.25705,1.25864,999.9
2010.07.02 16:15:00,1.25861,1.26053,1.25824,1.2587,782.8
2010.07.02 16:30:00,1.25871,1.26017,1.25797,1.25864,1162.7
2010.07.02 16:45:00,1.25849,1.25949,1.25795,1.25842,1064.9
2010.07.02 17:00:00,1.25868,1.25946,1.25784,1.25915,1039.3
2010.07.02 17:15:00,1.25919,1.26033,1.25841,1.25947,979.7
2010.07.02 17:30:00,1.25946,1.26007,1.25802,1.25945,1050.3
2010.07.02 17:45:00,1.25943,1.26037,1.25885,1.26004,1180.5
2010.07.02 18:00:00,1.26006,1.26033,1.25863,1.25915,1137.5
2010.07.02 18:15:00,1.25942,1.25947,1.25822,1.259,1148
2010.07.02 18:30:00,1.2591,1.25947,1.25686,1.2569,1154.6
2010.07.02 18:45:00,1.25694,1.25774,1.25625,1.25751,1007.6
2010.07.02 19:00:00,1.25759,1.25776,1.2558,1.25652,1244.9
2010.07.02 19:15:00,1.25652,1.25656,1.25473,1.25526,939.6
2010.07.02 19:30:00,1.25523,1.25559,1.25423,1.25468,1076
2010.07.02 19:45:00,1.25451,1.25469,1.25334,1.25403,1156.9
2010.07.02 20:00:00,1.25435,1.25537,1.25361,1.2548,757.2
2010.07.02 20:15:00,1.25475,1.25579,1.25442,1.25482,1060.5
2010.07.02 20:30:00,1.25481,1.25529,1.25275,1.25364,923.9
2010.07.02 20:45:00,1.25369,1.25449,1.25336,1.25407,895.4
2010.07.02 21:00:00,1.25401,1.25433,1.2526,1.25323,813.9
2010.07.02 21:15:00,1.25316,1.25448,1.25301,1.25368,805.8
2010.07.02 21:30:00,1.25366,1.2547,1.25351,1.25437,621.6
2010.07.02 21:45:00,1.25436,1.25524,1.25358,1.25517,860.5
2010.07.02 22:00:00,1.25508,1.25555,1.25439,1.25499,606.7
2010.07.02 22:15:00,1.25511,1.25588,1.25446,1.25511,734.4
2010.07.02 22:30:00,1.25535,1.25588,1.25455,1.25559,746
2010.07.02 22:45:00,1.25546,1.25578,1.25476,1.25505,937.4
2010.07.02 23:00:00,1.25499,1.25519,1.25411,1.25481,1109.9
2010.07.02 23:15:00,1.2548,1.25519,1.25395,1.25513,1032.7
2010.07.02 23:30:00,1.25512,1.25603,1.25503,1.25573,683.9
2010.07.02 23:45:00,1.25581,1.25698,1.25552,1.25636,953.3
2010.07.05 00:00:00,1.25559,1.25662,1.25503,1.25562,1015.1
2010.07.05 00:15:00,1.25562,1.25614,1.25521,1.25535,703
2010.07.05 00:30:00,1.2554,1.25627,1.25522,1.25613,1086.6
2010.07.05 00:45:00,1.25594,1.2562,1.25511,1.25545,1078.6
2010.07.05 01:00:00,1.25537,1.25592,1.2553,1.25564,419.3
2010.07.05 01:15:00,1.25571,1.25619,1.25555,1.25603,469.4
2010.07.05 01:30:00,1.25599,1.25623,1.25568,1.25612,380.3
2010.07.05 01:45:00,1.25625,1.25628,1.25555,1.25587,418.3
2010.07.05 02:00:00,1.25577,1.25584,1.25474,1.25521,327.3
2010.07.05 02:15:00,1.2551,1.25528,1.25408,1.25454,376.9
2010.07.05 02:30:00,1.2544,1.25489,1.25428,1.2546,396.7
2010.07.05 02:45:00,1.25461,1.25497,1.25433,1.25461,374.7
2010.07.05 03:00:00,1.25466,1.2552,1.25415,1.25473,377.8
2010.07.05 03:15:00,1.25474,1.25498,1.25424,1.25454,369.8
2010.07.05 03:30:00,1.25427,1.25461,1.25313,1.25319,433
2010.07.05 03:45:00,1.25328,1.25396,1.2521,1.25263,419.5
2010.07.05 04:00:00,1.25266,1.25318,1.25225,1.25306,384.5
2010.07.05 04:15:00,1.25309,1.25333,1.25211,1.25272,380.5
2010.07.05 04:30:00,1.25258,1.2534,1.2524,1.2531,418
2010.07.05 04:45:00,1.2528,1.2533,1.25261,1.25299,350.7
2010.07.05 05:00:00,1.25307,1.25369,1.25277,1.25355,1058.7
2010.07.05 05:15:00,1.25353,1.25467,1.25315,1.25388,1059.9
2010.07.05 05:30:00,1.25399,1.25451,1.25376,1.25449,741.9
2010.07.05 05:45:00,1.25453,1.25483,1.25347,1.25368,816.5
2010.07.05 06:00:00,1.25358,1.25456,1.25345,1.25395,943.3
2010.07.05 06:15:00,1.25372,1.2544,1.25355,1.25414,714.3
2010.07.05 06:30:00,1.25417,1.25467,1.25324,1.25377,1075.3
2010.07.05 06:45:00,1.25381,1.25415,1.25322,1.25385,1015.7
2010.07.05 07:00:00,1.25392,1.25465,1.25327,1.25435,892.9
2010.07.05 07:15:00,1.2542,1.25493,1.25382,1.25421,837.6
2010.07.05 07:30:00,1.25417,1.25439,1.25343,1.25411,731.2
2010.07.05 07:45:00,1.25396,1.25449,1.25356,1.25423,626.6
2010.07.05 08:00:00,1.25432,1.25436,1.25365,1.25407,801.9
2010.07.05 08:15:00,1.25417,1.25436,1.25354,1.25406,718.9
2010.07.05 08:30:00,1.25405,1.25459,1.25393,1.25427,734.3
2010.07.05 08:45:00,1.25428,1.25465,1.25353,1.25384,825.9
2010.07.05 09:00:00,1.25382,1.25398,1.25266,1.25327,904.2
2010.07.05 09:15:00,1.25339,1.25465,1.25318,1.2545,1043.5
2010.07.05 09:30:00,1.25452,1.25522,1.25403,1.25445,1086.2
2010.07.05 09:45:00,1.25443,1.25472,1.25339,1.25425,772.6
2010.07.05 10:00:00,1.25437,1.25572,1.25399,1.25551,1335.2
2010.07.05 10:15:00,1.25553,1.25576,1.25453,1.25487,1106.2
2010.07.05 10:30:00,1.25489,1.25508,1.25342,1.25364,935.4
2010.07.05 10:45:00,1.25364,1.25381,1.25255,1.25329,1082.1
2010.07.05 11:00:00,1.25329,1.25366,1.25203,1.25314,985.5
2010.07.05 11:15:00,1.25315,1.25423,1.25285,1.25343,1188.4
2010.07.05 11:30:00,1.25336,1.25466,1.25329,1.25455,1115.5
2010.07.05 11:45:00,1.25445,1.25473,1.25366,1.25438,1003.2
2010.07.05 12:00:00,1.25433,1.25459,1.25303,1.25393,1272.7
2010.07.05 12:15:00,1.25399,1.25414,1.2526,1.25286,1050.9
2010.07.05 12:30:00,1.25272,1.25289,1.25203,1.25265,1095.5
2010.07.05 12:45:00,1.25264,1.25347,1.2523,1.2527,1078.3
2010.07.05 13:00:00,1.25275,1.25306,1.25135,1.25224,1071.8
2010.07.05 13:15:00,1.25222,1.25333,1.25193,1.25303,944.5
2010.07.05 13:30:00,1.25297,1.25364,1.25243,1.25332,782.1
2010.07.05 13:45:00,1.2533,1.2535,1.25232,1.25264,946.1
2010.07.05 14:00:00,1.25266,1.25297,1.25193,1.25218,1056.5
2010.07.05 14:15:00,1.25215,1.25262,1.25151,1.25252,751.1
2010.07.05 14:30:00,1.25262,1.25354,1.25234,1.25266,749.2
2010.07.05 14:45:00,1.25287,1.25299,1.25174,1.25235,715.9
2010.07.05 15:00:00,1.25245,1.25314,1.25203,1.25299,805.7
2010.07.05 15:15:00,1.25302,1.25354,1.25252,1.25293,931.6
2010.07.05 15:30:00,1.25293,1.25316,1.25212,1.25253,789.6
2010.07.05 15:45:00,1.2525,1.25317,1.25199,1.25294,1001.3
2010.07.05 16:00:00,1.2529,1.25304,1.25201,1.25224,1086.8
2010.07.05 16:15:00,1.25221,1.25268,1.25156,1.25247,1133
2010.07.05 16:30:00,1.25241,1.25257,1.25101,1.25151,1821.1
2010.07.05 16:45:00,1.25152,1.25202,1.2506,1.25171,1159.3
2010.07.05 17:00:00,1.25178,1.25303,1.2512,1.25194,1466.7
2010.07.05 17:15:00,1.2522,1.25236,1.25103,1.25175,1216.6
2010.07.05 17:30:00,1.25156,1.252,1.25102,1.25142,1402.3
2010.07.05 17:45:00,1.25141,1.25314,1.25099,1.25286,1083.1
2010.07.05 18:00:00,1.25299,1.25356,1.25201,1.25244,1321.5
2010.07.05 18:15:00,1.25244,1.25325,1.25213,1.25264,1111
2010.07.05 18:30:00,1.25257,1.25317,1.25213,1.25293,1144.5
2010.07.05 18:45:00,1.25284,1.25339,1.25259,1.25305,1381.7
2010.07.05 19:00:00,1.25295,1.25337,1.25259,1.253,1265.5
2010.07.05 19:15:00,1.25306,1.25339,1.2527,1.25324,1006
2010.07.05 19:30:00,1.25315,1.25348,1.25263,1.25321,986.4
2010.07.05 19:45:00,1.25327,1.25356,1.2524,1.25284,966.5
2010.07.05 20:00:00,1.25273,1.25353,1.25252,1.25322,742.1
2010.07.05 20:15:00,1.25325,1.25374,1.253,1.2537,1092.1
2010.07.05 20:30:00,1.25351,1.25408,1.25339,1.25367,710.9
2010.07.05 20:45:00,1.25357,1.25415,1.25341,1.25367,775.7
2010.07.05 21:00:00,1.25383,1.25392,1.25326,1.25369,648.1
2010.07.05 21:15:00,1.25365,1.25463,1.25343,1.25441,716
2010.07.05 21:30:00,1.25463,1.25467,1.25368,1.25404,652.2
2010.07.05 21:45:00,1.25401,1.25423,1.25342,1.2537,532.6
2010.07.05 22:00:00,1.25381,1.25418,1.25352,1.25413,616.8
2010.07.05 22:15:00,1.25411,1.25432,1.25365,1.25402,683.2
2010.07.05 22:30:00,1.25448,1.25448,1.25366,1.25391,685
2010.07.05 22:45:00,1.25397,1.25419,1.25359,1.25392,738.1
2010.07.05 23:00:00,1.25387,1.25435,1.25364,1.25386,704.3
2010.07.05 23:15:00,1.25388,1.25446,1.25362,1.25416,960.5
2010.07.05 23:30:00,1.25418,1.25452,1.2538,1.25418,729.6
2010.07.05 23:45:00,1.25431,1.25446,1.25327,1.25375,1032.8
2010.07.06 00:00:00,1.25376,1.25422,1.25342,1.25418,906.2
2010.07.06 00:15:00,1.25428,1.25444,1.25365,1.25395,502.9
2010.07.06 00:30:00,1.2539,1.25438,1.25348,1.25368,436.4
2010.07.06 00:45:00,1.25374,1.25425,1.25356,1.2537,611.2
2010.07.06 01:00:00,1.25367,1.25406,1.25349,1.25377,492.1
2010.07.06 01:15:00,1.25375,1.25417,1.25354,1.25399,386.6
2010.07.06 01:30:00,1.25371,1.25449,1.25361,1.25367,486.5
2010.07.06 01:45:00,1.25384,1.25401,1.25314,1.25393,577.7
2010.07.06 02:00:00,1.25373,1.25406,1.25266,1.25301,664.3
2010.07.06 02:15:00,1.25298,1.25304,1.25121,1.25152,495.2
2010.07.06 02:30:00,1.25154,1.25178,1.25094,1.25154,525.6
2010.07.06 02:45:00,1.25151,1.25175,1.25012,1.25082,595.6
2010.07.06 03:00:00,1.25069,1.25074,1.249,1.249,322.2
2010.07.06 03:15:00,1.24893,1.24989,1.24858,1.24928,335.2
2010.07.06 03:30:00,1.24929,1.24948,1.24847,1.24863,412.1
2010.07.06 03:45:00,1.2484,1.24912,1.2479,1.24876,456.5
2010.07.06 04:00:00,1.24868,1.24946,1.24852,1.24878,368.7
2010.07.06 04:15:00,1.24872,1.25,1.24872,1.2494,369.3
2010.07.06 04:30:00,1.24952,1.25012,1.24852,1.24925,371.9
2010.07.06 04:45:00,1.24925,1.25071,1.24901,1.2504,329.4
2010.07.06 05:00:00,1.25027,1.25107,1.24991,1.25084,1151.2
2010.07.06 05:15:00,1.25088,1.25115,1.25004,1.25027,899.1
2010.07.06 05:30:00,1.25026,1.25094,1.25006,1.25065,657.9
2010.07.06 05:45:00,1.25067,1.25197,1.25067,1.25193,843.3
2010.07.06 06:00:00,1.25199,1.25269,1.25154,1.25168,1045.3
2010.07.06 06:15:00,1.25191,1.25252,1.25157,1.25241,627.7
2010.07.06 06:30:00,1.25233,1.25356,1.25204,1.25313,1095.4
2010.07.06 06:45:00,1.25326,1.25377,1.25284,1.2533,1037.8
2010.07.06 07:00:00,1.25328,1.25367,1.25223,1.25262,881.9
2010.07.06 07:15:00,1.25253,1.25277,1.25202,1.25259,872
2010.07.06 07:30:00,1.25248,1.25467,1.25165,1.2545,749.9
2010.07.06 07:45:00,1.25439,1.25581,1.25414,1.2552,624.5
2010.07.06 08:00:00,1.25508,1.25551,1.25367,1.25441,897.1
2010.07.06 08:15:00,1.25438,1.2554,1.25371,1.25521,710.7
2010.07.06 08:30:00,1.25505,1.25525,1.25408,1.25463,802.9
2010.07.06 08:45:00,1.25439,1.25518,1.25374,1.25396,903.6
2010.07.06 09:00:00,1.25394,1.25631,1.25348,1.25613,907.3
2010.07.06 09:15:00,1.25617,1.25649,1.25505,1.25595,912.8
2010.07.06 09:30:00,1.25596,1.25705,1.25456,1.25672,983.7
2010.07.06 09:45:00,1.25669,1.25874,1.25641,1.25731,864.8
2010.07.06 10:00:00,1.25725,1.25765,1.25643,1.25743,1178.8
2010.07.06 10:15:00,1.25751,1.25963,1.25702,1.25905,979.3
2010.07.06 10:30:00,1.25906,1.25961,1.25799,1.25958,1112.8
2010.07.06 10:45:00,1.25952,1.25986,1.25814,1.25878,972.9
2010.07.06 11:00:00,1.25907,1.26004,1.25793,1.25855,1024.4
2010.07.06 11:15:00,1.25852,1.25872,1.25752,1.25823,1114.2
2010.07.06 11:30:00,1.25827,1.26078,1.25771,1.25971,1110
2010.07.06 11:45:00,1.25975,1.26069,1.25877,1.25933,1150.2
2010.07.06 12:00:00,1.25934,1.26062,1.25882,1.25915,1086.2
2010.07.06 12:15:00,1.25908,1.25934,1.25793,1.2581,1081.1
2010.07.06 12:30:00,1.25814,1.25897,1.2573,1.25794,1037.2
2010.07.06 12:45:00,1.25799,1.25875,1.25743,1.25842,1102.6
2010.07.06 13:00:00,1.25853,1.25875,1.2569,1.25742,1048.4
2010.07.06 13:15:00,1.25746,1.2584,1.25701,1.25816,961.4
2010.07.06 13:30:00,1.25836,1.25997,1.25793,1.25862,803.2
2010.07.06 13:45:00,1.25863,1.25898,1.25732,1.25791,1023.2
2010.07.06 14:00:00,1.25788,1.25827,1.25655,1.25732,1118.8
2010.07.06 14:15:00,1.25747,1.2578,1.25667,1.25718,783
2010.07.06 14:30:00,1.25708,1.25813,1.25668,1.25752,841.9
2010.07.06 14:45:00,1.25768,1.25808,1.25703,1.25752,769.1
2010.07.06 15:00:00,1.25736,1.25814,1.25683,1.25776,759.8
2010.07.06 15:15:00,1.2577,1.26013,1.25753,1.25962,884.7
2010.07.06 15:30:00,1.25958,1.25979,1.25779,1.25854,826.5
2010.07.06 15:45:00,1.25848,1.25907,1.25732,1.25863,991
2010.07.06 16:00:00,1.25854,1.25996,1.25799,1.25901,1171.1
2010.07.06 16:15:00,1.25902,1.25973,1.25809,1.25917,914.6
2010.07.06 16:30:00,1.25917,1.25939,1.25633,1.25708,1966.3
2010.07.06 16:45:00,1.25702,1.25815,1.25662,1.25801,1312.2
2010.07.06 17:00:00,1.25804,1.26384,1.25734,1.26342,1501.1
2010.07.06 17:15:00,1.2633,1.26385,1.26141,1.26266,1249.4
2010.07.06 17:30:00,1.26274,1.26416,1.26154,1.26372,1430.3
2010.07.06 17:45:00,1.2638,1.26505,1.26352,1.26477,1206.5
2010.07.06 18:00:00,1.26476,1.26605,1.26335,1.26455,1204.4
2010.07.06 18:15:00,1.26442,1.26515,1.26301,1.26353,1046.4
2010.07.06 18:30:00,1.2636,1.26503,1.26341,1.26461,1035.8
2010.07.06 18:45:00,1.2646,1.26496,1.26398,1.2645,1294.2
2010.07.06 19:00:00,1.26433,1.26625,1.26419,1.26532,1295.6
2010.07.06 19:15:00,1.26535,1.26606,1.26462,1.26541,1077.5
2010.07.06 19:30:00,1.26505,1.26595,1.26432,1.26449,1031.1
2010.07.06 19:45:00,1.2644,1.26486,1.26342,1.26352,999.7
2010.07.06 20:00:00,1.26375,1.26454,1.26355,1.26393,690.8
2010.07.06 20:15:00,1.26413,1.26471,1.26341,1.26461,943.8
2010.07.06 20:30:00,1.26452,1.26477,1.26313,1.26318,746.6
2010.07.06 20:45:00,1.26314,1.26344,1.26213,1.26257,696.9
2010.07.06 21:00:00,1.26257,1.26335,1.26179,1.26231,647.9
2010.07.06 21:15:00,1.26243,1.26306,1.26217,1.26252,634.4
2010.07.06 21:30:00,1.26248,1.26299,1.26193,1.26216,672
2010.07.06 21:45:00,1.26226,1.2625,1.26163,1.26181,483.7
2010.07.06 22:00:00,1.26181,1.26235,1.26153,1.26197,622.3
2010.07.06 22:15:00,1.26218,1.26245,1.26107,1.2616,615.6
2010.07.06 22:30:00,1.26163,1.26204,1.26114,1.26181,685.5
2010.07.06 22:45:00,1.26197,1.26233,1.26132,1.26205,753.6
2010.07.06 23:00:00,1.26182,1.2623,1.26153,1.26191,653.9
2010.07.06 23:15:00,1.26191,1.26264,1.26159,1.26244,940.9
2010.07.06 23:30:00,1.26223,1.26255,1.26183,1.26199,787.9
2010.07.06 23:45:00,1.26222,1.26269,1.26174,1.26228,1110.6
2010.07.07 00:00:00,1.26237,1.26285,1.26175,1.26252,906.2
2010.07.07 00:15:00,1.26245,1.263,1.26204,1.26285,464.1
2010.07.07 00:30:00,1.2628,1.26375,1.26205,1.26251,536
2010.07.07 00:45:00,1.26244,1.26306,1.26197,1.26255,632.4
2010.07.07 01:00:00,1.26249,1.2629,1.26199,1.26233,503.5
2010.07.07 01:15:00,1.26222,1.2626,1.26152,1.26174,431.8
2010.07.07 01:30:00,1.26193,1.26213,1.26129,1.262,455.8
2010.07.07 01:45:00,1.26184,1.26255,1.26177,1.26177,629.8
2010.07.07 02:00:00,1.26179,1.26192,1.26113,1.26164,688.4
2010.07.07 02:15:00,1.26152,1.26185,1.26113,1.26149,535.5
2010.07.07 02:30:00,1.26148,1.26166,1.2611,1.26143,504.7
2010.07.07 02:45:00,1.26156,1.26273,1.26113,1.26222,544.6
2010.07.07 03:00:00,1.26217,1.26241,1.26064,1.26106,459.5
2010.07.07 03:15:00,1.26106,1.2614,1.26008,1.2614,339
2010.07.07 03:30:00,1.26126,1.26161,1.26037,1.26132,461
2010.07.07 03:45:00,1.2612,1.26139,1.25969,1.25969,375.2
2010.07.07 04:00:00,1.25989,1.26036,1.25939,1.25998,375.5
2010.07.07 04:15:00,1.26002,1.26113,1.25974,1.2606,393.1
2010.07.07 04:30:00,1.2608,1.26096,1.25982,1.26056,380.3
2010.07.07 04:45:00,1.26082,1.26122,1.26021,1.26068,373.2
2010.07.07 05:00:00,1.26085,1.26116,1.25984,1.26075,1065
2010.07.07 05:15:00,1.26087,1.26122,1.26022,1.26079,938.7
2010.07.07 05:30:00,1.26075,1.26171,1.26052,1.26098,642.1
2010.07.07 05:45:00,1.261,1.26141,1.26034,1.26068,841.4
2010.07.07 06:00:00,1.26084,1.26125,1.26007,1.26104,890.4
2010.07.07 06:15:00,1.26073,1.26161,1.26019,1.26044,595.8
2010.07.07 06:30:00,1.26054,1.26072,1.2595,1.25996,1110.7
2010.07.07 06:45:00,1.25992,1.26044,1.25842,1.25922,1080.1
2010.07.07 07:00:00,1.25896,1.25947,1.25792,1.25832,1046
2010.07.07 07:15:00,1.25817,1.25854,1.25744,1.25807,912.3
2010.07.07 07:30:00,1.25807,1.25867,1.25748,1.25827,775.8
2010.07.07 07:45:00,1.25853,1.25929,1.2582,1.25839,643.8
2010.07.07 08:00:00,1.25842,1.25955,1.25818,1.25948,869.7
2010.07.07 08:15:00,1.2595,1.26058,1.25914,1.25993,613.6
2010.07.07 08:30:00,1.25974,1.26027,1.25918,1.2595,723
2010.07.07 08:45:00,1.2595,1.25968,1.25801,1.25835,800.4
2010.07.07 09:00:00,1.2584,1.26006,1.25805,1.25945,842.8
2010.07.07 09:15:00,1.25936,1.26031,1.25843,1.25872,952.2
2010.07.07 09:30:00,1.25866,1.2596,1.25804,1.25906,983
2010.07.07 09:45:00,1.25908,1.25953,1.25784,1.25831,737.8
2010.07.07 10:00:00,1.2585,1.25885,1.25702,1.25823,1178.9
2010.07.07 10:15:00,1.25812,1.25846,1.25736,1.25786,930.7
2010.07.07 10:30:00,1.25784,1.25806,1.25671,1.25765,866.2
2010.07.07 10:45:00,1.25784,1.25907,1.25741,1.25832,1067.9
2010.07.07 11:00:00,1.25842,1.25874,1.25754,1.25774,1153.5
2010.07.07 11:15:00,1.25775,1.25823,1.25637,1.25754,1076.7
2010.07.07 11:30:00,1.25726,1.25803,1.25633,1.25733,1080.5
2010.07.07 11:45:00,1.25735,1.25759,1.25563,1.25685,1084.8
2010.07.07 12:00:00,1.25673,1.25787,1.25587,1.25773,1025.5
2010.07.07 12:15:00,1.25768,1.25797,1.25604,1.25672,1052.3
2010.07.07 12:30:00,1.25668,1.25736,1.25591,1.25674,1048.4
2010.07.07 12:45:00,1.25678,1.25804,1.25654,1.25693,1008.9
2010.07.07 13:00:00,1.25704,1.25708,1.25524,1.25644,1147.5
2010.07.07 13:15:00,1.25647,1.25722,1.25592,1.25714,1004.1
2010.07.07 13:30:00,1.25726,1.25794,1.25664,1.25723,769.1
2010.07.07 13:45:00,1.25714,1.25949,1.25692,1.25928,885.5
2010.07.07 14:00:00,1.25923,1.25946,1.25858,1.25906,1075.3
2010.07.07 14:15:00,1.25874,1.26037,1.25868,1.25945,812.5
2010.07.07 14:30:00,1.25938,1.26028,1.25812,1.25922,816.3
2010.07.07 14:45:00,1.25929,1.25946,1.25792,1.25823,752.8
2010.07.07 15:00:00,1.25827,1.2586,1.25632,1.25684,872.1
2010.07.07 15:15:00,1.25672,1.25756,1.25606,1.25724,941.1
2010.07.07 15:30:00,1.25723,1.25845,1.25683,1.25808,771.7
2010.07.07 15:45:00,1.25809,1.2593,1.25781,1.25794,944.6
2010.07.07 16:00:00,1.25796,1.25923,1.25753,1.25863,1026.9
2010.07.07 16:15:00,1.25851,1.25983,1.25812,1.25937,1082.5
2010.07.07 16:30:00,1.25933,1.26104,1.25875,1.26041,1863.9
2010.07.07 16:45:00,1.26039,1.26057,1.25934,1.25991,1234
2010.07.07 17:00:00,1.25988,1.2623,1.25981,1.26173,1395.2
2010.07.07 17:15:00,1.26184,1.26273,1.26105,1.26178,1200.7
2010.07.07 17:30:00,1.26183,1.26343,1.26142,1.26264,1372.9
2010.07.07 17:45:00,1.26272,1.26437,1.26231,1.26312,1055.1
2010.07.07 18:00:00,1.26306,1.26357,1.2619,1.26225,1269.3
2010.07.07 18:15:00,1.26227,1.26302,1.26153,1.26231,1120.3
2010.07.07 18:30:00,1.2623,1.26274,1.26052,1.26066,925.4
2010.07.07 18:45:00,1.26067,1.26067,1.25842,1.25928,1391.6
2010.07.07 19:00:00,1.25922,1.26055,1.25895,1.2601,1105.5
2010.07.07 19:15:00,1.26003,1.26019,1.2585,1.25941,1018.1
2010.07.07 19:30:00,1.25944,1.26088,1.2588,1.26084,988.1
2010.07.07 19:45:00,1.26069,1.26107,1.26022,1.26076,1029.5
2010.07.07 20:00:00,1.26071,1.26253,1.26023,1.26217,711.8
2010.07.07 20:15:00,1.26234,1.26368,1.26203,1.26292,943.1
2010.07.07 20:30:00,1.26286,1.26373,1.26223,1.26341,658.3
2010.07.07 20:45:00,1.26366,1.26486,1.26337,1.26453,864.6
2010.07.07 21:00:00,1.26453,1.26642,1.26434,1.26559,739.4
2010.07.07 21:15:00,1.26561,1.26585,1.26464,1.26511,666.6
2010.07.07 21:30:00,1.26485,1.26529,1.26444,1.26491,636.9
2010.07.07 21:45:00,1.26473,1.26529,1.26435,1.26508,509.3
2010.07.07 22:00:00,1.26512,1.26523,1.26341,1.26432,682.2
2010.07.07 22:15:00,1.26436,1.26464,1.26371,1.26392,634.8
2010.07.07 22:30:00,1.26371,1.26418,1.26343,1.26372,667.6
2010.07.07 22:45:00,1.26383,1.26435,1.2632,1.2641,825.2
2010.07.07 23:00:00,1.2641,1.26464,1.26373,1.26447,802.5
2010.07.07 23:15:00,1.26444,1.26534,1.26409,1.26489,964.2
2010.07.07 23:30:00,1.2649,1.26513,1.26358,1.26424,812.6
2010.07.07 23:45:00,1.2642,1.26443,1.26354,1.26375,1064.2
2010.07.08 00:00:00,1.26366,1.26392,1.26313,1.26341,882.4
2010.07.08 00:15:00,1.26351,1.2637,1.26309,1.26342,600.7
2010.07.08 00:30:00,1.26332,1.26353,1.26279,1.2633,478.9
2010.07.08 00:45:00,1.26332,1.26355,1.26272,1.26312,668.6
2010.07.08 01:00:00,1.26301,1.26364,1.26288,1.26328,490.4
2010.07.08 01:15:00,1.26334,1.26341,1.26255,1.263,403.4
2010.07.08 01:30:00,1.26271,1.26352,1.26268,1.26352,481.7
2010.07.08 01:45:00,1.26336,1.26355,1.26276,1.26331,514.4
2010.07.08 02:00:00,1.26308,1.26335,1.26255,1.2631,723.5
2010.07.08 02:15:00,1.263,1.26326,1.26272,1.26312,490.1
2010.07.08 02:30:00,1.26295,1.26331,1.26242,1.26283,522
2010.07.08 02:45:00,1.26296,1.2631,1.26178,1.26239,558.9
2010.07.08 03:00:00,1.26236,1.26607,1.2623,1.26587,397.4
2010.07.08 03:15:00,1.26569,1.26595,1.2646,1.26475,384.1
2010.07.08 03:30:00,1.26462,1.26672,1.26451,1.2661,385.8
2010.07.08 03:45:00,1.26612,1.26688,1.26475,1.26505,357.8
2010.07.08 04:00:00,1.26498,1.2652,1.26368,1.26485,445.1
2010.07.08 04:15:00,1.26481,1.26525,1.2643,1.26493,370.4
2010.07.08 04:30:00,1.26562,1.26873,1.26536,1.26743,405.1
2010.07.08 04:45:00,1.26735,1.26758,1.26623,1.26678,355.2
2010.07.08 05:00:00,1.26682,1.26773,1.26633,1.26681,1104.8
2010.07.08 05:15:00,1.26676,1.2671,1.26583,1.26606,914.5
2010.07.08 05:30:00,1.26604,1.26659,1.26584,1.26645,676.5
2010.07.08 05:45:00,1.26641,1.26689,1.26596,1.26671,818.4
2010.07.08 06:00:00,1.26672,1.26688,1.26561,1.26617,951.3
2010.07.08 06:15:00,1.26621,1.2663,1.26522,1.26553,705.2
2010.07.08 06:30:00,1.26546,1.26625,1.26533,1.26564,1038.7
2010.07.08 06:45:00,1.26578,1.26579,1.26473,1.26525,1060.4
2010.07.08 07:00:00,1.26515,1.2657,1.26482,1.26552,946.5
2010.07.08 07:15:00,1.26558,1.26568,1.26464,1.26503,824.5
2010.07.08 07:30:00,1.26489,1.26557,1.26465,1.26537,736
2010.07.08 07:45:00,1.26532,1.26558,1.26484,1.26503,634.1
2010.07.08 08:00:00,1.26502,1.2652,1.26433,1.265,776.9
2010.07.08 08:15:00,1.26514,1.26607,1.26493,1.26603,652.9
2010.07.08 08:30:00,1.26594,1.26608,1.26475,1.26522,689.5
2010.07.08 08:45:00,1.26531,1.26579,1.26478,1.26571,849.3
2010.07.08 09:00:00,1.2659,1.26605,1.26503,1.26548,800
2010.07.08 09:15:00,1.26528,1.26678,1.26504,1.26646,880.6
2010.07.08 09:30:00,1.26653,1.26663,1.26503,1.26575,1012.2
2010.07.08 09:45:00,1.26566,1.26626,1.26427,1.2645,801.3
2010.07.08 10:00:00,1.26439,1.26498,1.26342,1.26393,1283.7
2010.07.08 10:15:00,1.26389,1.26437,1.26328,1.26432,964.7
2010.07.08 10:30:00,1.26422,1.26491,1.26382,1.26426,991.6
2010.07.08 10:45:00,1.26422,1.2655,1.2638,1.26486,991.1
2010.07.08 11:00:00,1.26486,1.26611,1.26438,1.26547,1051.2
2010.07.08 11:15:00,1.26564,1.26598,1.26403,1.26503,1135.9
2010.07.08 11:30:00,1.26503,1.26605,1.26452,1.26572,1136.2
2010.07.08 11:45:00,1.26565,1.26656,1.26502,1.26537,1026.2
2010.07.08 12:00:00,1.26551,1.26644,1.26513,1.26547,1069.7
2010.07.08 12:15:00,1.26545,1.26657,1.26532,1.26566,1000.2
2010.07.08 12:30:00,1.26526,1.26604,1.26502,1.26552,929.1
2010.07.08 12:45:00,1.26557,1.26646,1.2651,1.26614,1064.4
2010.07.08 13:00:00,1.26636,1.26656,1.26461,1.26495,1043.4
2010.07.08 13:15:00,1.26474,1.26529,1.26404,1.26468,865.4
2010.07.08 13:30:00,1.26465,1.26504,1.26407,1.26452,747.6
2010.07.08 13:45:00,1.26451,1.26557,1.26422,1.2647,990.7
2010.07.08 14:00:00,1.26489,1.26563,1.26466,1.26534,1034.2
2010.07.08 14:15:00,1.26527,1.26574,1.26481,1.26502,845
2010.07.08 14:30:00,1.26502,1.26524,1.26421,1.26483,867.6
2010.07.08 14:45:00,1.26462,1.26592,1.26445,1.26561,696.4
2010.07.08 15:00:00,1.26557,1.26751,1.26544,1.26573,936.6
2010.07.08 15:15:00,1.2658,1.26654,1.26505,1.26558,848
2010.07.08 15:30:00,1.26591,1.26806,1.26525,1.26747,808.8
2010.07.08 15:45:00,1.26734,1.26873,1.2664,1.26844,1053.7
2010.07.08 16:00:00,1.26845,1.26892,1.26737,1.26819,1182.4
2010.07.08 16:15:00,1.26834,1.26942,1.26776,1.26849,1115.2
2010.07.08 16:30:00,1.26837,1.27023,1.26822,1.26929,1841.2
2010.07.08 16:45:00,1.26942,1.26975,1.26767,1.26859,1201.4
2010.07.08 17:00:00,1.26839,1.26903,1.26672,1.26753,1381.7
2010.07.08 17:15:00,1.26762,1.26878,1.26696,1.26855,1260
2010.07.08 17:30:00,1.26823,1.26867,1.26635,1.26741,1302.8
2010.07.08 17:45:00,1.26742,1.26828,1.26694,1.26817,988.9
2010.07.08 18:00:00,1.26799,1.26826,1.26687,1.26786,1121.7
2010.07.08 18:15:00,1.26769,1.26807,1.2659,1.26599,1160.2
2010.07.08 18:30:00,1.26607,1.26704,1.26554,1.26646,1017.8
2010.07.08 18:45:00,1.26624,1.26647,1.265,1.26583,1373.5
2010.07.08 19:00:00,1.26582,1.26687,1.2653,1.2664,1136.8
2010.07.08 19:15:00,1.26637,1.26666,1.26554,1.26604,1008.8
2010.07.08 19:30:00,1.26597,1.26635,1.26501,1.26536,1025.8
2010.07.08 19:45:00,1.26546,1.26635,1.265,1.26544,1052.5
2010.07.08 20:00:00,1.26534,1.26682,1.2652,1.26638,668.3
2010.07.08 20:15:00,1.26637,1.26798,1.26613,1.26732,1049.8
2010.07.08 20:30:00,1.26732,1.26797,1.26701,1.26745,786
2010.07.08 20:45:00,1.26744,1.26766,1.26653,1.2671,765.4
2010.07.08 21:00:00,1.26716,1.26749,1.26646,1.26695,634.4
2010.07.08 21:15:00,1.26691,1.26708,1.26612,1.2668,628.2
2010.07.08 21:30:00,1.26681,1.26784,1.26643,1.26737,773.2
2010.07.08 21:45:00,1.26721,1.26805,1.26685,1.26781,529.9
2010.07.08 22:00:00,1.26776,1.26797,1.26675,1.26713,601.8
2010.07.08 22:15:00,1.26688,1.26796,1.26688,1.26795,663.1
2010.07.08 22:30:00,1.26808,1.26975,1.26764,1.26965,686.1
2010.07.08 22:45:00,1.26955,1.26977,1.26861,1.26903,704.1
2010.07.08 23:00:00,1.26904,1.27116,1.26891,1.27038,623.3
2010.07.08 23:15:00,1.27042,1.27051,1.26952,1.26987,992.6
2010.07.08 23:30:00,1.26987,1.27022,1.26934,1.26987,770.7
2010.07.08 23:45:00,1.26995,1.27026,1.26912,1.26973,1009.1
2010.07.09 00:00:00,1.26954,1.27006,1.26884,1.26924,876.4
2010.07.09 00:15:00,1.26935,1.26968,1.26901,1.26919,538.3
2010.07.09 00:30:00,1.26903,1.2701,1.269,1.2698,519.5
2010.07.09 00:45:00,1.26983,1.27027,1.26825,1.26936,696.4
2010.07.09 01:00:00,1.26938,1.2697,1.26887,1.26917,515.4
2010.07.09 01:15:00,1.26934,1.26936,1.26863,1.26908,440.5
2010.07.09 01:30:00,1.26893,1.26922,1.26854,1.26891,473.4
2010.07.09 01:45:00,1.26891,1.2694,1.26868,1.269,576.9
2010.07.09 02:00:00,1.26898,1.26929,1.26867,1.26884,727.3
2010.07.09 02:15:00,1.2691,1.26985,1.26874,1.26972,454.6
2010.07.09 02:30:00,1.26973,1.27019,1.26936,1.26955,510.7
2010.07.09 02:45:00,1.26935,1.26962,1.26846,1.2689,576
2010.07.09 03:00:00,1.26884,1.27027,1.2687,1.26942,323.9
2010.07.09 03:15:00,1.26946,1.26962,1.26831,1.26861,341.7
2010.07.09 03:30:00,1.26856,1.26886,1.26755,1.26808,419.4
2010.07.09 03:45:00,1.268,1.26818,1.26724,1.26764,343.4
2010.07.09 04:00:00,1.26764,1.26849,1.26748,1.26788,383.3
2010.07.09 04:15:00,1.26791,1.2685,1.26741,1.26808,355.1
2010.07.09 04:30:00,1.2678,1.26924,1.26778,1.26894,391.9
2010.07.09 04:45:00,1.2691,1.26913,1.26783,1.26814,404
2010.07.09 05:00:00,1.26795,1.26849,1.26771,1.26836,1117.6
2010.07.09 05:15:00,1.26833,1.26889,1.26785,1.26873,916.9
2010.07.09 05:30:00,1.26862,1.26912,1.26818,1.26895,655.9
2010.07.09 05:45:00,1.26906,1.2695,1.26837,1.26917,842.2
2010.07.09 06:00:00,1.26907,1.26946,1.26854,1.26895,934.3
2010.07.09 06:15:00,1.26896,1.26916,1.26832,1.26862,648.6
2010.07.09 06:30:00,1.26846,1.26908,1.268,1.26828,1009.1
2010.07.09 06:45:00,1.26841,1.26883,1.26802,1.26847,957.5
2010.07.09 07:00:00,1.26845,1.26896,1.26824,1.26862,860.1
2010.07.09 07:15:00,1.26866,1.26901,1.26824,1.2685,862.5
2010.07.09 07:30:00,1.26833,1.26874,1.2679,1.26833,760.6
2010.07.09 07:45:00,1.26829,1.26859,1.26792,1.26832,685.9
2010.07.09 08:00:00,1.26842,1.2686,1.26765,1.26801,839.1
2010.07.09 08:15:00,1.26792,1.26864,1.26771,1.26833,737.3
2010.07.09 08:30:00,1.26856,1.26896,1.26785,1.26888,777.4
2010.07.09 08:45:00,1.2688,1.26898,1.26785,1.26805,853.6
2010.07.09 09:00:00,1.26818,1.27054,1.26797,1.27005,962.4
2010.07.09 09:15:00,1.27018,1.2702,1.26914,1.26983,923.6
2010.07.09 09:30:00,1.26975,1.2722,1.26956,1.27186,1031
2010.07.09 09:45:00,1.27189,1.27208,1.27082,1.27143,839.1
2010.07.09 10:00:00,1.2715,1.27203,1.26986,1.27023,1262.9
2010.07.09 10:15:00,1.27033,1.2704,1.26926,1.26972,981.2
2010.07.09 10:30:00,1.26967,1.27032,1.26848,1.26903,1010.8
2010.07.09 10:45:00,1.26904,1.26949,1.26861,1.26918,1068.2
2010.07.09 11:00:00,1.2692,1.27012,1.26883,1.27,1067.7
2010.07.09 11:15:00,1.27011,1.27098,1.26981,1.27012,1168.8
2010.07.09 11:30:00,1.27005,1.27025,1.2689,1.26931,1105.3
2010.07.09 11:45:00,1.26925,1.26949,1.26705,1.26745,1055.2
2010.07.09 12:00:00,1.26742,1.26758,1.26604,1.26687,1011.9
2010.07.09 12:15:00,1.26703,1.26738,1.26593,1.26668,964.7
2010.07.09 12:30:00,1.26672,1.2671,1.26602,1.26685,1054.7
2010.07.09 12:45:00,1.26686,1.26746,1.26651,1.2672,1137.2
2010.07.09 13:00:00,1.26706,1.26812,1.26672,1.26754,1133.6
2010.07.09 13:15:00,1.26768,1.26818,1.26603,1.26628,858.8
2010.07.09 13:30:00,1.26627,1.26707,1.2659,1.26654,835.5
2010.07.09 13:45:00,1.26673,1.26707,1.26604,1.26636,1109.4
2010.07.09 14:00:00,1.26622,1.26839,1.26615,1.26736,1120.3
2010.07.09 14:15:00,1.26721,1.26844,1.26674,1.26724,917.7
2010.07.09 14:30:00,1.26721,1.26747,1.26635,1.26711,847.1
2010.07.09 14:45:00,1.26702,1.26734,1.26544,1.26566,767.7
2010.07.09 15:00:00,1.26557,1.26598,1.26361,1.26407,830.1
2010.07.09 15:15:00,1.26397,1.26416,1.26225,1.26278,986.8
2010.07.09 15:30:00,1.26267,1.26276,1.26106,1.26163,885.9
2010.07.09 15:45:00,1.26167,1.26226,1.26086,1.26201,971.3
2010.07.09 16:00:00,1.26202,1.26296,1.26123,1.26262,1108.6
2010.07.09 16:15:00,1.26262,1.26302,1.26151,1.26257,1047.2
2010.07.09 16:30:00,1.26285,1.26349,1.26102,1.26294,1836.8
2010.07.09 16:45:00,1.2629,1.26331,1.26155,1.26213,1241.8
2010.07.09 17:00:00,1.26202,1.26373,1.26173,1.26333,1615.6
2010.07.09 17:15:00,1.2633,1.26475,1.26288,1.26358,1153.3
2010.07.09 17:30:00,1.264,1.26475,1.2633,1.26393,1376.9
2010.07.09 17:45:00,1.26394,1.26425,1.26263,1.2632,996.9
2010.07.09 18:00:00,1.26323,1.26423,1.26275,1.26314,1365.2
2010.07.09 18:15:00,1.26307,1.26415,1.26261,1.26411,1113
2010.07.09 18:30:00,1.26388,1.26507,1.26359,1.26465,1070.1
2010.07.09 18:45:00,1.26464,1.26484,1.2635,1.26383,1337.9
2010.07.09 19:00:00,1.26373,1.26455,1.26317,1.26429,1183
2010.07.09 19:15:00,1.26413,1.26445,1.26319,1.2636,1011.6
2010.07.09 19:30:00,1.26343,1.26478,1.26314,1.26447,935.8
2010.07.09 19:45:00,1.26446,1.26498,1.26393,1.26441,927.4
2010.07.09 20:00:00,1.26467,1.26475,1.26335,1.26423,750
2010.07.09 20:15:00,1.26415,1.26458,1.26359,1.26392,995.3
2010.07.09 20:30:00,1.26412,1.26427,1.26359,1.26415,765.9
2010.07.09 20:45:00,1.26404,1.26457,1.26364,1.26425,796.7
2010.07.09 21:00:00,1.26411,1.26495,1.26388,1.26419,737
2010.07.09 21:15:00,1.26422,1.26438,1.26368,1.26419,607.5
2010.07.09 21:30:00,1.26395,1.26431,1.26367,1.264,670.7
2010.07.09 21:45:00,1.26391,1.26467,1.26357,1.26442,548.9
2010.07.09 22:00:00,1.2644,1.26479,1.26409,1.26465,700.7
2010.07.09 22:15:00,1.26471,1.26476,1.26353,1.26379,609.7
2010.07.09 22:30:00,1.26369,1.26438,1.26354,1.26418,692.2
2010.07.09 22:45:00,1.26417,1.26439,1.26365,1.26395,655.2
2010.07.09 23:00:00,1.26389,1.26445,1.26364,1.26425,706.5
2010.07.09 23:15:00,1.26421,1.26465,1.26374,1.26411,1017.7
2010.07.09 23:30:00,1.2645,1.26499,1.26407,1.26456,805
2010.07.09 23:45:00,1.26442,1.26493,1.26354,1.26386,1079.3
2010.07.12 00:00:00,1.26364,1.26381,1.26249,1.26293,951.3
2010.07.12 00:15:00,1.26291,1.26342,1.26238,1.26267,572.4
2010.07.12 00:30:00,1.2625,1.26464,1.2625,1.26409,480.7
2010.07.12 00:45:00,1.26409,1.26443,1.26376,1.26404,586.9
2010.07.12 01:00:00,1.26404,1.26481,1.26347,1.26381,499.5
2010.07.12 01:15:00,1.26372,1.26462,1.26357,1.2643,378.9
2010.07.12 01:30:00,1.26441,1.26473,1.26407,1.26463,458.3
2010.07.12 01:45:00,1.26463,1.26476,1.26411,1.26466,591.7
2010.07.12 02:00:00,1.26452,1.26479,1.26357,1.2638,616.1
2010.07.12 02:15:00,1.26379,1.26398,1.26334,1.26381,424.3
2010.07.12 02:30:00,1.26396,1.26407,1.26304,1.26344,570
2010.07.12 02:45:00,1.26331,1.26403,1.2628,1.26383,578.3
2010.07.12 03:00:00,1.26372,1.26452,1.26348,1.26366,354.5
2010.07.12 03:15:00,1.26359,1.26376,1.26296,1.26323,307.3
2010.07.12 03:30:00,1.26307,1.2636,1.26209,1.26255,416.1
2010.07.12 03:45:00,1.26257,1.26258,1.26052,1.26096,342.4
2010.07.12 04:00:00,1.26083,1.26174,1.26077,1.26148,351
2010.07.12 04:15:00,1.26161,1.26169,1.25978,1.26055,407.9
2010.07.12 04:30:00,1.26038,1.2609,1.25897,1.25943,419.5
2010.07.12 04:45:00,1.25925,1.25958,1.25856,1.25902,398.9
2010.07.12 05:00:00,1.25901,1.25963,1.25842,1.25952,1023.7
2010.07.12 05:15:00,1.25977,1.25994,1.25895,1.25952,931.6
2010.07.12 05:30:00,1.2595,1.25968,1.25891,1.25936,688.3
2010.07.12 05:45:00,1.25949,1.25988,1.25915,1.25974,904.6
2010.07.12 06:00:00,1.25948,1.25981,1.25915,1.25943,878.2
2010.07.12 06:15:00,1.25938,1.25982,1.25904,1.2598,680
2010.07.12 06:30:00,1.25947,1.25988,1.25929,1.25973,1065.1
2010.07.12 06:45:00,1.25978,1.25992,1.25932,1.25974,1079.7
2010.07.12 07:00:00,1.25978,1.26085,1.25957,1.26063,902.5
2010.07.12 07:15:00,1.26052,1.26099,1.25993,1.26021,805.7
2010.07.12 07:30:00,1.26001,1.26034,1.25937,1.25963,720.8
2010.07.12 07:45:00,1.25979,1.25998,1.25934,1.25979,650
2010.07.12 08:00:00,1.25988,1.26045,1.25941,1.26045,784
2010.07.12 08:15:00,1.26038,1.26059,1.25902,1.25926,682
2010.07.12 08:30:00,1.25913,1.25986,1.25898,1.25968,787.9
2010.07.12 08:45:00,1.25966,1.26057,1.25913,1.2596,881.6
2010.07.12 09:00:00,1.25966,1.26013,1.25828,1.25838,883.6
2010.07.12 09:15:00,1.25837,1.25876,1.25748,1.25787,870.6
2010.07.12 09:30:00,1.25784,1.25929,1.25741,1.25887,1021.5
2010.07.12 09:45:00,1.25897,1.25953,1.25789,1.25904,742.9
2010.07.12 10:00:00,1.25896,1.26007,1.25814,1.25865,1242.9
2010.07.12 10:15:00,1.25856,1.25877,1.25656,1.25692,1028.9
2010.07.12 10:30:00,1.25704,1.25748,1.25644,1.25711,1044.3
2010.07.12 10:45:00,1.25711,1.25804,1.25663,1.25766,1138.1
2010.07.12 11:00:00,1.25782,1.25798,1.25698,1.25733,1140.3
2010.07.12 11:15:00,1.25735,1.25864,1.25724,1.25811,1123.5
2010.07.12 11:30:00,1.25807,1.25894,1.25762,1.25827,1155.7
2010.07.12 11:45:00,1.25816,1.25829,1.25592,1.2565,1086.6
2010.07.12 12:00:00,1.25643,1.25726,1.25582,1.25705,1049.1
2010.07.12 12:15:00,1.25712,1.25759,1.25594,1.2562,949.2
2010.07.12 12:30:00,1.25622,1.25664,1.25543,1.25591,931.9
2010.07.12 12:45:00,1.25566,1.25703,1.25559,1.25663,1123.2
2010.07.12 13:00:00,1.25675,1.25689,1.25485,1.25545,1128.6
2010.07.12 13:15:00,1.2554,1.25633,1.25504,1.25587,870.7
2010.07.12 13:30:00,1.25578,1.25766,1.25552,1.25742,779.3
2010.07.12 13:45:00,1.25743,1.25775,1.25627,1.25651,1012.8
2010.07.12 14:00:00,1.25641,1.25758,1.25593,1.25724,1067.3
2010.07.12 14:15:00,1.25726,1.25745,1.25618,1.25645,893.8
2010.07.12 14:30:00,1.25641,1.25806,1.25604,1.25791,909.9
2010.07.12 14:45:00,1.25808,1.25829,1.25701,1.25795,746.2
2010.07.12 15:00:00,1.25799,1.25886,1.25731,1.25739,846.2
2010.07.12 15:15:00,1.25722,1.25804,1.25691,1.25721,803.6
2010.07.12 15:30:00,1.25734,1.25748,1.25675,1.25706,878.7
2010.07.12 15:45:00,1.25715,1.25793,1.25642,1.2572,1011.5
2010.07.12 16:00:00,1.25715,1.25806,1.2568,1.25763,1114.9
2010.07.12 16:15:00,1.25748,1.25767,1.25583,1.25635,1069
2010.07.12 16:30:00,1.25621,1.25726,1.25551,1.25684,1775
2010.07.12 16:45:00,1.25682,1.25749,1.25643,1.25739,1292.9
2010.07.12 17:00:00,1.25744,1.25871,1.25729,1.25804,1461.6
2010.07.12 17:15:00,1.258,1.25883,1.25769,1.25793,1200.8
2010.07.12 17:30:00,1.25782,1.25867,1.25747,1.25821,1490.3
2010.07.12 17:45:00,1.25818,1.25869,1.25769,1.25848,1136.9
2010.07.12 18:00:00,1.2585,1.25863,1.25692,1.25783,1195.6
2010.07.12 18:15:00,1.25779,1.25835,1.25665,1.2569,1134.7
2010.07.12 18:30:00,1.25686,1.25726,1.2559,1.25643,1041.5
2010.07.12 18:45:00,1.25654,1.2574,1.25611,1.25713,1346.9
2010.07.12 19:00:00,1.25706,1.25796,1.2568,1.25761,1158.3
2010.07.12 19:15:00,1.25765,1.25796,1.25682,1.25723,1110.9
2010.07.12 19:30:00,1.25712,1.25896,1.25678,1.25872,1019.3
2010.07.12 19:45:00,1.25871,1.25906,1.2582,1.2589,956.2
2010.07.12 20:00:00,1.25889,1.25906,1.25802,1.25849,781
2010.07.12 20:15:00,1.25855,1.2598,1.25821,1.25949,1061.5
2010.07.12 20:30:00,1.25965,1.2599,1.25892,1.25921,738.3
2010.07.12 20:45:00,1.25939,1.25951,1.25856,1.25926,697.7
2010.07.12 21:00:00,1.25923,1.25939,1.25859,1.2591,677.8
2010.07.12 21:15:00,1.25922,1.25931,1.25832,1.25887,638.4
2010.07.12 21:30:00,1.25883,1.25916,1.25833,1.2587,684.8
2010.07.12 21:45:00,1.25883,1.25976,1.25837,1.25961,549.9
2010.07.12 22:00:00,1.25939,1.25967,1.25889,1.2594,574.8
2010.07.12 22:15:00,1.25946,1.25969,1.25884,1.25901,656.9
2010.07.12 22:30:00,1.25896,1.25924,1.25854,1.25893,606.6
2010.07.12 22:45:00,1.25906,1.25928,1.25867,1.25912,770.8
2010.07.12 23:00:00,1.259,1.25988,1.25873,1.25974,678.7
2010.07.12 23:15:00,1.25961,1.2598,1.25913,1.25956,906.9
2010.07.12 23:30:00,1.25968,1.25977,1.25912,1.25963,794.8
2010.07.12 23:45:00,1.25953,1.25994,1.25911,1.25962,987.2
2010.07.13 00:00:00,1.25952,1.25968,1.25862,1.25892,884.8
2010.07.13 00:15:00,1.25894,1.25929,1.25862,1.25891,555
2010.07.13 00:30:00,1.25882,1.259,1.25841,1.25866,430.6
2010.07.13 00:45:00,1.25856,1.25917,1.25852,1.25898,587.5
2010.07.13 01:00:00,1.25886,1.25926,1.25858,1.25885,499.6
2010.07.13 01:15:00,1.25891,1.25912,1.25853,1.25879,418.8
2010.07.13 01:30:00,1.2589,1.25924,1.25868,1.25869,497.2
2010.07.13 01:45:00,1.25864,1.25904,1.25845,1.25879,596.1
2010.07.13 02:00:00,1.25871,1.25897,1.25832,1.25877,684.7
2010.07.13 02:15:00,1.25873,1.25938,1.25851,1.25922,546.2
2010.07.13 02:30:00,1.25919,1.2597,1.2591,1.25955,492.9
2010.07.13 02:45:00,1.25941,1.26069,1.25936,1.26023,541.6
2010.07.13 03:00:00,1.26029,1.26127,1.26004,1.26057,346.9
2010.07.13 03:15:00,1.26056,1.26133,1.26035,1.26104,430.7
2010.07.13 03:30:00,1.26099,1.26105,1.26037,1.26071,416.3
2010.07.13 03:45:00,1.26065,1.26091,1.2603,1.26075,334.6
2010.07.13 04:00:00,1.26056,1.26116,1.26026,1.26097,458.1
2010.07.13 04:15:00,1.26116,1.26129,1.26068,1.26089,387.5
2010.07.13 04:30:00,1.26085,1.2611,1.25987,1.25987,474.9
2010.07.13 04:45:00,1.25998,1.26044,1.2595,1.26021,414.1
2010.07.13 05:00:00,1.26005,1.26038,1.25903,1.25957,1206.5
2010.07.13 05:15:00,1.25959,1.26003,1.25903,1.25968,961.2
2010.07.13 05:30:00,1.25978,1.25986,1.25906,1.25952,720.8
2010.07.13 05:45:00,1.25941,1.25969,1.25905,1.2595,839.6
2010.07.13 06:00:00,1.25917,1.25958,1.25868,1.25915,966.2
2010.07.13 06:15:00,1.25884,1.25928,1.25846,1.25894,700.4
2010.07.13 06:30:00,1.25898,1.2591,1.25835,1.25877,1101.5
2010.07.13 06:45:00,1.25876,1.25917,1.25835,1.25904,1068.1
2010.07.13 07:00:00,1.25904,1.25954,1.25851,1.25932,983.8
2010.07.13 07:15:00,1.25936,1.25977,1.2588,1.25932,823.1
2010.07.13 07:30:00,1.25932,1.25945,1.25875,1.25921,870.3
2010.07.13 07:45:00,1.25939,1.25949,1.25885,1.25935,683.1
2010.07.13 08:00:00,1.25924,1.25966,1.25885,1.25886,769.5
2010.07.13 08:15:00,1.25903,1.25961,1.25886,1.25935,768.7
2010.07.13 08:30:00,1.25911,1.2597,1.25879,1.25908,748.9
2010.07.13 08:45:00,1.25902,1.25967,1.25847,1.25886,786.3
2010.07.13 09:00:00,1.25882,1.25888,1.25603,1.25627,847.4
2010.07.13 09:15:00,1.25627,1.25676,1.25446,1.25502,976
2010.07.13 09:30:00,1.25504,1.25564,1.25426,1.25541,1031.6
2010.07.13 09:45:00,1.25558,1.25608,1.25471,1.25507,832.6
2010.07.13 10:00:00,1.25538,1.25598,1.25405,1.25537,1272.4
2010.07.13 10:15:00,1.25552,1.25686,1.25231,1.25421,1014.4
2010.07.13 10:30:00,1.25414,1.25502,1.25263,1.25414,948.3
2010.07.13 10:45:00,1.25419,1.25472,1.25224,1.25334,1042.8
2010.07.13 11:00:00,1.2533,1.25376,1.25228,1.25289,1069.4
2010.07.13 11:15:00,1.25299,1.25398,1.25247,1.25374,1147.5
2010.07.13 11:30:00,1.25364,1.25449,1.25302,1.25433,1127.5
2010.07.13 11:45:00,1.25423,1.25517,1.25391,1.2543,1030.7
2010.07.13 12:00:00,1.25421,1.25524,1.25329,1.25433,1083.2
2010.07.13 12:15:00,1.25414,1.25683,1.25402,1.25646,953.4
2010.07.13 12:30:00,1.25657,1.25774,1.25608,1.25732,984.6
2010.07.13 12:45:00,1.25735,1.25921,1.25697,1.25899,1091.9
2010.07.13 13:00:00,1.25902,1.25955,1.25798,1.25846,1102.3
2010.07.13 13:15:00,1.25837,1.25863,1.25786,1.258,1115.7
2010.07.13 13:30:00,1.25844,1.25854,1.25724,1.25824,761
2010.07.13 13:45:00,1.25813,1.25865,1.25707,1.25718,1012.5
2010.07.13 14:00:00,1.25738,1.25806,1.25692,1.25764,1114.5
2010.07.13 14:15:00,1.25759,1.25865,1.25736,1.25805,888.8
2010.07.13 14:30:00,1.25812,1.25876,1.25745,1.25776,738.7
2010.07.13 14:45:00,1.25778,1.25845,1.25692,1.25763,697
2010.07.13 15:00:00,1.25768,1.25808,1.25657,1.25697,811.2
2010.07.13 15:15:00,1.257,1.25809,1.25641,1.25655,856.6
2010.07.13 15:30:00,1.25646,1.25895,1.25623,1.25883,920.5
2010.07.13 15:45:00,1.25889,1.26217,1.25844,1.26116,983.8
2010.07.13 16:00:00,1.26113,1.26347,1.261,1.26302,1040.5
2010.07.13 16:15:00,1.26288,1.26327,1.26226,1.26297,1094.3
2010.07.13 16:30:00,1.26294,1.26434,1.26241,1.26366,1761.5
2010.07.13 16:45:00,1.26372,1.26465,1.26272,1.26429,1136.4
2010.07.13 17:00:00,1.26448,1.26678,1.26409,1.26653,1480.6
2010.07.13 17:15:00,1.2666,1.26747,1.2659,1.2668,1046.9
2010.07.13 17:30:00,1.26683,1.26695,1.26552,1.26612,1426.5
2010.07.13 17:45:00,1.26613,1.26745,1.26582,1.26697,1081.9
2010.07.13 18:00:00,1.26691,1.27013,1.26652,1.26944,1299.7
2010.07.13 18:15:00,1.26931,1.26977,1.26785,1.26932,1077.2
2010.07.13 18:30:00,1.26924,1.27378,1.26896,1.27251,1083.1
2010.07.13 18:45:00,1.27257,1.27305,1.27105,1.27177,1383.7
2010.07.13 19:00:00,1.27173,1.27379,1.27144,1.27341,1224
2010.07.13 19:15:00,1.27345,1.27349,1.27181,1.27278,1146.3
2010.07.13 19:30:00,1.27281,1.2732,1.27141,1.27166,1002.8
2010.07.13 19:45:00,1.27161,1.27207,1.27043,1.2707,1099.1
2010.07.13 20:00:00,1.27057,1.27125,1.27006,1.27059,671.4
2010.07.13 20:15:00,1.27052,1.27093,1.26966,1.27031,1040.1
2010.07.13 20:30:00,1.27005,1.27126,1.27,1.27119,672.4
2010.07.13 20:45:00,1.27111,1.27181,1.27023,1.27073,854.8
2010.07.13 21:00:00,1.27059,1.2712,1.27033,1.27118,699.9
2010.07.13 21:15:00,1.27124,1.27129,1.269,1.2693,596.7
2010.07.13 21:30:00,1.2693,1.27053,1.26893,1.27028,655.9
2010.07.13 21:45:00,1.27011,1.27038,1.26948,1.26999,545.4
2010.07.13 22:00:00,1.26983,1.27145,1.26971,1.27125,648.9
2010.07.13 22:15:00,1.27116,1.27178,1.27096,1.27175,664.9
2010.07.13 22:30:00,1.27151,1.2723,1.27115,1.27169,661.4
2010.07.13 22:45:00,1.27152,1.27185,1.27063,1.27147,799.4
2010.07.13 23:00:00,1.27155,1.27186,1.27101,1.27165,665.7
2010.07.13 23:15:00,1.27163,1.27236,1.2713,1.27226,947.6
2010.07.13 23:30:00,1.27218,1.2738,1.27197,1.27334,782.1
2010.07.13 23:45:00,1.27349,1.27367,1.27183,1.27243,965.8
2010.07.14 00:00:00,1.27241,1.27296,1.27188,1.27273,896.9
2010.07.14 00:15:00,1.2728,1.27331,1.27234,1.27252,490.1
2010.07.14 00:30:00,1.27238,1.27287,1.27226,1.27245,482.4
2010.07.14 00:45:00,1.27252,1.27289,1.2721,1.27269,735.1
2010.07.14 01:00:00,1.27272,1.27293,1.27212,1.27236,508.5
2010.07.14 01:15:00,1.27244,1.27254,1.27189,1.27214,445
2010.07.14 01:30:00,1.27199,1.27241,1.27174,1.27204,483
2010.07.14 01:45:00,1.27205,1.27213,1.27166,1.27195,536.5
2010.07.14 02:00:00,1.27182,1.2721,1.27075,1.27123,614.1
2010.07.14 02:15:00,1.27138,1.27197,1.27116,1.27177,466.2
2010.07.14 02:30:00,1.27184,1.27259,1.27149,1.27227,540
2010.07.14 02:45:00,1.27216,1.27232,1.27162,1.27189,504.8
2010.07.14 03:00:00,1.27182,1.27205,1.2706,1.27126,361.9
2010.07.14 03:15:00,1.27136,1.27159,1.27087,1.27123,340.9
2010.07.14 03:30:00,1.27146,1.2715,1.27022,1.2706,377.1
2010.07.14 03:45:00,1.2705,1.271,1.26979,1.27074,424.3
2010.07.14 04:00:00,1.271,1.27166,1.27073,1.27113,458.8
2010.07.14 04:15:00,1.27099,1.27161,1.27072,1.27115,347.3
2010.07.14 04:30:00,1.2714,1.27204,1.27101,1.27179,397.9
2010.07.14 04:45:00,1.27188,1.27195,1.2707,1.271,362.7
2010.07.14 05:00:00,1.27095,1.27133,1.27064,1.27127,1024.1
2010.07.14 05:15:00,1.27112,1.27169,1.27067,1.27133,919.7
2010.07.14 05:30:00,1.27144,1.2718,1.27104,1.2718,696.5
2010.07.14 05:45:00,1.27179,1.2726,1.27133,1.27251,911.7
2010.07.14 06:00:00,1.27229,1.27343,1.27169,1.27187,918
2010.07.14 06:15:00,1.27187,1.2722,1.27133,1.27182,630.2
2010.07.14 06:30:00,1.2717,1.27184,1.27092,1.27145,1201.2
2010.07.14 06:45:00,1.27146,1.27209,1.27121,1.27161,1028.6
2010.07.14 07:00:00,1.27176,1.27207,1.27112,1.27184,906.8
2010.07.14 07:15:00,1.27181,1.27226,1.27145,1.27174,870.5
2010.07.14 07:30:00,1.27161,1.27237,1.27133,1.27163,737.9
2010.07.14 07:45:00,1.27163,1.27191,1.27048,1.27108,639.9
2010.07.14 08:00:00,1.27102,1.27117,1.27015,1.2706,815.8
2010.07.14 08:15:00,1.27035,1.2713,1.27028,1.27094,643.1
2010.07.14 08:30:00,1.27091,1.27165,1.27062,1.27118,747.8
2010.07.14 08:45:00,1.27135,1.27164,1.27024,1.27047,800.4
2010.07.14 09:00:00,1.27054,1.27163,1.26995,1.27145,873.3
2010.07.14 09:15:00,1.27148,1.27266,1.27078,1.2716,1002.8
2010.07.14 09:30:00,1.27167,1.27197,1.27013,1.27028,918.9
2010.07.14 09:45:00,1.2703,1.27085,1.26943,1.26993,762.9
2010.07.14 10:00:00,1.27007,1.27078,1.26895,1.26945,1238.6
2010.07.14 10:15:00,1.26934,1.27124,1.26889,1.27095,1033.6
2010.07.14 10:30:00,1.27098,1.27267,1.27082,1.2719,941.2
2010.07.14 10:45:00,1.27191,1.27217,1.27104,1.27157,1191
2010.07.14 11:00:00,1.27158,1.27287,1.27086,1.27254,1020.2
2010.07.14 11:15:00,1.27255,1.27366,1.27178,1.27319,1187.7
2010.07.14 11:30:00,1.27309,1.27354,1.27172,1.27233,1123.3
2010.07.14 11:45:00,1.27232,1.27249,1.27105,1.27189,1050.4
2010.07.14 12:00:00,1.27192,1.27208,1.27033,1.27132,1009.1
2010.07.14 12:15:00,1.27111,1.27156,1.27006,1.2704,960.7
2010.07.14 12:30:00,1.27041,1.27138,1.27004,1.27064,1070
2010.07.14 12:45:00,1.27077,1.2711,1.2703,1.27048,1052.4
2010.07.14 13:00:00,1.27034,1.27129,1.27003,1.27112,1108.9
2010.07.14 13:15:00,1.27118,1.27217,1.27062,1.27164,976.5
2010.07.14 13:30:00,1.27165,1.27267,1.27119,1.27197,752.6
2010.07.14 13:45:00,1.27202,1.27237,1.27051,1.27162,1094.4
2010.07.14 14:00:00,1.27161,1.27186,1.26978,1.27032,1039.1
2010.07.14 14:15:00,1.27031,1.27079,1.26953,1.27055,835.1
2010.07.14 14:30:00,1.27048,1.27126,1.26951,1.26983,824.1
2010.07.14 14:45:00,1.26973,1.27101,1.26951,1.27023,736.5
2010.07.14 15:00:00,1.27023,1.27105,1.26947,1.27046,814.3
2010.07.14 15:15:00,1.27039,1.27065,1.26935,1.27024,885.2
2010.07.14 15:30:00,1.27033,1.27205,1.27006,1.271,800.9
2010.07.14 15:45:00,1.27095,1.2729,1.27085,1.27126,1113.9
2010.07.14 16:00:00,1.27129,1.27144,1.26817,1.27033,1119.5
2010.07.14 16:15:00,1.27036,1.27125,1.26956,1.26988,1073.6
2010.07.14 16:30:00,1.26993,1.27107,1.26954,1.27015,1727.8
2010.07.14 16:45:00,1.27004,1.27165,1.26982,1.27079,1147.6
2010.07.14 17:00:00,1.27094,1.27148,1.26989,1.27094,1371.4
2010.07.14 17:15:00,1.27092,1.27176,1.27031,1.27077,1182
2010.07.14 17:30:00,1.2708,1.27166,1.27003,1.27152,1364.3
2010.07.14 17:45:00,1.27153,1.27315,1.27104,1.27306,1196
2010.07.14 18:00:00,1.27294,1.27626,1.27231,1.2762,1169.7
2010.07.14 18:15:00,1.27624,1.27724,1.2754,1.27574,1124.4
2010.07.14 18:30:00,1.27565,1.27754,1.27541,1.27734,1037.1
2010.07.14 18:45:00,1.27723,1.27786,1.2751,1.27533,1283.1
2010.07.14 19:00:00,1.27536,1.27652,1.27492,1.2763,1169.5
2010.07.14 19:15:00,1.27633,1.27705,1.2758,1.27682,1055.6
2010.07.14 19:30:00,1.27679,1.27698,1.27583,1.27662,997
2010.07.14 19:45:00,1.27659,1.27676,1.27491,1.2755,927.3
2010.07.14 20:00:00,1.2755,1.27628,1.27523,1.2761,668.2
2010.07.14 20:15:00,1.27605,1.27648,1.27485,1.2752,961.6
2010.07.14 20:30:00,1.27519,1.27588,1.27503,1.27575,690
2010.07.14 20:45:00,1.27589,1.27628,1.27444,1.27505,766.1
2010.07.14 21:00:00,1.27493,1.27514,1.27253,1.27459,684.1
2010.07.14 21:15:00,1.27452,1.27459,1.27271,1.2737,705.6
2010.07.14 21:30:00,1.27363,1.27411,1.27315,1.27377,679.7
2010.07.14 21:45:00,1.27364,1.27389,1.27252,1.27309,547.3
2010.07.14 22:00:00,1.27299,1.27368,1.27274,1.27345,650.4
2010.07.14 22:15:00,1.27336,1.27477,1.27316,1.27418,632.3
2010.07.14 22:30:00,1.27403,1.27423,1.27276,1.27298,688.7
2010.07.14 22:45:00,1.27303,1.27407,1.27262,1.27369,667.9
2010.07.14 23:00:00,1.2737,1.2741,1.27334,1.27375,768.1
2010.07.14 23:15:00,1.27382,1.27389,1.2731,1.27354,929.6
2010.07.14 23:30:00,1.27343,1.27397,1.27321,1.27368,802.4
2010.07.14 23:45:00,1.27362,1.27452,1.27329,1.27425,1087
2010.07.15 00:00:00,1.27421,1.27457,1.27337,1.2739,953.4
2010.07.15 00:15:00,1.27394,1.27438,1.27373,1.27417,570.2
2010.07.15 00:30:00,1.27447,1.27447,1.27348,1.27395,560.9
2010.07.15 00:45:00,1.27381,1.27447,1.27351,1.27438,633.4
2010.07.15 01:00:00,1.27415,1.27445,1.27365,1.27422,497.2
2010.07.15 01:15:00,1.27417,1.27439,1.27385,1.27429,425.8
2010.07.15 01:30:00,1.27426,1.27461,1.27377,1.27401,406
2010.07.15 01:45:00,1.27411,1.27422,1.27367,1.27387,554.3
2010.07.15 02:00:00,1.2739,1.27421,1.27342,1.27369,671.8
2010.07.15 02:15:00,1.27384,1.27419,1.27346,1.2739,539.9
2010.07.15 02:30:00,1.27389,1.27419,1.27361,1.27393,508.3
2010.07.15 02:45:00,1.27382,1.27408,1.27327,1.27338,593.3
2010.07.15 03:00:00,1.27319,1.27331,1.27203,1.27203,364.1
2010.07.15 03:15:00,1.27238,1.27308,1.27217,1.27244,327.9
2010.07.15 03:30:00,1.27239,1.27273,1.27178,1.27234,467.4
2010.07.15 03:45:00,1.27208,1.27243,1.27073,1.27122,347.7
2010.07.15 04:00:00,1.27134,1.27209,1.2711,1.2716,368.9
2010.07.15 04:15:00,1.27132,1.27243,1.27131,1.27176,334.1
2010.07.15 04:30:00,1.2721,1.27229,1.27152,1.27174,392.3
2010.07.15 04:45:00,1.27165,1.27263,1.27153,1.27244,426.9
2010.07.15 05:00:00,1.27215,1.27547,1.27168,1.27531,1085.1
2010.07.15 05:15:00,1.27566,1.27646,1.27504,1.27537,923.9
2010.07.15 05:30:00,1.27526,1.27597,1.27447,1.27544,663.5
2010.07.15 05:45:00,1.27551,1.27577,1.27488,1.27526,803.5
2010.07.15 06:00:00,1.27534,1.2754,1.27413,1.27455,950.7
2010.07.15 06:15:00,1.27446,1.27544,1.27413,1.27495,662.5
2010.07.15 06:30:00,1.27504,1.27548,1.27434,1.27515,1049.3
2010.07.15 06:45:00,1.27513,1.27547,1.27463,1.27526,1022.3
2010.07.15 07:00:00,1.27536,1.27548,1.27364,1.2741,883
2010.07.15 07:15:00,1.27391,1.27434,1.27344,1.27391,825.7
2010.07.15 07:30:00,1.27403,1.27448,1.27358,1.27402,697.3
2010.07.15 07:45:00,1.27393,1.27436,1.27349,1.27425,675.7
2010.07.15 08:00:00,1.27427,1.27486,1.27367,1.2742,848.2
2010.07.15 08:15:00,1.27405,1.27523,1.27371,1.27491,637.1
2010.07.15 08:30:00,1.27495,1.27549,1.27452,1.27503,724
2010.07.15 08:45:00,1.27484,1.27526,1.27355,1.27405,954.8
2010.07.15 09:00:00,1.27411,1.27437,1.27294,1.27348,868.1
2010.07.15 09:15:00,1.27354,1.27359,1.27208,1.27319,862.7
2010.07.15 09:30:00,1.27333,1.27347,1.27155,1.27204,1015.7
2010.07.15 09:45:00,1.27209,1.27357,1.27183,1.27334,791.9
2010.07.15 10:00:00,1.27336,1.27395,1.27202,1.27209,1268.9
2010.07.15 10:15:00,1.27198,1.27345,1.27173,1.27264,1071.3
2010.07.15 10:30:00,1.27253,1.27326,1.27173,1.27302,1000.2
2010.07.15 10:45:00,1.27326,1.27455,1.27232,1.27394,1101.2
2010.07.15 11:00:00,1.27389,1.27503,1.27338,1.27461,1054.4
2010.07.15 11:15:00,1.27472,1.27755,1.27453,1.27687,1100.9
2010.07.15 11:30:00,1.27692,1.27852,1.27644,1.27745,1260.3
2010.07.15 11:45:00,1.2777,1.27985,1.27753,1.27882,1069.3
2010.07.15 12:00:00,1.27875,1.28039,1.27818,1.27936,959.2
2010.07.15 12:15:00,1.27937,1.28008,1.27834,1.27867,1078.5
2010.07.15 12:30:00,1.27864,1.27907,1.27713,1.2776,942.4
2010.07.15 12:45:00,1.27762,1.27931,1.27731,1.27922,1020.9
2010.07.15 13:00:00,1.27927,1.27947,1.27795,1.27895,1009.5
2010.07.15 13:15:00,1.27889,1.28206,1.27845,1.28145,899.3
2010.07.15 13:30:00,1.28142,1.28349,1.28131,1.28224,737.9
2010.07.15 13:45:00,1.28236,1.28304,1.28136,1.28138,975.3
2010.07.15 14:00:00,1.28141,1.28187,1.28091,1.28124,1043.1
2010.07.15 14:15:00,1.28129,1.28257,1.28078,1.28215,850.5
2010.07.15 14:30:00,1.28225,1.2823,1.28083,1.28141,952.9
2010.07.15 14:45:00,1.28137,1.28168,1.28083,1.28146,730.3
2010.07.15 15:00:00,1.28146,1.28296,1.28121,1.28267,788.3
2010.07.15 15:15:00,1.2826,1.28486,1.28202,1.28445,959.9
2010.07.15 15:30:00,1.28459,1.28556,1.28339,1.28518,858.1
2010.07.15 15:45:00,1.28524,1.28648,1.28425,1.28591,1062.6
2010.07.15 16:00:00,1.28568,1.28772,1.28527,1.28711,1159.2
2010.07.15 16:15:00,1.28722,1.28799,1.2859,1.28635,963.9
2010.07.15 16:30:00,1.28635,1.28797,1.28584,1.28737,1659.9
2010.07.15 16:45:00,1.28742,1.28919,1.28681,1.28825,1219.1
2010.07.15 17:00:00,1.2881,1.28933,1.28523,1.2871,1395.6
2010.07.15 17:15:00,1.2871,1.28829,1.2861,1.28781,1365.3
2010.07.15 17:30:00,1.28754,1.28865,1.28623,1.28808,1279.8
2010.07.15 17:45:00,1.28839,1.28967,1.28777,1.28922,1077.1
2010.07.15 18:00:00,1.28932,1.29127,1.28882,1.29072,1269.8
2010.07.15 18:15:00,1.29055,1.29177,1.29028,1.29112,1145.5
2010.07.15 18:30:00,1.29118,1.29168,1.29004,1.29043,1090.8
2010.07.15 18:45:00,1.29046,1.29053,1.28862,1.28913,1280.8
2010.07.15 19:00:00,1.28913,1.28939,1.28754,1.28821,1201.4
2010.07.15 19:15:00,1.28825,1.28839,1.28672,1.28723,1014.9
2010.07.15 19:30:00,1.28708,1.28768,1.28661,1.28731,1032.9
2010.07.15 19:45:00,1.28724,1.28788,1.28682,1.28785,966.1
2010.07.15 20:00:00,1.28806,1.29039,1.28766,1.28941,706.3
2010.07.15 20:15:00,1.28952,1.29064,1.28913,1.28985,979
2010.07.15 20:30:00,1.28991,1.29027,1.28864,1.28915,735.2
2010.07.15 20:45:00,1.28903,1.29002,1.2887,1.28918,749.1
2010.07.15 21:00:00,1.28913,1.28982,1.2885,1.2889,636.9
2010.07.15 21:15:00,1.28896,1.29013,1.28852,1.28988,581.8
2010.07.15 21:30:00,1.28987,1.29094,1.28967,1.29079,602.3
2010.07.15 21:45:00,1.29099,1.29132,1.28927,1.28951,515.9
2010.07.15 22:00:00,1.28944,1.2903,1.28915,1.28943,638.9
2010.07.15 22:15:00,1.28934,1.29085,1.28895,1.2907,686
2010.07.15 22:30:00,1.29056,1.29172,1.29032,1.29147,628.2
2010.07.15 22:45:00,1.29156,1.29439,1.2911,1.29307,696.8
2010.07.15 23:00:00,1.29342,1.29438,1.29232,1.29391,725.7
2010.07.15 23:15:00,1.29393,1.29552,1.29314,1.29406,944.3
2010.07.15 23:30:00,1.29417,1.29502,1.29383,1.29415,801.2
2010.07.15 23:45:00,1.29413,1.29507,1.29344,1.29493,1076.8
2010.07.16 00:00:00,1.29487,1.29506,1.2934,1.29374,939.9
2010.07.16 00:15:00,1.29366,1.29397,1.29306,1.29332,587.4
2010.07.16 00:30:00,1.29325,1.29359,1.29302,1.29339,471.8
2010.07.16 00:45:00,1.29333,1.29375,1.29263,1.29302,683.8
2010.07.16 01:00:00,1.2931,1.29373,1.29249,1.29319,519.2
2010.07.16 01:15:00,1.29339,1.29367,1.29215,1.29233,444.7
2010.07.16 01:30:00,1.29243,1.29271,1.2922,1.29244,518
2010.07.16 01:45:00,1.29251,1.29297,1.29201,1.29233,604.9
2010.07.16 02:00:00,1.29218,1.29236,1.29141,1.29189,635.5
2010.07.16 02:15:00,1.29199,1.2926,1.29152,1.29202,430.6
2010.07.16 02:30:00,1.29209,1.29238,1.29168,1.29203,576.6
2010.07.16 02:45:00,1.29208,1.29258,1.29156,1.29185,592.2
2010.07.16 03:00:00,1.2918,1.29198,1.29113,1.29113,357.8
2010.07.16 03:15:00,1.29151,1.29211,1.29095,1.29185,355
2010.07.16 03:30:00,1.29184,1.29258,1.29128,1.29155,404
2010.07.16 03:45:00,1.29148,1.29209,1.29101,1.2912,394
2010.07.16 04:00:00,1.29101,1.29161,1.2906,1.29088,438.1
2010.07.16 04:15:00,1.29111,1.29183,1.29076,1.29141,335.3
2010.07.16 04:30:00,1.29133,1.29161,1.29089,1.29124,370.3
2010.07.16 04:45:00,1.29137,1.29219,1.29096,1.29195,374.9
2010.07.16 05:00:00,1.29212,1.29228,1.29141,1.29198,1184
2010.07.16 05:15:00,1.292,1.29209,1.29131,1.29166,957.8
2010.07.16 05:30:00,1.29176,1.29183,1.29065,1.2908,718.2
2010.07.16 05:45:00,1.2908,1.29145,1.29044,1.29112,815.1
2010.07.16 06:00:00,1.29108,1.29176,1.29072,1.29125,849.6
2010.07.16 06:15:00,1.29118,1.29165,1.29082,1.2912,620
2010.07.16 06:30:00,1.29106,1.29128,1.29005,1.29052,1014.5
2010.07.16 06:45:00,1.29071,1.29164,1.29015,1.29136,1072.5
2010.07.16 07:00:00,1.29153,1.2926,1.29089,1.29214,861.9
2010.07.16 07:15:00,1.29219,1.29298,1.29187,1.29244,744.2
2010.07.16 07:30:00,1.29241,1.29248,1.29147,1.29215,633.4
2010.07.16 07:45:00,1.29201,1.29239,1.29137,1.29159,611.7
2010.07.16 08:00:00,1.29127,1.29169,1.29054,1.29119,756.7
2010.07.16 08:15:00,1.29112,1.29185,1.29058,1.29155,644.9
2010.07.16 08:30:00,1.29163,1.29236,1.29139,1.29169,819.2
2010.07.16 08:45:00,1.29185,1.29201,1.29012,1.29047,790.3
2010.07.16 09:00:00,1.29029,1.291,1.28908,1.29034,949.7
2010.07.16 09:15:00,1.29051,1.29113,1.28878,1.29023,899.4
2010.07.16 09:30:00,1.28996,1.29155,1.28967,1.29065,936.3
2010.07.16 09:45:00,1.29085,1.29117,1.28905,1.28936,899.7
2010.07.16 10:00:00,1.28941,1.29286,1.28941,1.29263,1350.3
2010.07.16 10:15:00,1.29267,1.29465,1.29196,1.29397,1042.1
2010.07.16 10:30:00,1.2939,1.29489,1.29303,1.29374,955.8
2010.07.16 10:45:00,1.29382,1.2944,1.29342,1.29422,1030
2010.07.16 11:00:00,1.29397,1.29436,1.29311,1.29402,1091.5
2010.07.16 11:15:00,1.29393,1.29416,1.29202,1.29271,1191.1
2010.07.16 11:30:00,1.2927,1.29408,1.29195,1.29395,1100.5
2010.07.16 11:45:00,1.29383,1.29566,1.29367,1.29453,1043.3
2010.07.16 12:00:00,1.2946,1.29799,1.29355,1.29755,1145.3
2010.07.16 12:15:00,1.29742,1.29804,1.29644,1.29776,991.1
2010.07.16 12:30:00,1.29769,1.29826,1.29663,1.29718,1118.2
2010.07.16 12:45:00,1.2972,1.29869,1.29675,1.29814,1119.9
2010.07.16 13:00:00,1.29783,1.29811,1.29572,1.29629,1086.8
2010.07.16 13:15:00,1.29632,1.29734,1.29567,1.29688,904.7
2010.07.16 13:30:00,1.29675,1.29799,1.29632,1.29742,833.5
2010.07.16 13:45:00,1.29743,1.29767,1.29533,1.2957,863.1
2010.07.16 14:00:00,1.29571,1.29817,1.29523,1.29792,1107.8
2010.07.16 14:15:00,1.29794,1.29879,1.2972,1.29865,862.4
2010.07.16 14:30:00,1.29861,1.2995,1.29753,1.29903,845
2010.07.16 14:45:00,1.29909,1.3,1.29843,1.29945,768.6
2010.07.16 15:00:00,1.29944,1.30062,1.298,1.29931,835.1
2010.07.16 15:15:00,1.29928,1.30064,1.29909,1.29986,927.4
2010.07.16 15:30:00,1.29982,1.30012,1.29839,1.2994,766.3
2010.07.16 15:45:00,1.29948,1.29953,1.29749,1.29766,1144.8
2010.07.16 16:00:00,1.29784,1.29839,1.29563,1.29612,1129.5
2010.07.16 16:15:00,1.29602,1.29802,1.29589,1.29699,984.5
2010.07.16 16:30:00,1.29683,1.29839,1.29618,1.29707,1795
2010.07.16 16:45:00,1.29712,1.2974,1.29533,1.29605,1265.5
2010.07.16 17:00:00,1.29604,1.29627,1.29225,1.29416,1512.3
2010.07.16 17:15:00,1.29406,1.29592,1.29333,1.29514,1146.7
2010.07.16 17:30:00,1.29497,1.29516,1.29272,1.29363,1459.5
2010.07.16 17:45:00,1.29387,1.2953,1.29351,1.29517,1062.4
2010.07.16 18:00:00,1.29515,1.29564,1.29282,1.29321,1207.2
2010.07.16 18:15:00,1.29326,1.29395,1.29231,1.29334,1090.1
2010.07.16 18:30:00,1.29328,1.29338,1.29201,1.29251,1110.1
2010.07.16 18:45:00,1.29242,1.29275,1.2913,1.29177,1361.6
2010.07.16 19:00:00,1.29164,1.2931,1.29142,1.29291,1050.6
2010.07.16 19:15:00,1.29287,1.2932,1.29205,1.29281,1006.8
2010.07.16 19:30:00,1.29284,1.29353,1.29205,1.29278,1023.2
2010.07.16 19:45:00,1.29275,1.29286,1.29142,1.29161,951.8
2010.07.16 20:00:00,1.29164,1.29233,1.29132,1.29176,729.6
2010.07.16 20:15:00,1.29198,1.29293,1.29156,1.29203,997.6
2010.07.16 20:30:00,1.29197,1.29296,1.29174,1.29203,761.3
2010.07.16 20:45:00,1.29189,1.29375,1.29187,1.29351,783.7
2010.07.16 21:00:00,1.29346,1.29477,1.29322,1.29461,653
2010.07.16 21:15:00,1.29434,1.29467,1.29365,1.29417,610.8
2010.07.16 21:30:00,1.29436,1.29476,1.29372,1.29466,618.3
2010.07.16 21:45:00,1.2946,1.29549,1.29423,1.29449,530
2010.07.16 22:00:00,1.29445,1.29478,1.29371,1.29385,603.6
2010.07.16 22:15:00,1.29396,1.29448,1.29355,1.29368,764
2010.07.16 22:30:00,1.29359,1.29387,1.29292,1.29324,609.8
2010.07.16 22:45:00,1.29323,1.29337,1.29205,1.29267,658.5
2010.07.16 23:00:00,1.29251,1.29301,1.29223,1.29276,723.9
2010.07.16 23:15:00,1.29281,1.29298,1.29203,1.29237,899
2010.07.16 23:30:00,1.2923,1.29287,1.29199,1.29256,705.1
2010.07.16 23:45:00,1.29253,1.29321,1.2922,1.29293,991.4
2010.07.19 00:00:00,1.29239,1.29239,1.29012,1.29032,919.9
2010.07.19 00:15:00,1.2904,1.29085,1.28963,1.28968,509
2010.07.19 00:30:00,1.28972,1.28977,1.28889,1.28908,494.2
2010.07.19 00:45:00,1.28905,1.28989,1.28868,1.28989,623.1
2010.07.19 01:00:00,1.29002,1.29095,1.28938,1.29029,514.9
2010.07.19 01:15:00,1.29034,1.29175,1.2901,1.29106,473.1
2010.07.19 01:30:00,1.29094,1.29181,1.29091,1.29169,490.5
2010.07.19 01:45:00,1.29171,1.29178,1.28977,1.28991,632.9
2010.07.19 02:00:00,1.28981,1.29139,1.28973,1.29122,658.9
2010.07.19 02:15:00,1.29109,1.29135,1.29025,1.2905,577.4
2010.07.19 02:30:00,1.29046,1.29066,1.28905,1.28945,565.1
2010.07.19 02:45:00,1.28942,1.28967,1.28871,1.28888,545.8
2010.07.19 03:00:00,1.28892,1.28939,1.28878,1.28902,344.6
2010.07.19 03:15:00,1.28899,1.28931,1.28843,1.28884,345.7
2010.07.19 03:30:00,1.28864,1.28926,1.28809,1.28835,362.4
2010.07.19 03:45:00,1.2882,1.28901,1.2881,1.28895,387.5
2010.07.19 04:00:00,1.28903,1.29123,1.28882,1.29079,459.2
2010.07.19 04:15:00,1.29067,1.29132,1.2904,1.29079,367.2
2010.07.19 04:30:00,1.29072,1.29085,1.28957,1.28963,356.4
2010.07.19 04:45:00,1.28968,1.2901,1.28911,1.28979,390.9
2010.07.19 05:00:00,1.28975,1.2907,1.28943,1.29067,1079.7
2010.07.19 05:15:00,1.29068,1.29139,1.29009,1.29048,931.7
2010.07.19 05:30:00,1.2902,1.29145,1.29016,1.29104,652.8
2010.07.19 05:45:00,1.29091,1.2921,1.29076,1.29115,787.8
2010.07.19 06:00:00,1.29107,1.2914,1.29032,1.29105,1023.4
2010.07.19 06:15:00,1.29102,1.29132,1.29051,1.29094,636.9
2010.07.19 06:30:00,1.29084,1.29105,1.29021,1.29045,1084
2010.07.19 06:45:00,1.29053,1.29088,1.28982,1.29014,1014.6
2010.07.19 07:00:00,1.29019,1.29076,1.28987,1.29034,856.4
2010.07.19 07:15:00,1.29038,1.2911,1.29002,1.29055,905.3
2010.07.19 07:30:00,1.29051,1.29095,1.28995,1.2904,779.1
2010.07.19 07:45:00,1.29051,1.29067,1.28986,1.29011,625.7
2010.07.19 08:00:00,1.29026,1.29057,1.28933,1.28991,763
2010.07.19 08:15:00,1.28979,1.29096,1.28957,1.29073,665.3
2010.07.19 08:30:00,1.29053,1.29117,1.28994,1.29011,851.8
2010.07.19 08:45:00,1.29023,1.29068,1.28975,1.29052,826.3
2010.07.19 09:00:00,1.29042,1.29136,1.28889,1.289,863.4
2010.07.19 09:15:00,1.28908,1.28977,1.28682,1.2873,959.5
2010.07.19 09:30:00,1.28734,1.28947,1.28698,1.28885,954.8
2010.07.19 09:45:00,1.28876,1.28903,1.28689,1.28775,740.5
2010.07.19 10:00:00,1.28784,1.29269,1.28764,1.29232,1209
2010.07.19 10:15:00,1.29252,1.29465,1.29241,1.29363,1000.2
2010.07.19 10:30:00,1.29364,1.29645,1.29309,1.29536,1003.8
2010.07.19 10:45:00,1.29547,1.29813,1.29492,1.29768,979.4
2010.07.19 11:00:00,1.29781,1.29916,1.29642,1.29749,1054.8
2010.07.19 11:15:00,1.29749,1.29862,1.29642,1.29673,1043.8
2010.07.19 11:30:00,1.29667,1.29763,1.29603,1.29667,1102
2010.07.19 11:45:00,1.29665,1.29787,1.2961,1.29649,1141
2010.07.19 12:00:00,1.29636,1.2967,1.29553,1.29593,1016.1
2010.07.19 12:15:00,1.29585,1.29697,1.29494,1.29539,1128
2010.07.19 12:30:00,1.29532,1.29604,1.29404,1.29555,1006.2
2010.07.19 12:45:00,1.29563,1.29674,1.29527,1.29604,1107.7
2010.07.19 13:00:00,1.29589,1.29725,1.29567,1.29644,1063.7
2010.07.19 13:15:00,1.29667,1.29686,1.29538,1.29545,1122.2
2010.07.19 13:30:00,1.29533,1.29635,1.29474,1.29601,729.2
2010.07.19 13:45:00,1.29602,1.29683,1.29485,1.29514,952.4
2010.07.19 14:00:00,1.29539,1.29642,1.29495,1.29622,1026.2
2010.07.19 14:15:00,1.29617,1.29657,1.29497,1.29534,899.1
2010.07.19 14:30:00,1.29533,1.2964,1.29502,1.29615,900.1
2010.07.19 14:45:00,1.29618,1.29661,1.29582,1.29625,662.5
2010.07.19 15:00:00,1.29643,1.29701,1.29502,1.29532,806.7
2010.07.19 15:15:00,1.29551,1.29618,1.29477,1.29486,942.1
2010.07.19 15:30:00,1.29504,1.29507,1.29313,1.29366,808.3
2010.07.19 15:45:00,1.29359,1.29472,1.29294,1.29415,1111.3
2010.07.19 16:00:00,1.2944,1.29517,1.29382,1.29495,1016.9
2010.07.19 16:15:00,1.29486,1.29578,1.29471,1.29564,981.2
2010.07.19 16:30:00,1.29555,1.29685,1.29519,1.29645,1790.5
2010.07.19 16:45:00,1.29645,1.29704,1.29557,1.29632,1126.6
2010.07.19 17:00:00,1.29643,1.29825,1.29601,1.29791,1432
2010.07.19 17:15:00,1.29784,1.29845,1.29706,1.29796,1167.7
2010.07.19 17:30:00,1.29782,1.29826,1.29612,1.29675,1337.4
2010.07.19 17:45:00,1.29663,1.29727,1.29514,1.29667,1021.6
2010.07.19 18:00:00,1.29671,1.29746,1.29605,1.29694,1328
2010.07.19 18:15:00,1.29692,1.29738,1.29631,1.29665,1216
2010.07.19 18:30:00,1.29661,1.29696,1.296,1.29632,998
2010.07.19 18:45:00,1.29612,1.29648,1.29563,1.29613,1367.8
2010.07.19 19:00:00,1.29607,1.29631,1.29434,1.29532,1080.7
2010.07.19 19:15:00,1.29535,1.29648,1.29503,1.29632,1052
2010.07.19 19:30:00,1.29611,1.29634,1.29522,1.29561,1026.6
2010.07.19 19:45:00,1.29561,1.29608,1.29514,1.29584,992.6
2010.07.19 20:00:00,1.29571,1.29605,1.29448,1.29482,722.9
2010.07.19 20:15:00,1.29495,1.29511,1.29405,1.29468,983.9
2010.07.19 20:30:00,1.29453,1.29518,1.29401,1.29453,710.1
2010.07.19 20:45:00,1.29456,1.29478,1.2939,1.29433,748.5
2010.07.19 21:00:00,1.29405,1.29548,1.294,1.29529,650.4
2010.07.19 21:15:00,1.29545,1.29615,1.29501,1.29596,622.5
2010.07.19 21:30:00,1.29587,1.2961,1.29551,1.29557,610.3
2010.07.19 21:45:00,1.29571,1.2965,1.29547,1.29598,562.8
2010.07.19 22:00:00,1.29561,1.29628,1.29527,1.29616,576.6
2010.07.19 22:15:00,1.29609,1.2967,1.29437,1.29469,621.3
2010.07.19 22:30:00,1.29461,1.29512,1.29364,1.29442,638.1
2010.07.19 22:45:00,1.29473,1.29496,1.29393,1.29413,806.4
2010.07.19 23:00:00,1.29418,1.29454,1.29337,1.29435,757.9
2010.07.19 23:15:00,1.29418,1.29519,1.29404,1.29513,882.2
2010.07.19 23:30:00,1.2947,1.29512,1.29414,1.29445,802.3
2010.07.19 23:45:00,1.29449,1.29467,1.2934,1.29401,1087.3
2010.07.20 00:00:00,1.29412,1.29459,1.29334,1.29395,949.8
2010.07.20 00:15:00,1.29415,1.2942,1.29329,1.29348,521.5
2010.07.20 00:30:00,1.29345,1.29461,1.29332,1.29448,420.1
2010.07.20 00:45:00,1.29427,1.29506,1.29424,1.29472,593
2010.07.20 01:00:00,1.29473,1.29482,1.29382,1.29409,620.5
2010.07.20 01:15:00,1.29405,1.29476,1.29387,1.2944,452.4
2010.07.20 01:30:00,1.2943,1.29484,1.29422,1.29455,428.6
2010.07.20 01:45:00,1.29478,1.29483,1.29284,1.29382,589.9
2010.07.20 02:00:00,1.2938,1.29421,1.29339,1.29362,640.6
2010.07.20 02:15:00,1.29365,1.2944,1.29331,1.29382,471.6
2010.07.20 02:30:00,1.29388,1.29447,1.29356,1.29407,585.7
2010.07.20 02:45:00,1.29417,1.29448,1.29363,1.29376,531
2010.07.20 03:00:00,1.29369,1.29414,1.29341,1.29371,378.6
2010.07.20 03:15:00,1.29391,1.29391,1.29317,1.29361,431.3
2010.07.20 03:30:00,1.29381,1.29416,1.29334,1.29365,393.7
2010.07.20 03:45:00,1.2936,1.29447,1.29354,1.29388,400.6
2010.07.20 04:00:00,1.29387,1.29544,1.29367,1.29536,365.2
2010.07.20 04:15:00,1.29532,1.29608,1.29479,1.29513,348.5
2010.07.20 04:30:00,1.29515,1.29563,1.29422,1.29463,368.5
2010.07.20 04:45:00,1.29467,1.29511,1.29413,1.29441,335.6
2010.07.20 05:00:00,1.29461,1.29587,1.29426,1.29576,1100.5
2010.07.20 05:15:00,1.29565,1.296,1.29532,1.29574,866.4
2010.07.20 05:30:00,1.29549,1.29728,1.29545,1.29646,683.2
2010.07.20 05:45:00,1.2964,1.29677,1.29594,1.29615,846.5
2010.07.20 06:00:00,1.29615,1.29674,1.29572,1.29645,945.9
2010.07.20 06:15:00,1.29647,1.29736,1.29609,1.29714,770.8
2010.07.20 06:30:00,1.29704,1.29725,1.29608,1.29665,971.2
2010.07.20 06:45:00,1.29651,1.29671,1.29594,1.29617,1065.6
2010.07.20 07:00:00,1.29608,1.29702,1.29604,1.29662,882.9
2010.07.20 07:15:00,1.29663,1.29739,1.29626,1.29696,816.3
2010.07.20 07:30:00,1.29711,1.29747,1.29644,1.29698,891.7
2010.07.20 07:45:00,1.29716,1.29719,1.29632,1.29668,704.5
2010.07.20 08:00:00,1.29649,1.29726,1.29638,1.29681,848.1
2010.07.20 08:15:00,1.29696,1.29706,1.29636,1.29693,646.2
2010.07.20 08:30:00,1.29697,1.2972,1.2962,1.29695,673.4
2010.07.20 08:45:00,1.29689,1.299,1.29639,1.29878,798.1
2010.07.20 09:00:00,1.29868,1.30075,1.29806,1.30022,905.4
2010.07.20 09:15:00,1.30031,1.30282,1.30002,1.30125,1047.1
2010.07.20 09:30:00,1.30139,1.30173,1.30031,1.30089,1038.6
2010.07.20 09:45:00,1.30095,1.30118,1.29932,1.29984,782
2010.07.20 10:00:00,1.29984,1.30079,1.29825,1.29849,1245.2
2010.07.20 10:15:00,1.29839,1.29902,1.29777,1.2986,1001
2010.07.20 10:30:00,1.29854,1.29867,1.29647,1.29724,1011.2
2010.07.20 10:45:00,1.29731,1.29896,1.29706,1.29811,1061.7
2010.07.20 11:00:00,1.29807,1.29865,1.29705,1.29832,1096.1
2010.07.20 11:15:00,1.29837,1.29899,1.29783,1.29832,1069.6
2010.07.20 11:30:00,1.29846,1.29986,1.29794,1.29851,1155.8
2010.07.20 11:45:00,1.29842,1.29955,1.29808,1.2987,1106.2
2010.07.20 12:00:00,1.29865,1.29915,1.29646,1.29741,994.2
2010.07.20 12:15:00,1.29744,1.29777,1.29497,1.29529,1053.6
2010.07.20 12:30:00,1.29535,1.29602,1.29352,1.29394,988.5
2010.07.20 12:45:00,1.29393,1.29452,1.29289,1.29391,1060.2
2010.07.20 13:00:00,1.29385,1.29435,1.29135,1.29184,1159.5
2010.07.20 13:15:00,1.2917,1.29243,1.29045,1.29069,926.2
2010.07.20 13:30:00,1.29056,1.29102,1.28875,1.28981,799.4
2010.07.20 13:45:00,1.28973,1.29068,1.28924,1.28979,949.1
2010.07.20 14:00:00,1.28998,1.29094,1.28913,1.29029,1004.7
2010.07.20 14:15:00,1.29034,1.29049,1.28959,1.29024,916.1
2010.07.20 14:30:00,1.29023,1.29058,1.28734,1.2877,773.5
2010.07.20 14:45:00,1.28772,1.28804,1.28562,1.28636,729.8
2010.07.20 15:00:00,1.2864,1.28748,1.28386,1.28484,835.1
2010.07.20 15:15:00,1.28459,1.28607,1.28414,1.28514,913.6
2010.07.20 15:30:00,1.28515,1.28706,1.28492,1.28664,746.1
2010.07.20 15:45:00,1.2865,1.28744,1.28591,1.28703,1004.4
2010.07.20 16:00:00,1.28699,1.28707,1.28582,1.28614,1218.6
2010.07.20 16:15:00,1.28598,1.28662,1.28415,1.28645,978.5
2010.07.20 16:30:00,1.28646,1.28858,1.28619,1.28844,1698.8
2010.07.20 16:45:00,1.28852,1.28927,1.28774,1.28827,1193.7
2010.07.20 17:00:00,1.28823,1.28848,1.28694,1.28746,1390.5
2010.07.20 17:15:00,1.28744,1.28959,1.28723,1.28856,1209.5
2010.07.20 17:30:00,1.28844,1.28971,1.28755,1.28921,1406.5
2010.07.20 17:45:00,1.28926,1.28959,1.28799,1.28829,1109.4
2010.07.20 18:00:00,1.28841,1.29106,1.28807,1.29074,1264.1
2010.07.20 18:15:00,1.29066,1.29233,1.29012,1.29163,1233.4
2010.07.20 18:30:00,1.29178,1.29207,1.29051,1.29091,957.2
2010.07.20 18:45:00,1.29094,1.29146,1.29006,1.29035,1341.2
2010.07.20 19:00:00,1.29035,1.29142,1.2901,1.2906,1134.5
2010.07.20 19:15:00,1.29055,1.29075,1.28923,1.28953,967
2010.07.20 19:30:00,1.28953,1.29015,1.2889,1.2897,866.2
2010.07.20 19:45:00,1.28972,1.29017,1.28916,1.28997,920.4
2010.07.20 20:00:00,1.29005,1.29078,1.28936,1.28961,780.6
2010.07.20 20:15:00,1.28975,1.29051,1.28931,1.29023,1013
2010.07.20 20:30:00,1.29045,1.29123,1.28992,1.29045,873.2
2010.07.20 20:45:00,1.29063,1.29156,1.28974,1.29131,724.1
2010.07.20 21:00:00,1.29125,1.29137,1.29009,1.29065,637.8
2010.07.20 21:15:00,1.29061,1.29073,1.2891,1.28986,615.5
2010.07.20 21:30:00,1.28986,1.29002,1.28856,1.2888,717.5
2010.07.20 21:45:00,1.28871,1.28946,1.28834,1.28931,547.2
2010.07.20 22:00:00,1.28932,1.28939,1.28814,1.28923,638.4
2010.07.20 22:15:00,1.28931,1.28944,1.28813,1.28857,675.7
2010.07.20 22:30:00,1.28881,1.28998,1.28841,1.28911,603.9
2010.07.20 22:45:00,1.28914,1.2895,1.28872,1.28886,732.8
2010.07.20 23:00:00,1.28926,1.28937,1.28788,1.28807,759.4
2010.07.20 23:15:00,1.28804,1.28845,1.28783,1.28826,976.6
2010.07.20 23:30:00,1.28809,1.28857,1.28787,1.28793,796.3
2010.07.20 23:45:00,1.28795,1.2884,1.28773,1.28787,1050.4
2010.07.21 00:00:00,1.28757,1.28878,1.28753,1.28855,841.5
2010.07.21 00:15:00,1.28855,1.28868,1.28818,1.28845,507.7
2010.07.21 00:30:00,1.28808,1.2885,1.28758,1.28831,460.8
2010.07.21 00:45:00,1.28833,1.28926,1.28802,1.28909,625.9
2010.07.21 01:00:00,1.28953,1.28958,1.28872,1.28919,519.2
2010.07.21 01:15:00,1.28914,1.28971,1.28864,1.2889,452.2
2010.07.21 01:30:00,1.28881,1.2893,1.2884,1.28905,470.4
2010.07.21 01:45:00,1.28886,1.28956,1.28877,1.28924,566.8
2010.07.21 02:00:00,1.28895,1.28967,1.28869,1.28949,722.1
2010.07.21 02:15:00,1.28962,1.28989,1.2889,1.28919,453.5
2010.07.21 02:30:00,1.28933,1.29058,1.28898,1.29021,506.2
2010.07.21 02:45:00,1.2903,1.29082,1.2899,1.29052,616.4
2010.07.21 03:00:00,1.29056,1.29064,1.28842,1.28884,383.6
2010.07.21 03:15:00,1.28891,1.28939,1.28829,1.28906,330.4
2010.07.21 03:30:00,1.28906,1.28969,1.28839,1.28901,455
2010.07.21 03:45:00,1.28897,1.29003,1.28855,1.28864,376.5
2010.07.21 04:00:00,1.28868,1.2896,1.2885,1.28944,408.4
2010.07.21 04:15:00,1.28954,1.29045,1.28923,1.28981,330.8
2010.07.21 04:30:00,1.28995,1.29015,1.28899,1.28973,428.1
2010.07.21 04:45:00,1.28982,1.2901,1.28925,1.28978,434.2
2010.07.21 05:00:00,1.28966,1.29007,1.28917,1.28973,1059.7
2010.07.21 05:15:00,1.28969,1.29003,1.28877,1.28925,847.3
2010.07.21 05:30:00,1.28905,1.28946,1.28835,1.28927,625.8
2010.07.21 05:45:00,1.28937,1.29004,1.28894,1.28956,881.6
2010.07.21 06:00:00,1.28943,1.28978,1.28886,1.28956,899.2
2010.07.21 06:15:00,1.2894,1.28983,1.28881,1.28881,741.3
2010.07.21 06:30:00,1.28916,1.28934,1.2874,1.28802,1079.9
2010.07.21 06:45:00,1.28806,1.28822,1.28724,1.28814,1116.9
2010.07.21 07:00:00,1.28808,1.28907,1.28773,1.28889,1017.6
2010.07.21 07:15:00,1.28884,1.28902,1.28787,1.28814,797
2010.07.21 07:30:00,1.28818,1.28846,1.28733,1.28805,655.7
2010.07.21 07:45:00,1.28793,1.28887,1.28765,1.28871,538.6
2010.07.21 08:00:00,1.28873,1.28898,1.28802,1.28822,922.1
2010.07.21 08:15:00,1.28836,1.28846,1.28722,1.28769,605.4
2010.07.21 08:30:00,1.28773,1.28859,1.28727,1.28856,696.3
2010.07.21 08:45:00,1.28855,1.28887,1.28792,1.28875,827
2010.07.21 09:00:00,1.28866,1.29039,1.28826,1.28967,863.4
2010.07.21 09:15:00,1.28974,1.29134,1.28942,1.29092,900.7
2010.07.21 09:30:00,1.29087,1.29108,1.28971,1.28985,987.4
2010.07.21 09:45:00,1.28972,1.29047,1.28688,1.2875,797.5
2010.07.21 10:00:00,1.2876,1.28881,1.28728,1.28845,1321
2010.07.21 10:15:00,1.28843,1.28854,1.28835,1.28844,963
2010.07.21 10:30:00,1.28847,1.28854,1.28833,1.28845,978.2
2010.07.21 10:45:00,1.28843,1.28855,1.28835,1.2885,1039.9
2010.07.21 11:00:00,1.28849,1.28854,1.28836,1.28851,1120.8
2010.07.21 11:15:00,1.2884,1.28855,1.28836,1.28844,1083
2010.07.21 11:30:00,1.28836,1.28855,1.28834,1.28845,1133.9
2010.07.21 11:45:00,1.28836,1.28853,1.28835,1.28844,1010.9
2010.07.21 12:00:00,1.28843,1.28854,1.28836,1.28853,1061.4
2010.07.21 12:15:00,1.28844,1.28844,1.28493,1.28524,1111.6
2010.07.21 12:30:00,1.2852,1.28587,1.28401,1.28416,1032.5
2010.07.21 12:45:00,1.28425,1.28446,1.28169,1.28252,1012.4
2010.07.21 13:00:00,1.28247,1.28356,1.28222,1.28332,1051.4
2010.07.21 13:15:00,1.28307,1.28377,1.28249,1.28267,897.2
2010.07.21 13:30:00,1.28242,1.28261,1.27981,1.28106,756.2
2010.07.21 13:45:00,1.28103,1.28147,1.27912,1.27959,950.5
2010.07.21 14:00:00,1.27967,1.28028,1.27901,1.28001,1016.2
2010.07.21 14:15:00,1.28004,1.28152,1.27975,1.2813,771.4
2010.07.21 14:30:00,1.2813,1.28207,1.28087,1.28179,787.7
2010.07.21 14:45:00,1.28186,1.282,1.28033,1.28124,753.8
2010.07.21 15:00:00,1.28126,1.28235,1.28104,1.28156,815.5
2010.07.21 15:15:00,1.2815,1.28183,1.27974,1.28063,902.8
2010.07.21 15:30:00,1.28064,1.28236,1.28024,1.28077,765.4
2010.07.21 15:45:00,1.2808,1.28187,1.28015,1.28172,1072.7
2010.07.21 16:00:00,1.2818,1.28207,1.28043,1.28114,1081.9
2010.07.21 16:15:00,1.28112,1.28207,1.28045,1.28189,1058.4
2010.07.21 16:30:00,1.28173,1.28198,1.28059,1.28097,1832.5
2010.07.21 16:45:00,1.28086,1.28095,1.27929,1.28038,1176.7
2010.07.21 17:00:00,1.28034,1.28158,1.27909,1.28125,1470.9
2010.07.21 17:15:00,1.28112,1.28309,1.28089,1.28254,1230.9
2010.07.21 17:30:00,1.28252,1.28265,1.28102,1.28228,1407
2010.07.21 17:45:00,1.28219,1.28271,1.28107,1.28186,1155.1
2010.07.21 18:00:00,1.28194,1.28285,1.28033,1.28105,1317.1
2010.07.21 18:15:00,1.28113,1.28156,1.28004,1.28074,980.6
2010.07.21 18:30:00,1.28076,1.28159,1.27978,1.28113,972
2010.07.21 18:45:00,1.28122,1.28235,1.28082,1.28165,1471.5
2010.07.21 19:00:00,1.28165,1.28216,1.28083,1.28134,1098.7
2010.07.21 19:15:00,1.28139,1.28192,1.28075,1.28131,1032.8
2010.07.21 19:30:00,1.28114,1.28187,1.28072,1.28126,897.8
2010.07.21 19:45:00,1.28119,1.28183,1.28035,1.28086,1017.5
2010.07.21 20:00:00,1.28056,1.28107,1.27995,1.28092,686.5
2010.07.21 20:15:00,1.28094,1.28187,1.28062,1.28132,1025.5
2010.07.21 20:30:00,1.28143,1.28176,1.28082,1.28097,759.9
2010.07.21 20:45:00,1.28128,1.28243,1.28075,1.28154,833.2
2010.07.21 21:00:00,1.28132,1.28208,1.27509,1.27534,692.1
2010.07.21 21:15:00,1.27531,1.27721,1.27483,1.27557,652.1
2010.07.21 21:30:00,1.27547,1.27585,1.27299,1.27534,635
2010.07.21 21:45:00,1.27549,1.27583,1.27385,1.27459,485.9
2010.07.21 22:00:00,1.27455,1.27627,1.27388,1.27602,728.2
2010.07.21 22:15:00,1.27599,1.27652,1.27541,1.2758,685.4
2010.07.21 22:30:00,1.27601,1.27678,1.27566,1.27589,625
2010.07.21 22:45:00,1.27597,1.27696,1.27575,1.27678,780.2
2010.07.21 23:00:00,1.27676,1.27712,1.27618,1.27697,686.4
2010.07.21 23:15:00,1.27707,1.27756,1.27648,1.27676,1065.5
2010.07.21 23:30:00,1.27682,1.27702,1.27565,1.27598,778.6
2010.07.21 23:45:00,1.27591,1.27607,1.27453,1.27535,1106
2010.07.22 00:00:00,1.2754,1.27601,1.27502,1.27572,905.4
2010.07.22 00:15:00,1.2756,1.27628,1.27483,1.27615,560.4
2010.07.22 00:30:00,1.2761,1.2761,1.27517,1.27567,502
2010.07.22 00:45:00,1.27557,1.2758,1.27456,1.27538,635.4
2010.07.22 01:00:00,1.27542,1.27654,1.27527,1.27646,442.3
2010.07.22 01:15:00,1.27644,1.27712,1.27568,1.27686,493.8
2010.07.22 01:30:00,1.27661,1.27704,1.27583,1.27612,435.3
2010.07.22 01:45:00,1.27616,1.27701,1.27596,1.27683,581.9
2010.07.22 02:00:00,1.27684,1.27721,1.27647,1.27682,784.2
2010.07.22 02:15:00,1.27689,1.27703,1.27591,1.2761,547.5
2010.07.22 02:30:00,1.27616,1.27636,1.27466,1.27513,522.4
2010.07.22 02:45:00,1.27526,1.27606,1.27484,1.27596,522.5
2010.07.22 03:00:00,1.27597,1.27675,1.2758,1.27628,352.6
2010.07.22 03:15:00,1.27648,1.27669,1.27505,1.27516,398
2010.07.22 03:30:00,1.27514,1.27558,1.27455,1.27522,385.4
2010.07.22 03:45:00,1.27513,1.2755,1.27374,1.27467,433.6
2010.07.22 04:00:00,1.27463,1.27607,1.27457,1.27588,376
2010.07.22 04:15:00,1.27584,1.27665,1.27539,1.27549,316.7
2010.07.22 04:30:00,1.27568,1.27602,1.27502,1.2757,427.4
2010.07.22 04:45:00,1.27562,1.27715,1.27534,1.27676,405.9
2010.07.22 05:00:00,1.27665,1.27697,1.27616,1.27637,1035.9
2010.07.22 05:15:00,1.27636,1.27727,1.27605,1.27686,975.2
2010.07.22 05:30:00,1.27678,1.277,1.27616,1.27664,691.7
2010.07.22 05:45:00,1.27657,1.2777,1.2763,1.27736,783.9
2010.07.22 06:00:00,1.27738,1.27759,1.27645,1.27688,978.9
2010.07.22 06:15:00,1.27687,1.27707,1.27642,1.27673,642.4
2010.07.22 06:30:00,1.27675,1.27696,1.27606,1.27652,1004.3
2010.07.22 06:45:00,1.27664,1.2776,1.27622,1.27714,1063
2010.07.22 07:00:00,1.27699,1.27772,1.27642,1.27727,905.4
2010.07.22 07:15:00,1.27749,1.27799,1.27688,1.27719,819.7
2010.07.22 07:30:00,1.27719,1.27756,1.27663,1.27733,714.9
2010.07.22 07:45:00,1.27729,1.27787,1.2768,1.27769,664.2
2010.07.22 08:00:00,1.27783,1.27819,1.27708,1.27724,825.5
2010.07.22 08:15:00,1.27748,1.27874,1.27714,1.27812,732
2010.07.22 08:30:00,1.27826,1.27866,1.2778,1.27808,773
2010.07.22 08:45:00,1.27792,1.27841,1.27705,1.27776,821.2
2010.07.22 09:00:00,1.2778,1.27818,1.27487,1.2752,894.3
2010.07.22 09:15:00,1.2753,1.27623,1.27437,1.27571,986.1
2010.07.22 09:30:00,1.27554,1.27616,1.27402,1.27547,914.2
2010.07.22 09:45:00,1.27568,1.27683,1.27507,1.27672,793
2010.07.22 10:00:00,1.27667,1.27816,1.27616,1.27793,1171.3
2010.07.22 10:15:00,1.27784,1.27943,1.27744,1.27917,928
2010.07.22 10:30:00,1.27926,1.27969,1.27877,1.27952,944.1
2010.07.22 10:45:00,1.27945,1.28145,1.27911,1.28104,1091.9
2010.07.22 11:00:00,1.2811,1.28256,1.28043,1.28066,993.7
2010.07.22 11:15:00,1.28073,1.28145,1.27998,1.28051,1077.4
2010.07.22 11:30:00,1.28052,1.28299,1.28015,1.28252,1148.2
2010.07.22 11:45:00,1.28295,1.28473,1.2827,1.28417,1073.2
2010.07.22 12:00:00,1.28417,1.28524,1.28242,1.28304,1095.9
2010.07.22 12:15:00,1.28299,1.28325,1.28193,1.28249,1060.1
2010.07.22 12:30:00,1.28214,1.28333,1.28173,1.28209,1027.9
2010.07.22 12:45:00,1.28206,1.28314,1.28146,1.28278,1084.3
2010.07.22 13:00:00,1.28292,1.28386,1.28231,1.28331,1076.3
2010.07.22 13:15:00,1.28338,1.28431,1.28276,1.28406,899.1
2010.07.22 13:30:00,1.28422,1.28712,1.28384,1.28646,767.6
2010.07.22 13:45:00,1.28661,1.28751,1.28575,1.28602,922.4
2010.07.22 14:00:00,1.28604,1.28638,1.28501,1.28521,1078.3
2010.07.22 14:15:00,1.28534,1.28626,1.28483,1.28604,907.6
2010.07.22 14:30:00,1.28607,1.28778,1.28543,1.2869,762.4
2010.07.22 14:45:00,1.28683,1.28804,1.28529,1.28568,838.3
2010.07.22 15:00:00,1.28566,1.28629,1.28491,1.28527,796.1
2010.07.22 15:15:00,1.28529,1.28726,1.28483,1.28684,810.1
2010.07.22 15:30:00,1.2869,1.28762,1.28503,1.28647,810.3
2010.07.22 15:45:00,1.28647,1.28705,1.28582,1.28675,931.3
2010.07.22 16:00:00,1.28672,1.287,1.28507,1.28554,1168.4
2010.07.22 16:15:00,1.28547,1.28607,1.28371,1.28407,1045
2010.07.22 16:30:00,1.28409,1.28774,1.28391,1.28736,1721.8
2010.07.22 16:45:00,1.28736,1.28947,1.28723,1.28913,1120.9
2010.07.22 17:00:00,1.28925,1.29001,1.28812,1.28918,1447.5
2010.07.22 17:15:00,1.28936,1.29322,1.28928,1.29215,1167.4
2010.07.22 17:30:00,1.29203,1.29227,1.29068,1.29097,1473.4
2010.07.22 17:45:00,1.29096,1.29203,1.29051,1.29073,1068.8
2010.07.22 18:00:00,1.29074,1.29138,1.29,1.29132,1268
2010.07.22 18:15:00,1.29125,1.29239,1.29092,1.29225,1161.9
2010.07.22 18:30:00,1.29225,1.29228,1.28974,1.29034,1025.8
2010.07.22 18:45:00,1.29034,1.29077,1.28937,1.29008,1376.5
2010.07.22 19:00:00,1.29011,1.29059,1.28925,1.29003,1078.8
2010.07.22 19:15:00,1.29003,1.29106,1.28981,1.29006,1000.6
2010.07.22 19:30:00,1.29003,1.29028,1.28915,1.28973,961.4
2010.07.22 19:45:00,1.28975,1.2904,1.28891,1.28902,982.5
2010.07.22 20:00:00,1.28914,1.2906,1.28899,1.2902,682.1
2010.07.22 20:15:00,1.29043,1.29063,1.28934,1.28954,1049.9
2010.07.22 20:30:00,1.28968,1.29085,1.28951,1.29083,715.8
2010.07.22 20:45:00,1.29061,1.29069,1.28957,1.29053,808.4
2010.07.22 21:00:00,1.29045,1.2912,1.2901,1.291,678
2010.07.22 21:15:00,1.29094,1.29117,1.28984,1.29013,588.9
2010.07.22 21:30:00,1.29012,1.29039,1.28802,1.28886,620
2010.07.22 21:45:00,1.28877,1.28942,1.28823,1.28931,504
2010.07.22 22:00:00,1.28937,1.28987,1.28871,1.28973,576.7
2010.07.22 22:15:00,1.28973,1.28999,1.2891,1.28941,716.6
2010.07.22 22:30:00,1.28936,1.28965,1.28832,1.28889,646.2
2010.07.22 22:45:00,1.28898,1.28944,1.28802,1.28844,702.5
2010.07.22 23:00:00,1.28852,1.28905,1.28815,1.28894,705.1
2010.07.22 23:15:00,1.28895,1.28928,1.28842,1.28874,1000.7
2010.07.22 23:30:00,1.28889,1.28934,1.28831,1.28888,847.4
2010.07.22 23:45:00,1.28855,1.2896,1.28839,1.2893,1079.6
2010.07.23 00:00:00,1.28916,1.28979,1.28893,1.28924,817.4
2010.07.23 00:15:00,1.2892,1.28921,1.28832,1.28838,506.1
2010.07.23 00:30:00,1.28852,1.28907,1.28831,1.28862,500.4
2010.07.23 00:45:00,1.28864,1.28888,1.28812,1.28888,661.7
2010.07.23 01:00:00,1.28892,1.28984,1.28842,1.28965,537
2010.07.23 01:15:00,1.28976,1.28982,1.28918,1.28967,444.8
2010.07.23 01:30:00,1.28951,1.29,1.28907,1.28955,463
2010.07.23 01:45:00,1.28956,1.29029,1.28932,1.28998,525.7
2010.07.23 02:00:00,1.28992,1.29021,1.28934,1.28979,741.8
2010.07.23 02:15:00,1.28966,1.28995,1.28879,1.28974,482.7
2010.07.23 02:30:00,1.28979,1.29106,1.28938,1.29093,455.4
2010.07.23 02:45:00,1.29083,1.29165,1.28999,1.29121,522.8
2010.07.23 03:00:00,1.29119,1.29119,1.28967,1.28976,369.6
2010.07.23 03:15:00,1.28976,1.29134,1.28963,1.29064,409.9
2010.07.23 03:30:00,1.29044,1.2908,1.28997,1.29041,382.8
2010.07.23 03:45:00,1.29047,1.29048,1.2893,1.28935,444.6
2010.07.23 04:00:00,1.28938,1.28961,1.28872,1.28898,355.8
2010.07.23 04:15:00,1.28892,1.28959,1.28877,1.28918,334.4
2010.07.23 04:30:00,1.28922,1.29041,1.28896,1.29012,380.8
2010.07.23 04:45:00,1.2902,1.29023,1.28843,1.28886,424.7
2010.07.23 05:00:00,1.28875,1.28927,1.28836,1.28903,1114.1
2010.07.23 05:15:00,1.28908,1.28938,1.28864,1.28921,1024.7
2010.07.23 05:30:00,1.28903,1.28951,1.28872,1.28933,708.3
2010.07.23 05:45:00,1.28927,1.28937,1.28872,1.28904,777
2010.07.23 06:00:00,1.28886,1.28929,1.28849,1.28904,948.9
2010.07.23 06:15:00,1.28899,1.28915,1.28846,1.28893,654.3
2010.07.23 06:30:00,1.28869,1.28961,1.28854,1.28934,1005.3
2010.07.23 06:45:00,1.28929,1.28965,1.28842,1.28866,1165.9
2010.07.23 07:00:00,1.28861,1.2893,1.28824,1.28929,997.9
2010.07.23 07:15:00,1.28917,1.28984,1.28885,1.28962,846.3
2010.07.23 07:30:00,1.28963,1.29016,1.28915,1.2895,710.8
2010.07.23 07:45:00,1.28951,1.28993,1.28914,1.28947,638.3
2010.07.23 08:00:00,1.28935,1.29078,1.28914,1.29058,752.6
2010.07.23 08:15:00,1.29038,1.29131,1.29006,1.29077,669.2
2010.07.23 08:30:00,1.29075,1.2913,1.28663,1.28732,822
2010.07.23 08:45:00,1.28758,1.28832,1.28598,1.28809,848.5
2010.07.23 09:00:00,1.28808,1.28823,1.28673,1.28734,960.7
2010.07.23 09:15:00,1.28727,1.28926,1.28687,1.28739,955.4
2010.07.23 09:30:00,1.28737,1.28869,1.28621,1.28817,940.4
2010.07.23 09:45:00,1.28827,1.28918,1.28802,1.28853,786.2
2010.07.23 10:00:00,1.28857,1.28876,1.28696,1.28725,1276.6
2010.07.23 10:15:00,1.28716,1.28727,1.28577,1.28652,1081.9
2010.07.23 10:30:00,1.28649,1.28842,1.28607,1.28795,905.3
2010.07.23 10:45:00,1.28813,1.28873,1.28695,1.28853,1058.7
2010.07.23 11:00:00,1.28849,1.29372,1.28816,1.29312,1042.8
2010.07.23 11:15:00,1.29315,1.29465,1.2925,1.29411,1091.2
2010.07.23 11:30:00,1.29394,1.29657,1.29377,1.29613,1331.5
2010.07.23 11:45:00,1.29597,1.29628,1.2935,1.2938,930
2010.07.23 12:00:00,1.29365,1.29467,1.29343,1.29425,996.9
2010.07.23 12:15:00,1.29419,1.29437,1.29302,1.2932,1062.4
2010.07.23 12:30:00,1.29318,1.29406,1.29218,1.29374,1031.6
2010.07.23 12:45:00,1.29359,1.29487,1.29345,1.29394,1106.3
2010.07.23 13:00:00,1.29403,1.29409,1.29246,1.29361,1030.4
2010.07.23 13:15:00,1.29354,1.29476,1.29332,1.29445,942.3
2010.07.23 13:30:00,1.29422,1.29505,1.2941,1.29464,848.8
2010.07.23 13:45:00,1.29444,1.29505,1.29333,1.29372,1034.6
2010.07.23 14:00:00,1.29378,1.29439,1.2923,1.29332,1100.9
2010.07.23 14:15:00,1.29336,1.29354,1.29093,1.29145,880.5
2010.07.23 14:30:00,1.29137,1.29273,1.29085,1.29232,737.4
2010.07.23 14:45:00,1.29238,1.29254,1.2901,1.291,672.3
2010.07.23 15:00:00,1.29078,1.29174,1.28932,1.28933,820
2010.07.23 15:15:00,1.28931,1.29063,1.28914,1.28974,867.2
2010.07.23 15:30:00,1.28988,1.29039,1.28849,1.28897,875
2010.07.23 15:45:00,1.28895,1.28962,1.28686,1.28781,923.1
2010.07.23 16:00:00,1.28799,1.28853,1.28396,1.28444,1217.4
2010.07.23 16:15:00,1.28444,1.28497,1.27928,1.28165,1067.3
2010.07.23 16:30:00,1.28148,1.28366,1.28002,1.28345,1750.8
2010.07.23 16:45:00,1.28338,1.28387,1.28143,1.2821,1146.8
2010.07.23 17:00:00,1.28212,1.28354,1.28042,1.28331,1461.6
2010.07.23 17:15:00,1.28327,1.28341,1.2818,1.28224,1176.6
2010.07.23 17:30:00,1.28237,1.28254,1.28035,1.28141,1438.4
2010.07.23 17:45:00,1.28125,1.28254,1.28095,1.2818,1075.2
2010.07.23 18:00:00,1.28169,1.28306,1.28122,1.28282,1213
2010.07.23 18:15:00,1.28283,1.28515,1.28257,1.28445,1189.6
2010.07.23 18:30:00,1.28433,1.287,1.28414,1.28483,969.7
2010.07.23 18:45:00,1.28476,1.28778,1.28444,1.28621,1357.6
2010.07.23 19:00:00,1.28639,1.29096,1.28263,1.2864,1218.6
2010.07.23 19:15:00,1.28645,1.28675,1.28407,1.2855,970.1
2010.07.23 19:30:00,1.28541,1.28592,1.28097,1.28154,904
2010.07.23 19:45:00,1.28154,1.28497,1.28042,1.28469,984.1
2010.07.23 20:00:00,1.28506,1.28552,1.28318,1.28552,725.8
2010.07.23 20:15:00,1.28555,1.28799,1.28513,1.28693,1099
2010.07.23 20:30:00,1.28674,1.28804,1.28661,1.28724,689
2010.07.23 20:45:00,1.28706,1.28993,1.287,1.2897,738.1
2010.07.23 21:00:00,1.28981,1.29047,1.28858,1.2893,649.2
2010.07.23 21:15:00,1.28932,1.29015,1.28785,1.29007,636.3
2010.07.23 21:30:00,1.28992,1.29074,1.28917,1.29049,686.4
2010.07.23 21:45:00,1.29051,1.29307,1.29051,1.29192,547.6
2010.07.23 22:00:00,1.29199,1.29222,1.29094,1.29177,614.4
2010.07.23 22:15:00,1.29174,1.29275,1.29114,1.29162,708
2010.07.23 22:30:00,1.29144,1.29219,1.29108,1.29122,635.2
2010.07.23 22:45:00,1.29125,1.29172,1.29072,1.29144,868
2010.07.23 23:00:00,1.29136,1.29187,1.2908,1.29117,657.2
2010.07.23 23:15:00,1.29122,1.29177,1.29101,1.29136,992.2
2010.07.23 23:30:00,1.29138,1.29163,1.29032,1.29061,868.8
2010.07.23 23:45:00,1.29072,1.29166,1.29046,1.29085,940.4
2010.07.26 00:00:00,1.28985,1.28993,1.28873,1.28946,843.2
2010.07.26 00:15:00,1.28985,1.29106,1.28933,1.29026,483.4
2010.07.26 00:30:00,1.29008,1.29037,1.28937,1.28995,450.1
2010.07.26 00:45:00,1.28996,1.29024,1.28929,1.2896,653.8
2010.07.26 01:00:00,1.28955,1.28991,1.28869,1.28889,522.7
2010.07.26 01:15:00,1.28882,1.28913,1.28746,1.28863,434.6
2010.07.26 01:30:00,1.28794,1.28963,1.28794,1.28963,481.7
2010.07.26 01:45:00,1.28954,1.28968,1.28826,1.2887,664.2
2010.07.26 02:00:00,1.28861,1.28908,1.28823,1.28873,631.9
2010.07.26 02:15:00,1.28892,1.2896,1.28847,1.28945,487.1
2010.07.26 02:30:00,1.28951,1.29112,1.28918,1.29086,483.3
2010.07.26 02:45:00,1.29106,1.29258,1.29036,1.29217,554.1
2010.07.26 03:00:00,1.29216,1.29303,1.29157,1.29228,560.8
2010.07.26 03:15:00,1.29232,1.29392,1.29169,1.29331,502.3
2010.07.26 03:30:00,1.2934,1.29353,1.29097,1.29143,481.5
2010.07.26 03:45:00,1.29121,1.29222,1.29077,1.29097,720.5
2010.07.26 04:00:00,1.29108,1.29285,1.29098,1.29272,548.6
2010.07.26 04:15:00,1.29303,1.29422,1.29227,1.29358,435.8
2010.07.26 04:30:00,1.29335,1.29384,1.29224,1.29256,467.4
2010.07.26 04:45:00,1.29251,1.29369,1.29226,1.2932,532.1
2010.07.26 05:00:00,1.29332,1.29436,1.29299,1.29422,608.4
2010.07.26 05:15:00,1.29429,1.29437,1.2929,1.29319,449.2
2010.07.26 05:30:00,1.29304,1.29359,1.29291,1.29343,501.8
2010.07.26 05:45:00,1.29349,1.29372,1.29198,1.29226,959.5
2010.07.26 06:00:00,1.29225,1.29301,1.29204,1.29264,1015.9
2010.07.26 06:15:00,1.29294,1.29299,1.29173,1.29215,797.6
2010.07.26 06:30:00,1.29216,1.29268,1.29166,1.29258,981.3
2010.07.26 06:45:00,1.29272,1.29352,1.29222,1.29291,757.8
2010.07.26 07:00:00,1.29287,1.29408,1.29246,1.29346,745.3
2010.07.26 07:15:00,1.29355,1.29398,1.29294,1.29316,597.3
2010.07.26 07:30:00,1.29322,1.29353,1.2925,1.29288,756.7
2010.07.26 07:45:00,1.29251,1.29306,1.2921,1.2928,684
2010.07.26 08:00:00,1.2925,1.29293,1.29204,1.29258,492.8
2010.07.26 08:15:00,1.29265,1.29293,1.29164,1.29175,753.9
2010.07.26 08:30:00,1.29182,1.29203,1.29092,1.29165,596.7
2010.07.26 08:45:00,1.29193,1.29201,1.2902,1.29088,751.6
2010.07.26 09:00:00,1.29103,1.29357,1.29055,1.29309,708.7
2010.07.26 09:15:00,1.29294,1.2947,1.29281,1.29395,662.7
2010.07.26 09:30:00,1.29398,1.29535,1.29279,1.29508,992.8
2010.07.26 09:45:00,1.29533,1.29585,1.29395,1.29506,725.3
2010.07.26 10:00:00,1.29497,1.29514,1.29225,1.29269,946.8
2010.07.26 10:15:00,1.29279,1.29377,1.29203,1.29296,950.4
2010.07.26 10:30:00,1.29334,1.2934,1.29104,1.29249,1019.4
2010.07.26 10:45:00,1.29243,1.29365,1.29156,1.29202,1200.3
2010.07.26 11:00:00,1.29196,1.29336,1.29127,1.2929,1341.5
2010.07.26 11:15:00,1.29281,1.29306,1.28971,1.29003,988.6
2010.07.26 11:30:00,1.29005,1.29092,1.28862,1.29081,1209.9
2010.07.26 11:45:00,1.29082,1.29113,1.28953,1.29032,1215.5
2010.07.26 12:00:00,1.29027,1.29087,1.2896,1.28998,1187.3
2010.07.26 12:15:00,1.2901,1.29037,1.28916,1.28972,1422.8
2010.07.26 12:30:00,1.2898,1.29123,1.28942,1.2908,1135.5
2010.07.26 12:45:00,1.29084,1.29094,1.2894,1.29044,1617.2
2010.07.26 13:00:00,1.29053,1.29125,1.28901,1.2894,1177.1
2010.07.26 13:15:00,1.28935,1.29116,1.28874,1.29085,1732.3
2010.07.26 13:30:00,1.29076,1.29168,1.28973,1.2912,1062
2010.07.26 13:45:00,1.29122,1.29154,1.2904,1.29084,1125.9
2010.07.26 14:00:00,1.29088,1.29348,1.29004,1.29334,1022.5
2010.07.26 14:15:00,1.29365,1.29438,1.29171,1.29244,775.6
2010.07.26 14:30:00,1.29234,1.2937,1.29174,1.29342,925.7
2010.07.26 14:45:00,1.29336,1.29451,1.29296,1.29344,852.4
2010.07.26 15:00:00,1.29324,1.29419,1.29225,1.29274,720.5
2010.07.26 15:15:00,1.29287,1.29312,1.29174,1.29235,785.7
2010.07.26 15:30:00,1.29239,1.29373,1.29223,1.29348,841.2
2010.07.26 15:45:00,1.29347,1.29387,1.29233,1.29286,993.9
2010.07.26 16:00:00,1.29305,1.29475,1.29229,1.2945,957.2
2010.07.26 16:15:00,1.2944,1.29489,1.29344,1.29384,842.8
2010.07.26 16:30:00,1.29388,1.29478,1.29312,1.29406,882.3
2010.07.26 16:45:00,1.29406,1.29468,1.29362,1.29407,1003.5
2010.07.26 17:00:00,1.29403,1.29526,1.29373,1.29505,1119.2
2010.07.26 17:15:00,1.29512,1.29534,1.29392,1.29461,918.8
2010.07.26 17:30:00,1.29461,1.29479,1.29279,1.29303,983.4
2010.07.26 17:45:00,1.29293,1.29386,1.29234,1.29354,1040.3
2010.07.26 18:00:00,1.29363,1.29627,1.29312,1.2958,1087.4
2010.07.26 18:15:00,1.29589,1.29751,1.29545,1.29663,1205.5
2010.07.26 18:30:00,1.29664,1.29837,1.29643,1.29803,1163.8
2010.07.26 18:45:00,1.29799,1.29857,1.29728,1.29821,1024.8
2010.07.26 19:00:00,1.29793,1.29979,1.29789,1.29902,969.1
2010.07.26 19:15:00,1.29879,1.29996,1.29853,1.29949,1043.7
2010.07.26 19:30:00,1.29962,1.30002,1.29855,1.29865,984.7
2010.07.26 19:45:00,1.29864,1.29967,1.29835,1.29906,1176.7
2010.07.26 20:00:00,1.29936,1.30013,1.29914,1.29977,816.6
2010.07.26 20:15:00,1.29955,1.30045,1.29917,1.29995,1008.1
2010.07.26 20:30:00,1.29995,1.30046,1.29886,1.29982,968.8
2010.07.26 20:45:00,1.29989,1.30017,1.29867,1.2991,847.7
2010.07.26 21:00:00,1.29905,1.29916,1.29836,1.29868,927.4
2010.07.26 21:15:00,1.29871,1.29926,1.29816,1.29858,902.1
2010.07.26 21:30:00,1.29838,1.29969,1.29826,1.29945,643.2
2010.07.26 21:45:00,1.29936,1.29948,1.29812,1.29863,797.9
2010.07.26 22:00:00,1.2985,1.29964,1.29838,1.29921,663.6
2010.07.26 22:15:00,1.29935,1.30065,1.299,1.30046,712.5
2010.07.26 22:30:00,1.30036,1.30067,1.29902,1.29948,806.5
2010.07.26 22:45:00,1.29966,1.30015,1.29915,1.29946,851.2
2010.07.26 23:00:00,1.29945,1.2996,1.29882,1.29924,1010.2
2010.07.26 23:15:00,1.2991,1.29939,1.29874,1.29912,1134.4
2010.07.26 23:30:00,1.2989,1.29936,1.29867,1.29892,675
2010.07.26 23:45:00,1.29906,1.29969,1.29838,1.29938,941.1
2010.07.27 00:00:00,1.2992,1.29983,1.29855,1.29925,928.7
2010.07.27 00:15:00,1.29929,1.29964,1.29856,1.29922,724.2
2010.07.27 00:30:00,1.29919,1.29961,1.29841,1.29889,961.9
2010.07.27 00:45:00,1.29892,1.29909,1.29833,1.29855,1010.9
2010.07.27 01:00:00,1.29864,1.29888,1.29819,1.29867,398
2010.07.27 01:15:00,1.29868,1.29913,1.29835,1.29898,403.8
2010.07.27 01:30:00,1.29859,1.29922,1.29841,1.29911,350.6
2010.07.27 01:45:00,1.2993,1.2997,1.2987,1.29921,355
2010.07.27 02:00:00,1.29939,1.29963,1.29877,1.29943,345.7
2010.07.27 02:15:00,1.29945,1.29956,1.29844,1.29879,419.8
2010.07.27 02:30:00,1.29892,1.29917,1.29849,1.29917,365.3
2010.07.27 02:45:00,1.29899,1.29912,1.29801,1.29827,371
2010.07.27 03:00:00,1.29793,1.29916,1.29791,1.29904,574.4
2010.07.27 03:15:00,1.29902,1.29929,1.2982,1.29894,511.5
2010.07.27 03:30:00,1.29885,1.29911,1.29816,1.29846,463.4
2010.07.27 03:45:00,1.29858,1.29871,1.29771,1.29796,744.8
2010.07.27 04:00:00,1.29798,1.29879,1.29778,1.29856,591
2010.07.27 04:15:00,1.29848,1.29955,1.29838,1.29899,429.3
2010.07.27 04:30:00,1.29885,1.30032,1.29826,1.30022,411.2
2010.07.27 04:45:00,1.30029,1.30122,1.30011,1.30049,598.1
2010.07.27 05:00:00,1.30047,1.3016,1.30005,1.30142,577.1
2010.07.27 05:15:00,1.30139,1.30171,1.30068,1.30068,495.6
2010.07.27 05:30:00,1.30064,1.30108,1.30014,1.30046,560.6
2010.07.27 05:45:00,1.30046,1.30136,1.30022,1.30084,909.5
2010.07.27 06:00:00,1.30095,1.30175,1.30062,1.30143,1045.2
2010.07.27 06:15:00,1.3014,1.30176,1.30103,1.30163,828.2
2010.07.27 06:30:00,1.30136,1.30169,1.30052,1.30082,820.2
2010.07.27 06:45:00,1.30078,1.30115,1.30056,1.30093,758.1
2010.07.27 07:00:00,1.3009,1.30096,1.2997,1.30021,685.8
2010.07.27 07:15:00,1.30019,1.30035,1.2991,1.29944,617.9
2010.07.27 07:30:00,1.29935,1.29997,1.299,1.29937,742.4
2010.07.27 07:45:00,1.29947,1.29984,1.29904,1.29925,592.9
2010.07.27 08:00:00,1.29909,1.30106,1.29901,1.30031,524.4
2010.07.27 08:15:00,1.3005,1.30102,1.29976,1.30061,586.3
2010.07.27 08:30:00,1.30068,1.30143,1.30036,1.30079,546
2010.07.27 08:45:00,1.30088,1.3018,1.30045,1.30096,695.1
2010.07.27 09:00:00,1.30099,1.30146,1.29883,1.29883,807.6
2010.07.27 09:15:00,1.29922,1.30042,1.29867,1.2999,727.9
2010.07.27 09:30:00,1.3,1.30114,1.29907,1.29961,985.1
2010.07.27 09:45:00,1.29969,1.30208,1.29955,1.30074,678.5
2010.07.27 10:00:00,1.30054,1.30135,1.29976,1.3009,956.6
2010.07.27 10:15:00,1.30105,1.30143,1.29769,1.29903,976.2
2010.07.27 10:30:00,1.29927,1.29973,1.29801,1.29838,982.3
2010.07.27 10:45:00,1.29832,1.29856,1.29704,1.29775,1153.6
2010.07.27 11:00:00,1.29767,1.30113,1.29762,1.30034,1332.2
2010.07.27 11:15:00,1.30051,1.30077,1.29934,1.29995,1094.4
2010.07.27 11:30:00,1.29982,1.30085,1.29942,1.30013,1122.7
2010.07.27 11:45:00,1.30023,1.30098,1.2996,1.29997,1184.5
2010.07.27 12:00:00,1.29996,1.30014,1.29723,1.2978,1126.7
2010.07.27 12:15:00,1.29766,1.29872,1.29627,1.29657,1468.6
2010.07.27 12:30:00,1.29655,1.29795,1.29634,1.29772,1245.1
2010.07.27 12:45:00,1.29774,1.29877,1.29695,1.29854,1508.6
2010.07.27 13:00:00,1.29843,1.30074,1.29781,1.29988,1186.5
2010.07.27 13:15:00,1.30005,1.30162,1.29892,1.30142,1817.4
2010.07.27 13:30:00,1.30152,1.30156,1.29945,1.30016,1050.1
2010.07.27 13:45:00,1.3004,1.30056,1.29904,1.29961,1044.1
2010.07.27 14:00:00,1.29968,1.30351,1.29943,1.30152,947.3
2010.07.27 14:15:00,1.30166,1.30333,1.30115,1.30246,824.2
2010.07.27 14:30:00,1.30242,1.30358,1.30193,1.30279,898.4
2010.07.27 14:45:00,1.30296,1.30464,1.30233,1.30408,745.7
2010.07.27 15:00:00,1.30396,1.30448,1.30282,1.30297,796.1
2010.07.27 15:15:00,1.30289,1.30435,1.30264,1.30423,748.1
2010.07.27 15:30:00,1.30423,1.30428,1.30262,1.30312,841.2
2010.07.27 15:45:00,1.30324,1.30355,1.29996,1.30036,1086.7
2010.07.27 16:00:00,1.30025,1.30083,1.29903,1.29971,995.7
2010.07.27 16:15:00,1.29959,1.30004,1.29825,1.2995,793
2010.07.27 16:30:00,1.29944,1.29969,1.29791,1.29873,910.3
2010.07.27 16:45:00,1.29896,1.29984,1.29811,1.29951,1229
2010.07.27 17:00:00,1.29953,1.30092,1.29576,1.29653,1078.5
2010.07.27 17:15:00,1.29661,1.29861,1.29608,1.2984,991.2
2010.07.27 17:30:00,1.29846,1.29867,1.29678,1.29713,1178.7
2010.07.27 17:45:00,1.29703,1.29896,1.29672,1.29824,1049.6
2010.07.27 18:00:00,1.29851,1.29867,1.29536,1.2962,1087.2
2010.07.27 18:15:00,1.29616,1.29765,1.29503,1.29733,1138.5
2010.07.27 18:30:00,1.29744,1.29868,1.2972,1.29771,1057.9
2010.07.27 18:45:00,1.29773,1.29845,1.29739,1.29808,1054.1
2010.07.27 19:00:00,1.2981,1.29999,1.29755,1.2999,1061.3
2010.07.27 19:15:00,1.29994,1.30091,1.29944,1.29978,991.7
2010.07.27 19:30:00,1.29981,1.29989,1.2983,1.29862,1025.4
2010.07.27 19:45:00,1.29853,1.29867,1.29771,1.29846,1292.9
2010.07.27 20:00:00,1.29848,1.29897,1.29781,1.29795,777.4
2010.07.27 20:15:00,1.29805,1.29856,1.29649,1.29686,1053.1
2010.07.27 20:30:00,1.2967,1.29795,1.29652,1.29774,966.6
2010.07.27 20:45:00,1.29775,1.29896,1.29756,1.29839,961.1
2010.07.27 21:00:00,1.29844,1.29879,1.29769,1.2986,835.5
2010.07.27 21:15:00,1.29851,1.29916,1.29807,1.29868,801.3
2010.07.27 21:30:00,1.29867,1.29957,1.29847,1.29873,698.9
2010.07.27 21:45:00,1.29888,1.29935,1.29826,1.29885,813.4
2010.07.27 22:00:00,1.29892,1.29985,1.29856,1.29872,692.4
2010.07.27 22:15:00,1.29894,1.29967,1.29875,1.29944,854.3
2010.07.27 22:30:00,1.29947,1.30017,1.29915,1.29999,945.8
2010.07.27 22:45:00,1.29991,1.30058,1.29952,1.30024,916.1
2010.07.27 23:00:00,1.30022,1.30071,1.29984,1.30056,1042.2
2010.07.27 23:15:00,1.30041,1.30095,1.29855,1.29925,1090.8
2010.07.27 23:30:00,1.29929,1.29993,1.29904,1.29955,627.6
2010.07.27 23:45:00,1.29965,1.2998,1.29876,1.29962,957.2
2010.07.28 00:00:00,1.29938,1.29988,1.29899,1.29935,778.9
2010.07.28 00:15:00,1.29916,1.2998,1.29911,1.29954,710.4
2010.07.28 00:30:00,1.29938,1.30035,1.29928,1.30009,857.8
2010.07.28 00:45:00,1.3002,1.30073,1.29962,1.30022,1005.9
2010.07.28 01:00:00,1.29982,1.30004,1.29934,1.29957,393.9
2010.07.28 01:15:00,1.29968,1.29992,1.29938,1.29973,436.1
2010.07.28 01:30:00,1.29961,1.30039,1.29946,1.29972,348
2010.07.28 01:45:00,1.29979,1.29983,1.29866,1.29886,414.8
2010.07.28 02:00:00,1.29902,1.29969,1.29869,1.29934,448
2010.07.28 02:15:00,1.2995,1.29966,1.29859,1.2987,467.3
2010.07.28 02:30:00,1.2986,1.29902,1.29814,1.29869,405.1
2010.07.28 02:45:00,1.29869,1.29888,1.29819,1.29885,352.1
2010.07.28 03:00:00,1.29885,1.29913,1.29816,1.29866,560.8
2010.07.28 03:15:00,1.29875,1.29897,1.29801,1.29846,512.1
2010.07.28 03:30:00,1.29823,1.2985,1.29714,1.29757,522
2010.07.28 03:45:00,1.29741,1.29819,1.29715,1.29748,669.8
2010.07.28 04:00:00,1.29725,1.29915,1.29725,1.29886,545.4
2010.07.28 04:15:00,1.29886,1.29914,1.29756,1.29781,467.8
2010.07.28 04:30:00,1.2979,1.29875,1.29659,1.29842,381.4
2010.07.28 04:45:00,1.29846,1.29881,1.29706,1.29732,513
2010.07.28 05:00:00,1.29736,1.29886,1.29705,1.29844,668.1
2010.07.28 05:15:00,1.29853,1.29879,1.29791,1.29849,475.6
2010.07.28 05:30:00,1.29843,1.29893,1.29801,1.29847,497.8
2010.07.28 05:45:00,1.29841,1.29979,1.29834,1.29932,817.3
2010.07.28 06:00:00,1.29925,1.30027,1.29886,1.29991,1021.9
2010.07.28 06:15:00,1.29996,1.30038,1.29937,1.30009,802.5
2010.07.28 06:30:00,1.29994,1.3007,1.29932,1.29975,992.2
2010.07.28 06:45:00,1.29973,1.30016,1.2993,1.29963,668.8
2010.07.28 07:00:00,1.29932,1.29964,1.29865,1.29945,800.8
2010.07.28 07:15:00,1.29926,1.30027,1.29903,1.29976,690.8
2010.07.28 07:30:00,1.29995,1.30006,1.29924,1.29951,592.8
2010.07.28 07:45:00,1.29943,1.30003,1.29919,1.2995,651.6
2010.07.28 08:00:00,1.29952,1.30055,1.29899,1.3004,531.1
2010.07.28 08:15:00,1.3005,1.30085,1.29997,1.30054,623.3
2010.07.28 08:30:00,1.30078,1.30179,1.30058,1.30124,726.4
2010.07.28 08:45:00,1.30146,1.30155,1.30032,1.30069,702.8
2010.07.28 09:00:00,1.30059,1.30175,1.3002,1.30114,710.9
2010.07.28 09:15:00,1.30127,1.30251,1.30113,1.30146,723
2010.07.28 09:30:00,1.30136,1.30304,1.3009,1.30223,1014.3
2010.07.28 09:45:00,1.30217,1.30323,1.30114,1.30172,681.6
2010.07.28 10:00:00,1.30169,1.30424,1.30131,1.30281,1060
2010.07.28 10:15:00,1.30262,1.30325,1.30104,1.30133,960.4
2010.07.28 10:30:00,1.30143,1.30282,1.30112,1.3015,1019.2
2010.07.28 10:45:00,1.30146,1.30157,1.29915,1.29967,1115
2010.07.28 11:00:00,1.2995,1.30007,1.29853,1.29924,1325.2
2010.07.28 11:15:00,1.29915,1.30073,1.29838,1.30062,1070.7
2010.07.28 11:30:00,1.30067,1.30149,1.30014,1.30035,1080.1
2010.07.28 11:45:00,1.30006,1.30119,1.29975,1.30091,1324.9
2010.07.28 12:00:00,1.3011,1.30215,1.30068,1.30201,1150.5
2010.07.28 12:15:00,1.30194,1.30232,1.30121,1.30202,1398.9
2010.07.28 12:30:00,1.30214,1.30295,1.30021,1.30087,1123.2
2010.07.28 12:45:00,1.30075,1.30102,1.29946,1.30044,1447.1
2010.07.28 13:00:00,1.30041,1.30066,1.29931,1.30001,1281.2
2010.07.28 13:15:00,1.30015,1.30055,1.29825,1.29904,1779.9
2010.07.28 13:30:00,1.29922,1.29977,1.29805,1.29961,1062.1
2010.07.28 13:45:00,1.29967,1.30026,1.29855,1.29904,1120.7
2010.07.28 14:00:00,1.29906,1.30026,1.29874,1.2996,1019.1
2010.07.28 14:15:00,1.29952,1.30104,1.29917,1.30086,864.7
2010.07.28 14:30:00,1.30081,1.30094,1.29943,1.29991,868.2
2010.07.28 14:45:00,1.29972,1.30084,1.29921,1.30027,784
2010.07.28 15:00:00,1.30022,1.30055,1.29868,1.29926,698.3
2010.07.28 15:15:00,1.29908,1.29927,1.29818,1.29876,811.3
2010.07.28 15:30:00,1.29878,1.29989,1.29809,1.29887,831.7
2010.07.28 15:45:00,1.29891,1.29906,1.29715,1.29857,1145.6
2010.07.28 16:00:00,1.29887,1.29899,1.29754,1.29842,1016.9
2010.07.28 16:15:00,1.29845,1.29927,1.29746,1.29837,770.9
2010.07.28 16:30:00,1.29824,1.30141,1.29805,1.30046,1003.2
2010.07.28 16:45:00,1.30043,1.30227,1.30005,1.30125,1151.5
2010.07.28 17:00:00,1.30123,1.30176,1.30047,1.30127,1163.7
2010.07.28 17:15:00,1.30127,1.3024,1.30118,1.30192,979.1
2010.07.28 17:30:00,1.30196,1.30296,1.30124,1.30244,1118.2
2010.07.28 17:45:00,1.30266,1.30296,1.30096,1.30104,1101.2
2010.07.28 18:00:00,1.30128,1.30168,1.30013,1.30116,1101.8
2010.07.28 18:15:00,1.30125,1.30138,1.30033,1.30084,1125.3
2010.07.28 18:30:00,1.30082,1.30175,1.30022,1.30029,1091.3
2010.07.28 18:45:00,1.30044,1.30065,1.29873,1.29969,1072.3
2010.07.28 19:00:00,1.29982,1.30013,1.2989,1.29946,955.4
2010.07.28 19:15:00,1.29942,1.29986,1.29883,1.29918,1009.5
2010.07.28 19:30:00,1.29924,1.29967,1.29891,1.29926,932.1
2010.07.28 19:45:00,1.29925,1.30007,1.29903,1.29967,1182.8
2010.07.28 20:00:00,1.29968,1.30067,1.29923,1.29971,749.4
2010.07.28 20:15:00,1.29972,1.2998,1.29853,1.29896,967
2010.07.28 20:30:00,1.2988,1.29971,1.29876,1.29948,953.1
2010.07.28 20:45:00,1.29934,1.29996,1.29895,1.29922,880.7
2010.07.28 21:00:00,1.29921,1.29958,1.29854,1.29913,923.6
2010.07.28 21:15:00,1.29909,1.29914,1.29759,1.29837,746.6
2010.07.28 21:30:00,1.29809,1.29907,1.29809,1.29872,684.5
2010.07.28 21:45:00,1.29871,1.29897,1.29748,1.29791,796.3
2010.07.28 22:00:00,1.29791,1.29819,1.29704,1.29737,658.6
2010.07.28 22:15:00,1.29719,1.29834,1.29664,1.29782,687.6
2010.07.28 22:30:00,1.29763,1.29848,1.29758,1.2981,828.4
2010.07.28 22:45:00,1.29811,1.29887,1.29752,1.29854,1026.2
2010.07.28 23:00:00,1.29859,1.2992,1.29813,1.29904,1051.1
2010.07.28 23:15:00,1.299,1.30013,1.29883,1.29993,1120.4
2010.07.28 23:30:00,1.29994,1.30011,1.29885,1.29924,752.1
2010.07.28 23:45:00,1.29925,1.29978,1.2988,1.29936,973.8
2010.07.29 00:00:00,1.29946,1.29968,1.2984,1.29899,868.9
2010.07.29 00:15:00,1.29905,1.29946,1.29843,1.29878,612.9
2010.07.29 00:30:00,1.29904,1.29917,1.2985,1.29881,957.7
2010.07.29 00:45:00,1.29888,1.29915,1.29831,1.29893,1051.5
2010.07.29 01:00:00,1.29869,1.29952,1.2986,1.29927,369.5
2010.07.29 01:15:00,1.29936,1.29956,1.29866,1.29885,381.7
2010.07.29 01:30:00,1.29871,1.29927,1.29837,1.29869,414.2
2010.07.29 01:45:00,1.2988,1.29933,1.29834,1.29925,461.2
2010.07.29 02:00:00,1.29928,1.29973,1.29915,1.29952,354.1
2010.07.29 02:15:00,1.2997,1.29998,1.29932,1.29967,457.5
2010.07.29 02:30:00,1.29977,1.30032,1.29951,1.29987,370.1
2010.07.29 02:45:00,1.29957,1.29997,1.2994,1.29971,378
2010.07.29 03:00:00,1.29987,1.30031,1.29943,1.29948,544
2010.07.29 03:15:00,1.29943,1.29974,1.29857,1.29914,524
2010.07.29 03:30:00,1.29916,1.29985,1.29877,1.29905,461
2010.07.29 03:45:00,1.29889,1.29918,1.29802,1.2985,704.3
2010.07.29 04:00:00,1.2984,1.29892,1.29779,1.29816,622.3
2010.07.29 04:15:00,1.29846,1.29908,1.2978,1.2988,471.7
2010.07.29 04:30:00,1.29888,1.29938,1.2983,1.29841,399.2
2010.07.29 04:45:00,1.29878,1.29968,1.2984,1.29912,476
2010.07.29 05:00:00,1.2991,1.29951,1.29853,1.29902,615.4
2010.07.29 05:15:00,1.29895,1.2993,1.29851,1.29887,454.1
2010.07.29 05:30:00,1.29878,1.2996,1.29854,1.29932,548.7
2010.07.29 05:45:00,1.29922,1.29986,1.29914,1.29974,980
2010.07.29 06:00:00,1.29957,1.30028,1.29937,1.29971,987.7
2010.07.29 06:15:00,1.29978,1.30098,1.29947,1.30072,754.4
2010.07.29 06:30:00,1.3006,1.3011,1.30014,1.30063,956.4
2010.07.29 06:45:00,1.30061,1.30137,1.30023,1.30088,680.7
2010.07.29 07:00:00,1.30087,1.30117,1.30026,1.30074,735.8
2010.07.29 07:15:00,1.30079,1.30134,1.30064,1.30127,608.7
2010.07.29 07:30:00,1.3009,1.30156,1.30071,1.3014,762.6
2010.07.29 07:45:00,1.30132,1.30154,1.30092,1.30135,611.2
2010.07.29 08:00:00,1.30142,1.30155,1.3008,1.30103,552.2
2010.07.29 08:15:00,1.30103,1.30116,1.30034,1.30078,676.7
2010.07.29 08:30:00,1.30085,1.30164,1.30065,1.30126,657.1
2010.07.29 08:45:00,1.30133,1.30169,1.30066,1.30091,665.8
2010.07.29 09:00:00,1.30104,1.30152,1.3003,1.30125,711.4
2010.07.29 09:15:00,1.30128,1.30274,1.30091,1.30258,774.3
2010.07.29 09:30:00,1.30283,1.30447,1.30244,1.30338,950.8
2010.07.29 09:45:00,1.30327,1.30461,1.30225,1.30286,692.9
2010.07.29 10:00:00,1.30264,1.30425,1.30259,1.30371,1041
2010.07.29 10:15:00,1.30371,1.30408,1.30235,1.30254,942.8
2010.07.29 10:30:00,1.30258,1.30319,1.30202,1.30292,908.2
2010.07.29 10:45:00,1.30308,1.30326,1.3021,1.30271,1207.8
2010.07.29 11:00:00,1.30263,1.30671,1.30236,1.30587,1275
2010.07.29 11:15:00,1.30594,1.30756,1.30548,1.30716,1116.2
2010.07.29 11:30:00,1.30716,1.30774,1.30659,1.30692,1208.1
2010.07.29 11:45:00,1.30692,1.30723,1.30579,1.30668,1148
2010.07.29 12:00:00,1.3068,1.30749,1.3059,1.30661,1073.5
2010.07.29 12:15:00,1.30671,1.30702,1.30581,1.30688,1368.7
2010.07.29 12:30:00,1.30682,1.30842,1.30653,1.30723,1165.1
2010.07.29 12:45:00,1.3072,1.30836,1.307,1.30782,1414.7
2010.07.29 13:00:00,1.30773,1.30872,1.30747,1.3079,1214.8
2010.07.29 13:15:00,1.30791,1.30901,1.30703,1.30755,1780.1
2010.07.29 13:30:00,1.30757,1.30866,1.30712,1.3085,976.3
2010.07.29 13:45:00,1.30844,1.30885,1.30793,1.30832,1117.6
2010.07.29 14:00:00,1.30834,1.30903,1.30785,1.30863,1038.2
2010.07.29 14:15:00,1.3085,1.30911,1.30718,1.30842,809.2
2010.07.29 14:30:00,1.30831,1.30845,1.30695,1.3079,853.3
2010.07.29 14:45:00,1.30782,1.3081,1.30672,1.30706,918.7
2010.07.29 15:00:00,1.30686,1.30757,1.30663,1.30702,718.9
2010.07.29 15:15:00,1.307,1.30743,1.306,1.30646,843
2010.07.29 15:30:00,1.30641,1.30752,1.30593,1.30697,893.2
2010.07.29 15:45:00,1.30705,1.30891,1.30683,1.30854,1088.4
2010.07.29 16:00:00,1.30849,1.30919,1.30785,1.30842,1065.4
2010.07.29 16:15:00,1.30831,1.30925,1.30808,1.30824,813.6
2010.07.29 16:30:00,1.30821,1.3105,1.30807,1.30955,904.5
2010.07.29 16:45:00,1.30952,1.30957,1.30703,1.30765,1141.4
2010.07.29 17:00:00,1.30766,1.30826,1.30672,1.30789,1194.7
2010.07.29 17:15:00,1.30794,1.30838,1.30695,1.30799,1066.6
2010.07.29 17:30:00,1.30806,1.30944,1.30762,1.30913,1091.6
2010.07.29 17:45:00,1.30917,1.31046,1.30818,1.30863,1054.8
2010.07.29 18:00:00,1.30857,1.30907,1.30694,1.30785,986.5
2010.07.29 18:15:00,1.30788,1.30818,1.30633,1.30673,1080.9
2010.07.29 18:30:00,1.30671,1.30715,1.30584,1.3065,1085.1
2010.07.29 18:45:00,1.30665,1.30727,1.30603,1.30623,1032.4
2010.07.29 19:00:00,1.30606,1.30881,1.30593,1.30856,1055.4
2010.07.29 19:15:00,1.30854,1.30884,1.30756,1.30796,985.8
2010.07.29 19:30:00,1.30791,1.30815,1.30675,1.30713,962.4
2010.07.29 19:45:00,1.30722,1.30802,1.30656,1.30777,1271.2
2010.07.29 20:00:00,1.30798,1.30908,1.30733,1.30898,769.7
2010.07.29 20:15:00,1.30908,1.30924,1.30819,1.30912,988
2010.07.29 20:30:00,1.30903,1.30967,1.30834,1.30866,924.4
2010.07.29 20:45:00,1.30882,1.30947,1.30788,1.30922,924.7
2010.07.29 21:00:00,1.30924,1.30966,1.30816,1.30835,906.9
2010.07.29 21:15:00,1.30836,1.30891,1.30794,1.30867,810.7
2010.07.29 21:30:00,1.30865,1.30899,1.30804,1.30847,658.9
2010.07.29 21:45:00,1.30868,1.3088,1.30739,1.30777,813.1
2010.07.29 22:00:00,1.30771,1.30863,1.30724,1.30831,621
2010.07.29 22:15:00,1.3083,1.30972,1.30796,1.30914,760.8
2010.07.29 22:30:00,1.30925,1.30943,1.30854,1.30899,880
2010.07.29 22:45:00,1.30897,1.30903,1.30751,1.30774,950.2
2010.07.29 23:00:00,1.30776,1.30791,1.30714,1.30757,968.7
2010.07.29 23:15:00,1.30747,1.30799,1.30683,1.30714,1011.1
2010.07.29 23:30:00,1.30724,1.30729,1.30652,1.30684,703
2010.07.29 23:45:00,1.30714,1.30795,1.30675,1.30782,927
2010.07.30 00:00:00,1.30779,1.30843,1.30696,1.30787,769.8
2010.07.30 00:15:00,1.30787,1.30888,1.30716,1.30797,745.7
2010.07.30 00:30:00,1.30764,1.30807,1.30727,1.30772,903.3
2010.07.30 00:45:00,1.30746,1.30866,1.30722,1.30803,1008
2010.07.30 01:00:00,1.30799,1.30806,1.30729,1.30755,382.4
2010.07.30 01:15:00,1.30756,1.30765,1.30685,1.30717,348.1
2010.07.30 01:30:00,1.30717,1.3077,1.307,1.30768,360.4
2010.07.30 01:45:00,1.30774,1.30797,1.30717,1.30794,430.4
2010.07.30 02:00:00,1.30742,1.30771,1.30703,1.30729,393.4
2010.07.30 02:15:00,1.3075,1.30762,1.30686,1.30747,375.1
2010.07.30 02:30:00,1.30738,1.30763,1.30698,1.30711,330
2010.07.30 02:45:00,1.30692,1.30752,1.30644,1.30666,299
2010.07.30 03:00:00,1.30667,1.3068,1.30561,1.30589,577.8
2010.07.30 03:15:00,1.30603,1.3063,1.30498,1.30552,574.4
2010.07.30 03:30:00,1.3054,1.30586,1.30449,1.30509,438.7
2010.07.30 03:45:00,1.30538,1.30614,1.3047,1.30498,699.7
2010.07.30 04:00:00,1.30528,1.3062,1.30492,1.30572,581.2
2010.07.30 04:15:00,1.30571,1.30661,1.30556,1.30649,471.8
2010.07.30 04:30:00,1.30645,1.30658,1.30505,1.30577,382.9
2010.07.30 04:45:00,1.30568,1.30681,1.30543,1.30668,451.2
2010.07.30 05:00:00,1.30649,1.3068,1.30574,1.3066,629.6
2010.07.30 05:15:00,1.30651,1.30678,1.30606,1.30646,519.9
2010.07.30 05:30:00,1.30628,1.30662,1.30591,1.30623,509.7
2010.07.30 05:45:00,1.30636,1.30699,1.30509,1.30572,973.2
2010.07.30 06:00:00,1.30545,1.306,1.30513,1.3058,963.3
2010.07.30 06:15:00,1.30576,1.30577,1.3048,1.30515,758.2
2010.07.30 06:30:00,1.30516,1.30579,1.30495,1.30546,843.1
2010.07.30 06:45:00,1.30529,1.30599,1.30515,1.30565,708.6
2010.07.30 07:00:00,1.30574,1.30606,1.30485,1.30594,694.2
2010.07.30 07:15:00,1.30579,1.30656,1.30555,1.30647,626.2
2010.07.30 07:30:00,1.30642,1.30689,1.30609,1.30679,567
2010.07.30 07:45:00,1.30682,1.30747,1.30652,1.3073,660
2010.07.30 08:00:00,1.30732,1.30785,1.30688,1.30724,503.1
2010.07.30 08:15:00,1.30712,1.30733,1.30625,1.30685,637.7
2010.07.30 08:30:00,1.30687,1.30759,1.30624,1.30754,621.8
2010.07.30 08:45:00,1.30723,1.30776,1.30642,1.30671,687.1
2010.07.30 09:00:00,1.30668,1.3074,1.30596,1.3074,775.5
2010.07.30 09:15:00,1.30745,1.30788,1.30651,1.30741,771.1
2010.07.30 09:30:00,1.30746,1.30795,1.30642,1.30776,1034.6
2010.07.30 09:45:00,1.30785,1.30937,1.30761,1.30903,652
2010.07.30 10:00:00,1.30892,1.30911,1.30768,1.30829,1018.6
2010.07.30 10:15:00,1.3082,1.30832,1.30633,1.30654,939.4
2010.07.30 10:30:00,1.30646,1.30667,1.30412,1.30467,1003.4
2010.07.30 10:45:00,1.30474,1.30598,1.30444,1.30525,1046.8
2010.07.30 11:00:00,1.30514,1.30538,1.30244,1.3031,1372.5
2010.07.30 11:15:00,1.30322,1.30405,1.30257,1.30355,1062.1
2010.07.30 11:30:00,1.30346,1.30434,1.30302,1.30419,1075.7
2010.07.30 11:45:00,1.30423,1.30486,1.30343,1.30481,1305.5
2010.07.30 12:00:00,1.30485,1.30543,1.30365,1.30434,1101.9
2010.07.30 12:15:00,1.30434,1.30454,1.302,1.30205,1481.6
2010.07.30 12:30:00,1.30219,1.30219,1.30001,1.30022,1262.9
2010.07.30 12:45:00,1.30025,1.30047,1.29849,1.29865,1537.1
2010.07.30 13:00:00,1.29855,1.29988,1.29784,1.29911,1188.6
2010.07.30 13:15:00,1.29919,1.29957,1.29815,1.29883,1823.5
2010.07.30 13:30:00,1.29885,1.29935,1.29783,1.29929,1052.2
2010.07.30 13:45:00,1.29932,1.30055,1.29888,1.30019,1105.2
2010.07.30 14:00:00,1.3001,1.30102,1.29954,1.30076,1071.7
2010.07.30 14:15:00,1.3008,1.30202,1.30054,1.30076,886.6
2010.07.30 14:30:00,1.30085,1.30224,1.30061,1.30149,874.2
2010.07.30 14:45:00,1.30136,1.30338,1.30115,1.30324,818.3
2010.07.30 15:00:00,1.30327,1.30375,1.30234,1.30279,701.3
2010.07.30 15:15:00,1.30284,1.30345,1.30212,1.30315,767.7
2010.07.30 15:30:00,1.30362,1.30584,1.30236,1.30471,834.2
2010.07.30 15:45:00,1.30494,1.30499,1.30213,1.30296,1123.2
2010.07.30 16:00:00,1.30289,1.30365,1.30185,1.30213,959.6
2010.07.30 16:15:00,1.3021,1.30223,1.30012,1.30033,781.5
2010.07.30 16:30:00,1.30026,1.30146,1.30003,1.30077,950.2
2010.07.30 16:45:00,1.30076,1.30349,1.30062,1.30163,1093.4
2010.07.30 17:00:00,1.30171,1.30297,1.30115,1.30248,1224.4
2010.07.30 17:15:00,1.30238,1.30334,1.3016,1.30259,1025.8
2010.07.30 17:30:00,1.30263,1.30426,1.30245,1.30363,974.4
2010.07.30 17:45:00,1.30373,1.30388,1.30085,1.3028,1054.7
2010.07.30 18:00:00,1.30267,1.30368,1.30194,1.30335,1053.7
2010.07.30 18:15:00,1.30325,1.30478,1.30302,1.30426,1188.9
2010.07.30 18:30:00,1.30426,1.3054,1.30314,1.30523,1076.2
2010.07.30 18:45:00,1.30516,1.30707,1.30475,1.30661,1081.8
2010.07.30 19:00:00,1.3068,1.30705,1.30571,1.30676,1099.6
2010.07.30 19:15:00,1.30681,1.30687,1.30575,1.30613,921.5
2010.07.30 19:30:00,1.30614,1.30629,1.30425,1.30428,1067.1
2010.07.30 19:45:00,1.30425,1.30477,1.30354,1.30476,1246.4
2010.07.30 20:00:00,1.30462,1.30608,1.3043,1.30463,810.9
2010.07.30 20:15:00,1.30475,1.30508,1.30413,1.30476,1000.6
2010.07.30 20:30:00,1.30462,1.30588,1.30433,1.30548,900.3
2010.07.30 20:45:00,1.30545,1.3058,1.30497,1.30542,849.3
2010.07.30 21:00:00,1.30553,1.30615,1.30516,1.30586,828.8
2010.07.30 21:15:00,1.306,1.30649,1.30539,1.30631,800.6
2010.07.30 21:30:00,1.30636,1.30662,1.30588,1.30653,619.9
2010.07.30 21:45:00,1.30636,1.30653,1.30442,1.30535,870.5
2010.07.30 22:00:00,1.30562,1.30576,1.30478,1.30501,641.7
2010.07.30 22:15:00,1.30505,1.30627,1.30484,1.30533,735.1
2010.07.30 22:30:00,1.30542,1.30568,1.30485,1.30556,855.4
2010.07.30 22:45:00,1.30547,1.30567,1.30291,1.30319,849.7
2010.07.30 23:00:00,1.30319,1.30396,1.30264,1.30376,1098.6
2010.07.30 23:15:00,1.3036,1.30407,1.30299,1.30385,1093.8
2010.07.30 23:30:00,1.30367,1.30532,1.30345,1.30459,759.8
2010.07.30 23:45:00,1.30477,1.30554,1.30444,1.30496,864.9
2010.08.02 00:00:00,1.30545,1.3066,1.30545,1.30644,926.2
2010.08.02 00:15:00,1.30647,1.30678,1.30622,1.30644,706.4
2010.08.02 00:30:00,1.30647,1.30666,1.30601,1.30627,913.1
2010.08.02 00:45:00,1.3062,1.30649,1.30581,1.30597,1003.7
2010.08.02 01:00:00,1.30599,1.30635,1.30539,1.30549,398.5
2010.08.02 01:15:00,1.3056,1.30578,1.30531,1.30545,416.2
2010.08.02 01:30:00,1.30544,1.30594,1.30506,1.30545,340.2
2010.08.02 01:45:00,1.3054,1.30593,1.30514,1.30585,435.1
2010.08.02 02:00:00,1.30579,1.3059,1.3054,1.30588,321.7
2010.08.02 02:15:00,1.30589,1.30599,1.30541,1.30585,414.2
2010.08.02 02:30:00,1.30575,1.30592,1.30539,1.30577,378.6
2010.08.02 02:45:00,1.30579,1.30598,1.30533,1.30598,347.3
2010.08.02 03:00:00,1.30592,1.30618,1.30539,1.30603,567.3
2010.08.02 03:15:00,1.30607,1.30727,1.30565,1.30692,467.1
2010.08.02 03:30:00,1.3071,1.30787,1.30682,1.30783,476.4
2010.08.02 03:45:00,1.30782,1.30829,1.30729,1.30753,627.3
2010.08.02 04:00:00,1.30741,1.3084,1.30736,1.30837,547.3
2010.08.02 04:15:00,1.3085,1.30852,1.30767,1.30801,496.1
2010.08.02 04:30:00,1.30795,1.30877,1.3076,1.30837,454.9
2010.08.02 04:45:00,1.30836,1.30866,1.30696,1.30743,479.1
2010.08.02 05:00:00,1.30742,1.30827,1.30706,1.30793,591.8
2010.08.02 05:15:00,1.30793,1.30825,1.30753,1.30777,468.2
2010.08.02 05:30:00,1.30759,1.30794,1.30699,1.30741,512.6
2010.08.02 05:45:00,1.30739,1.30852,1.30703,1.30824,887.1
2010.08.02 06:00:00,1.30807,1.3084,1.30754,1.30793,1091.3
2010.08.02 06:15:00,1.30796,1.3084,1.30744,1.30784,733.8
2010.08.02 06:30:00,1.30798,1.30839,1.30752,1.30822,950.3
2010.08.02 06:45:00,1.3083,1.3087,1.30774,1.30823,672
2010.08.02 07:00:00,1.308,1.30836,1.30752,1.30792,714.5
2010.08.02 07:15:00,1.30771,1.30817,1.30723,1.30748,632.2
2010.08.02 07:30:00,1.30738,1.30797,1.30696,1.30726,649.3
2010.08.02 07:45:00,1.30729,1.30799,1.30711,1.30768,687.9
2010.08.02 08:00:00,1.30765,1.3085,1.30737,1.30804,484.1
2010.08.02 08:15:00,1.30833,1.30873,1.30773,1.30837,594.8
2010.08.02 08:30:00,1.30834,1.30899,1.30743,1.30764,651.3
2010.08.02 08:45:00,1.30761,1.30836,1.30721,1.308,661.3
2010.08.02 09:00:00,1.30795,1.30889,1.30776,1.30811,767.2
2010.08.02 09:15:00,1.30787,1.30824,1.30687,1.30812,720.9
2010.08.02 09:30:00,1.30806,1.30835,1.30628,1.30693,1027.6
2010.08.02 09:45:00,1.30673,1.30785,1.30636,1.30666,721.7
2010.08.02 10:00:00,1.30662,1.30763,1.30558,1.30566,960.8
2010.08.02 10:15:00,1.30584,1.3075,1.30546,1.30684,950
2010.08.02 10:30:00,1.30684,1.30717,1.30564,1.30657,1072.8
2010.08.02 10:45:00,1.30659,1.3076,1.30582,1.30723,1119.4
2010.08.02 11:00:00,1.30727,1.30877,1.30582,1.30604,1242.4
2010.08.02 11:15:00,1.306,1.30749,1.30592,1.30713,972
2010.08.02 11:30:00,1.30711,1.30737,1.3057,1.30622,1152.4
2010.08.02 11:45:00,1.30624,1.30695,1.30559,1.30574,1196
2010.08.02 12:00:00,1.306,1.30665,1.3054,1.30586,1125.1
2010.08.02 12:15:00,1.30592,1.30724,1.30562,1.30686,1336.5
2010.08.02 12:30:00,1.30688,1.30757,1.30604,1.3073,1272.4
2010.08.02 12:45:00,1.30742,1.3075,1.30605,1.30675,1500.3
2010.08.02 13:00:00,1.30673,1.30747,1.30632,1.30692,1202.6
2010.08.02 13:15:00,1.30713,1.30755,1.30654,1.30741,1796.2
2010.08.02 13:30:00,1.30714,1.30846,1.3069,1.3073,998.2
2010.08.02 13:45:00,1.30746,1.30807,1.30654,1.30692,1154.8
2010.08.02 14:00:00,1.30694,1.30769,1.30603,1.30764,987.2
2010.08.02 14:15:00,1.30763,1.30767,1.30621,1.30682,921.5
2010.08.02 14:30:00,1.30673,1.30697,1.30614,1.30656,912.6
2010.08.02 14:45:00,1.30676,1.30746,1.30611,1.30706,929.9
2010.08.02 15:00:00,1.30683,1.30717,1.30632,1.30697,622.6
2010.08.02 15:15:00,1.307,1.30872,1.30661,1.3078,828.8
2010.08.02 15:30:00,1.30774,1.31006,1.3075,1.30954,809.4
2010.08.02 15:45:00,1.30956,1.31163,1.30905,1.31048,1052.8
2010.08.02 16:00:00,1.31049,1.31255,1.31031,1.31227,1068.6
2010.08.02 16:15:00,1.31229,1.31263,1.31113,1.3116,774.8
2010.08.02 16:30:00,1.31164,1.3138,1.31091,1.31356,1053.7
2010.08.02 16:45:00,1.314,1.31473,1.31303,1.31421,1113.6
2010.08.02 17:00:00,1.31408,1.31677,1.31302,1.31642,1189.8
2010.08.02 17:15:00,1.31646,1.31706,1.31581,1.31673,1024.4
2010.08.02 17:30:00,1.31679,1.31762,1.31622,1.31749,1087.1
2010.08.02 17:45:00,1.3175,1.31851,1.317,1.3185,1052.9
2010.08.02 18:00:00,1.31857,1.31926,1.31808,1.31887,1089.1
2010.08.02 18:15:00,1.31872,1.31926,1.31819,1.31903,1218.3
2010.08.02 18:30:00,1.31902,1.31945,1.31805,1.3187,1172.2
2010.08.02 18:45:00,1.31875,1.31897,1.31702,1.31712,978.7
2010.08.02 19:00:00,1.31731,1.31749,1.31602,1.31654,1020.5
2010.08.02 19:15:00,1.3167,1.31732,1.31641,1.3167,1020.3
2010.08.02 19:30:00,1.31686,1.31736,1.3166,1.31702,988.8
2010.08.02 19:45:00,1.31697,1.31756,1.31652,1.31679,1165.5
2010.08.02 20:00:00,1.31684,1.31778,1.31675,1.31753,761.7
2010.08.02 20:15:00,1.31746,1.31799,1.31701,1.31736,1025.1
2010.08.02 20:30:00,1.31734,1.31765,1.31666,1.31755,931.7
2010.08.02 20:45:00,1.31746,1.31783,1.31706,1.31739,915.1
2010.08.02 21:00:00,1.31734,1.31791,1.31683,1.31759,845.7
2010.08.02 21:15:00,1.31783,1.31806,1.31722,1.31722,751.2
2010.08.02 21:30:00,1.31754,1.31831,1.31724,1.31811,656.8
2010.08.02 21:45:00,1.31794,1.31807,1.31646,1.31681,840
2010.08.02 22:00:00,1.31687,1.31797,1.31662,1.31729,689.6
2010.08.02 22:15:00,1.31735,1.31785,1.31685,1.31774,783.2
2010.08.02 22:30:00,1.3175,1.31786,1.31672,1.31706,877.2
2010.08.02 22:45:00,1.31711,1.31751,1.31662,1.31714,994.1
2010.08.02 23:00:00,1.31714,1.31738,1.31667,1.31706,1018
2010.08.02 23:15:00,1.3171,1.31793,1.31689,1.31764,1058.8
2010.08.02 23:30:00,1.31752,1.31822,1.31735,1.31815,733.4
2010.08.02 23:45:00,1.31799,1.31819,1.3171,1.31802,925.6
2010.08.03 00:00:00,1.31803,1.31823,1.31744,1.31808,892.7
2010.08.03 00:15:00,1.31795,1.3185,1.31747,1.31789,673.1
2010.08.03 00:30:00,1.31794,1.31807,1.31718,1.31794,968.3
2010.08.03 00:45:00,1.31782,1.31812,1.3171,1.31738,1104.8
2010.08.03 01:00:00,1.31756,1.31758,1.31696,1.31748,394.1
2010.08.03 01:15:00,1.31745,1.31748,1.31684,1.3172,425.5
2010.08.03 01:30:00,1.31729,1.31753,1.31691,1.31735,364.5
2010.08.03 01:45:00,1.31738,1.3175,1.31681,1.31746,359.6
2010.08.03 02:00:00,1.31729,1.31797,1.31713,1.31786,398
2010.08.03 02:15:00,1.31775,1.31815,1.31732,1.31763,446.2
2010.08.03 02:30:00,1.31753,1.31766,1.31705,1.31713,336
2010.08.03 02:45:00,1.31739,1.31748,1.31698,1.3173,383.7
2010.08.03 03:00:00,1.31692,1.31765,1.31666,1.3174,551.8
2010.08.03 03:15:00,1.31762,1.31812,1.3171,1.31783,469.1
2010.08.03 03:30:00,1.31761,1.31802,1.31692,1.31747,461.7
2010.08.03 03:45:00,1.31751,1.31755,1.31668,1.31706,661.3
2010.08.03 04:00:00,1.31713,1.31761,1.31669,1.31733,588.6
2010.08.03 04:15:00,1.31729,1.31766,1.31689,1.31724,458.9
2010.08.03 04:30:00,1.31733,1.31733,1.31648,1.31665,448.5
2010.08.03 04:45:00,1.31654,1.31712,1.31625,1.31689,459
2010.08.03 05:00:00,1.31678,1.31706,1.31578,1.31636,654.2
2010.08.03 05:15:00,1.3165,1.3168,1.31599,1.31627,569.6
2010.08.03 05:30:00,1.3163,1.31653,1.31593,1.31636,505.3
2010.08.03 05:45:00,1.31628,1.31659,1.31574,1.31642,866
2010.08.03 06:00:00,1.31627,1.3167,1.31597,1.31643,1025.1
2010.08.03 06:15:00,1.31645,1.31669,1.31582,1.31642,882.6
2010.08.03 06:30:00,1.3164,1.31689,1.31592,1.3162,986.4
2010.08.03 06:45:00,1.3165,1.31745,1.3163,1.31683,688.5
2010.08.03 07:00:00,1.31677,1.31692,1.31601,1.3164,651.8
2010.08.03 07:15:00,1.31646,1.31727,1.31611,1.31672,602.5
2010.08.03 07:30:00,1.31645,1.31754,1.31636,1.31721,641.8
2010.08.03 07:45:00,1.31738,1.31757,1.31677,1.31734,557
2010.08.03 08:00:00,1.3171,1.31799,1.31696,1.31727,611.1
2010.08.03 08:15:00,1.31729,1.31756,1.31627,1.31663,667
2010.08.03 08:30:00,1.31648,1.31669,1.31543,1.31562,593.8
2010.08.03 08:45:00,1.31591,1.31617,1.31493,1.31513,596.7
2010.08.03 09:00:00,1.31519,1.31628,1.31492,1.31529,742.6
2010.08.03 09:15:00,1.3153,1.31603,1.31448,1.31567,753.1
2010.08.03 09:30:00,1.31558,1.31804,1.31517,1.31707,1024.9
2010.08.03 09:45:00,1.31729,1.3186,1.31713,1.31798,743.7
2010.08.03 10:00:00,1.318,1.31856,1.31617,1.31709,1120
2010.08.03 10:15:00,1.31731,1.31798,1.31654,1.31784,1029.3
2010.08.03 10:30:00,1.3177,1.32163,1.31757,1.32137,997
2010.08.03 10:45:00,1.3214,1.32294,1.32104,1.32163,1117.3
2010.08.03 11:00:00,1.32166,1.32375,1.32133,1.32344,1405.1
2010.08.03 11:15:00,1.32337,1.32424,1.32215,1.32239,952.2
2010.08.03 11:30:00,1.32227,1.3235,1.32211,1.32312,1090.5
2010.08.03 11:45:00,1.32311,1.32344,1.32195,1.32264,1240.1
2010.08.03 12:00:00,1.32268,1.32324,1.32161,1.32269,1183.6
2010.08.03 12:15:00,1.3226,1.32339,1.32221,1.32292,1355.6
2010.08.03 12:30:00,1.32276,1.32452,1.32258,1.32405,1151.6
2010.08.03 12:45:00,1.32407,1.32467,1.32352,1.32426,1420.2
2010.08.03 13:00:00,1.32459,1.32621,1.32404,1.32532,1129.1
2010.08.03 13:15:00,1.32535,1.32601,1.32412,1.32449,1772.8
2010.08.03 13:30:00,1.32463,1.32516,1.32389,1.32467,1066.7
2010.08.03 13:45:00,1.32474,1.32526,1.32433,1.32458,1084.4
2010.08.03 14:00:00,1.32442,1.32536,1.32405,1.3244,1011.5
2010.08.03 14:15:00,1.32453,1.3249,1.32284,1.32346,821
2010.08.03 14:30:00,1.32344,1.32419,1.32242,1.3229,956.7
2010.08.03 14:45:00,1.32281,1.32348,1.32232,1.32316,807.3
2010.08.03 15:00:00,1.32312,1.32338,1.32156,1.32203,644.4
2010.08.03 15:15:00,1.32201,1.32304,1.32148,1.32284,752.8
2010.08.03 15:30:00,1.32283,1.32475,1.3222,1.32425,858.1
2010.08.03 15:45:00,1.32429,1.32458,1.32291,1.32326,1143.6
2010.08.03 16:00:00,1.32322,1.32359,1.32216,1.32245,996
2010.08.03 16:15:00,1.32241,1.32284,1.32086,1.32121,762.1
2010.08.03 16:30:00,1.32115,1.32254,1.3209,1.32173,976.3
2010.08.03 16:45:00,1.32174,1.32206,1.32003,1.32008,1067.8
2010.08.03 17:00:00,1.32022,1.32123,1.31828,1.31845,1061.5
2010.08.03 17:15:00,1.31847,1.31943,1.31806,1.31874,956.6
2010.08.03 17:30:00,1.31862,1.32149,1.31851,1.32136,978.2
2010.08.03 17:45:00,1.32161,1.32226,1.32041,1.3221,1081.5
2010.08.03 18:00:00,1.32215,1.32376,1.3217,1.32337,1033
2010.08.03 18:15:00,1.32333,1.32356,1.32184,1.3225,1056.3
2010.08.03 18:30:00,1.32254,1.32408,1.32201,1.32317,1180.1
2010.08.03 18:45:00,1.32312,1.32405,1.32231,1.32372,985.5
2010.08.03 19:00:00,1.3237,1.32408,1.32299,1.32359,1057.9
2010.08.03 19:15:00,1.32363,1.3238,1.32235,1.32259,981.8
2010.08.03 19:30:00,1.32251,1.32317,1.32216,1.32271,1081.4
2010.08.03 19:45:00,1.32284,1.32367,1.32233,1.32286,1190.6
2010.08.03 20:00:00,1.32279,1.32331,1.32176,1.32202,875.2
2010.08.03 20:15:00,1.3221,1.32248,1.32156,1.32223,1040.8
2010.08.03 20:30:00,1.32209,1.3226,1.32193,1.32228,891.8
2010.08.03 20:45:00,1.32227,1.32253,1.32165,1.32206,842.9
2010.08.03 21:00:00,1.32218,1.32254,1.32182,1.32223,906.9
2010.08.03 21:15:00,1.32229,1.32275,1.32186,1.32258,794.8
2010.08.03 21:30:00,1.3227,1.32298,1.32178,1.32204,718.3
2010.08.03 21:45:00,1.32206,1.32321,1.32192,1.32302,888.5
2010.08.03 22:00:00,1.32288,1.32356,1.32266,1.32329,690.8
2010.08.03 22:15:00,1.32339,1.32342,1.32252,1.32292,728.3
2010.08.03 22:30:00,1.32271,1.32339,1.32265,1.32332,827.6
2010.08.03 22:45:00,1.32324,1.32335,1.32254,1.32306,898.5
2010.08.03 23:00:00,1.32305,1.32332,1.32279,1.32325,1113.6
2010.08.03 23:15:00,1.32325,1.32349,1.32273,1.32323,970.6
2010.08.03 23:30:00,1.32299,1.32337,1.32274,1.32333,668.2
2010.08.03 23:45:00,1.32328,1.32341,1.32272,1.3228,870.7
2010.08.04 00:00:00,1.32289,1.32355,1.32258,1.32268,803.4
2010.08.04 00:15:00,1.32272,1.32296,1.32219,1.32254,670
2010.08.04 00:30:00,1.32259,1.32325,1.32239,1.32293,914
2010.08.04 00:45:00,1.32281,1.32303,1.32231,1.32258,923.4
2010.08.04 01:00:00,1.32276,1.32279,1.32209,1.32231,355.8
2010.08.04 01:15:00,1.32243,1.32276,1.3219,1.3222,360.7
2010.08.04 01:30:00,1.32229,1.32279,1.32208,1.32266,304.9
2010.08.04 01:45:00,1.32264,1.32276,1.32203,1.32236,414
2010.08.04 02:00:00,1.32232,1.32252,1.32169,1.32205,430.2
2010.08.04 02:15:00,1.32197,1.32245,1.32165,1.32244,389.4
2010.08.04 02:30:00,1.32232,1.32276,1.32176,1.32253,349.7
2010.08.04 02:45:00,1.32241,1.3226,1.32183,1.32198,415.8
2010.08.04 03:00:00,1.32197,1.3226,1.32178,1.32249,538.9
2010.08.04 03:15:00,1.32241,1.32325,1.32176,1.32281,523.3
2010.08.04 03:30:00,1.32296,1.32325,1.32223,1.32263,529.2
2010.08.04 03:45:00,1.32251,1.32261,1.32153,1.32204,686.2
2010.08.04 04:00:00,1.32205,1.32329,1.32164,1.32296,581
2010.08.04 04:15:00,1.32293,1.3234,1.32253,1.32328,419.5
2010.08.04 04:30:00,1.32343,1.32395,1.32276,1.32327,367.1
2010.08.04 04:45:00,1.32349,1.3236,1.3226,1.32289,566.3
2010.08.04 05:00:00,1.32274,1.32318,1.3225,1.32264,666.1
2010.08.04 05:15:00,1.3227,1.32328,1.32211,1.32305,499
2010.08.04 05:30:00,1.32318,1.32344,1.32267,1.32285,521.9
2010.08.04 05:45:00,1.32277,1.32327,1.32206,1.32243,930.8
2010.08.04 06:00:00,1.32236,1.32295,1.32202,1.32253,960.8
2010.08.04 06:15:00,1.32266,1.3228,1.32213,1.32241,744.3
2010.08.04 06:30:00,1.32221,1.32293,1.32144,1.32278,922.5
2010.08.04 06:45:00,1.32272,1.32282,1.32091,1.32159,774.8
2010.08.04 07:00:00,1.32156,1.32168,1.32064,1.3207,704.4
2010.08.04 07:15:00,1.32095,1.3214,1.32052,1.32108,619.3
2010.08.04 07:30:00,1.3209,1.32127,1.32062,1.32093,700.6
2010.08.04 07:45:00,1.3208,1.32147,1.32035,1.32139,574.9
2010.08.04 08:00:00,1.32136,1.32184,1.32083,1.32128,615.9
2010.08.04 08:15:00,1.32122,1.3218,1.32088,1.32127,698.6
2010.08.04 08:30:00,1.32125,1.32197,1.32069,1.32109,629.9
2010.08.04 08:45:00,1.32106,1.32172,1.32022,1.32036,741.4
2010.08.04 09:00:00,1.32045,1.32103,1.31993,1.32066,693.3
2010.08.04 09:15:00,1.32065,1.32189,1.32012,1.32176,791.1
2010.08.04 09:30:00,1.3216,1.32265,1.32132,1.32215,971.8
2010.08.04 09:45:00,1.32217,1.32328,1.32164,1.32237,689.5
2010.08.04 10:00:00,1.32221,1.32252,1.3208,1.32099,967.9
2010.08.04 10:15:00,1.32081,1.32171,1.32039,1.32071,959.3
2010.08.04 10:30:00,1.32081,1.32107,1.32006,1.32058,973.8
2010.08.04 10:45:00,1.32069,1.32101,1.31913,1.31966,1185.8
2010.08.04 11:00:00,1.31983,1.32014,1.31841,1.3189,1239.7
2010.08.04 11:15:00,1.31894,1.31965,1.31839,1.31935,990.7
2010.08.04 11:30:00,1.31943,1.31946,1.31811,1.31912,1090.6
2010.08.04 11:45:00,1.31914,1.32077,1.31897,1.32035,1242.6
2010.08.04 12:00:00,1.32038,1.32174,1.32003,1.32101,1078.8
2010.08.04 12:15:00,1.32114,1.32184,1.32064,1.32114,1290.1
2010.08.04 12:30:00,1.32111,1.32138,1.3198,1.32042,1269.9
2010.08.04 12:45:00,1.3205,1.32056,1.31871,1.31963,1360
2010.08.04 13:00:00,1.31973,1.32104,1.31926,1.3207,1154.2
2010.08.04 13:15:00,1.3208,1.32163,1.32011,1.32136,1806.1
2010.08.04 13:30:00,1.32137,1.32245,1.32087,1.32192,1051
2010.08.04 13:45:00,1.32195,1.32228,1.32104,1.32161,1133.8
2010.08.04 14:00:00,1.3219,1.32237,1.32103,1.32164,950.9
2010.08.04 14:15:00,1.32153,1.32313,1.32132,1.32242,837.3
2010.08.04 14:30:00,1.32235,1.32305,1.3218,1.32202,857.8
2010.08.04 14:45:00,1.32202,1.32314,1.32181,1.32269,787.8
2010.08.04 15:00:00,1.32272,1.32309,1.32088,1.32112,720.1
2010.08.04 15:15:00,1.32123,1.32204,1.32029,1.32165,838.3
2010.08.04 15:30:00,1.32165,1.3217,1.31905,1.3199,932.8
2010.08.04 15:45:00,1.31991,1.32107,1.31946,1.32065,1038.5
2010.08.04 16:00:00,1.32047,1.32142,1.31967,1.32073,962.5
2010.08.04 16:15:00,1.32061,1.32125,1.32015,1.32066,829.7
2010.08.04 16:30:00,1.32073,1.3219,1.32035,1.32163,1085.6
2010.08.04 16:45:00,1.32162,1.32233,1.32102,1.32145,1065.8
2010.08.04 17:00:00,1.32135,1.32166,1.31633,1.317,1082.9
2010.08.04 17:15:00,1.3169,1.31706,1.31552,1.3164,1008.8
2010.08.04 17:30:00,1.31633,1.31674,1.31331,1.31437,984.9
2010.08.04 17:45:00,1.31451,1.31478,1.31303,1.31424,1026.1
2010.08.04 18:00:00,1.31434,1.31526,1.31346,1.31439,991.5
2010.08.04 18:15:00,1.31443,1.31519,1.31402,1.31491,1082.8
2010.08.04 18:30:00,1.31493,1.31695,1.31464,1.31656,1096.1
2010.08.04 18:45:00,1.31655,1.31676,1.31531,1.31568,1036.3
2010.08.04 19:00:00,1.31571,1.31618,1.31526,1.31546,1031.8
2010.08.04 19:15:00,1.31518,1.31673,1.31518,1.31603,920
2010.08.04 19:30:00,1.31598,1.3165,1.31524,1.31613,908.8
2010.08.04 19:45:00,1.31613,1.31638,1.31531,1.31565,1334
2010.08.04 20:00:00,1.31549,1.31566,1.31363,1.31399,797
2010.08.04 20:15:00,1.31377,1.31447,1.31315,1.3139,887.8
2010.08.04 20:30:00,1.31385,1.3146,1.31346,1.31446,872.2
2010.08.04 20:45:00,1.31447,1.31459,1.31306,1.31417,869.2
2010.08.04 21:00:00,1.31415,1.31497,1.31395,1.31482,819.1
2010.08.04 21:15:00,1.315,1.31549,1.31436,1.31504,859.2
2010.08.04 21:30:00,1.31485,1.31617,1.31469,1.31606,668.7
2010.08.04 21:45:00,1.31596,1.31738,1.31547,1.31719,827.7
2010.08.04 22:00:00,1.31708,1.31718,1.31609,1.31696,628.9
2010.08.04 22:15:00,1.31685,1.31738,1.31644,1.31654,778.7
2010.08.04 22:30:00,1.31681,1.31716,1.31635,1.31659,898.1
2010.08.04 22:45:00,1.31649,1.31677,1.31572,1.31637,848.5
2010.08.04 23:00:00,1.31639,1.3166,1.31533,1.31555,1122.7
2010.08.04 23:15:00,1.31558,1.31637,1.31536,1.31575,1117.9
2010.08.04 23:30:00,1.3157,1.31613,1.31465,1.31545,763.3
2010.08.04 23:45:00,1.31549,1.31648,1.31486,1.31597,928.6
2010.08.05 00:00:00,1.31595,1.31655,1.31509,1.31584,846.5
2010.08.05 00:15:00,1.31594,1.31654,1.31541,1.31614,660.3
2010.08.05 00:30:00,1.31626,1.31694,1.31517,1.31568,912.2
2010.08.05 00:45:00,1.31546,1.31599,1.3149,1.31537,1012.2
2010.08.05 01:00:00,1.31522,1.31583,1.31522,1.31567,428.6
2010.08.05 01:15:00,1.31561,1.31636,1.31549,1.31635,409
2010.08.05 01:30:00,1.31627,1.31643,1.31574,1.31619,353.8
2010.08.05 01:45:00,1.31629,1.31632,1.31525,1.31561,427.7
2010.08.05 02:00:00,1.31545,1.31609,1.31501,1.31558,367.3
2010.08.05 02:15:00,1.31575,1.3161,1.31549,1.31578,423.8
2010.08.05 02:30:00,1.3156,1.31601,1.31547,1.31589,343.9
2010.08.05 02:45:00,1.31596,1.31607,1.31528,1.31542,349.7
2010.08.05 03:00:00,1.31546,1.31626,1.31522,1.31597,580.5
2010.08.05 03:15:00,1.31617,1.31746,1.31597,1.31713,514.2
2010.08.05 03:30:00,1.31711,1.31741,1.31643,1.31657,572.6
2010.08.05 03:45:00,1.31659,1.31742,1.31574,1.31591,642.1
2010.08.05 04:00:00,1.31598,1.31648,1.31549,1.31604,697.7
2010.08.05 04:15:00,1.31615,1.31636,1.31572,1.31613,476.9
2010.08.05 04:30:00,1.31576,1.3164,1.3152,1.31572,505.8
2010.08.05 04:45:00,1.31582,1.31604,1.3154,1.31568,495.1
2010.08.05 05:00:00,1.31558,1.31574,1.31423,1.31535,620.9
2010.08.05 05:15:00,1.31537,1.31539,1.3143,1.31479,471.8
2010.08.05 05:30:00,1.31507,1.31568,1.31462,1.31562,487.3
2010.08.05 05:45:00,1.31557,1.31582,1.31505,1.31533,886.4
2010.08.05 06:00:00,1.31534,1.31576,1.3147,1.31514,1025.1
2010.08.05 06:15:00,1.31515,1.31544,1.31456,1.31486,819.1
2010.08.05 06:30:00,1.31491,1.31525,1.3144,1.31475,930.5
2010.08.05 06:45:00,1.31467,1.31512,1.31429,1.31465,710.1
2010.08.05 07:00:00,1.31454,1.31513,1.31442,1.31483,729.9
2010.08.05 07:15:00,1.31487,1.31547,1.31452,1.3151,666.8
2010.08.05 07:30:00,1.31513,1.31536,1.31454,1.31511,652.5
2010.08.05 07:45:00,1.31502,1.31541,1.31448,1.31482,657.5
2010.08.05 08:00:00,1.3143,1.31573,1.3143,1.31537,599.6
2010.08.05 08:15:00,1.31539,1.31656,1.31515,1.31619,633.9
2010.08.05 08:30:00,1.31636,1.31698,1.31538,1.31646,666.7
2010.08.05 08:45:00,1.31619,1.31653,1.31504,1.31595,597
2010.08.05 09:00:00,1.31605,1.31695,1.31553,1.31587,718.3
2010.08.05 09:15:00,1.3158,1.31607,1.31461,1.31526,736.1
2010.08.05 09:30:00,1.31534,1.31591,1.31293,1.31385,1020.8
2010.08.05 09:45:00,1.31383,1.31411,1.31201,1.31246,732.7
2010.08.05 10:00:00,1.3124,1.31352,1.31213,1.31324,1048.7
2010.08.05 10:15:00,1.31323,1.31395,1.31179,1.31295,1001.4
2010.08.05 10:30:00,1.31304,1.31448,1.31282,1.31413,1041.6
2010.08.05 10:45:00,1.31415,1.31486,1.31381,1.31471,1100.5
2010.08.05 11:00:00,1.31469,1.31565,1.31442,1.31467,1214.9
2010.08.05 11:15:00,1.31473,1.31553,1.31435,1.31514,1046.1
2010.08.05 11:30:00,1.31514,1.31729,1.31471,1.31635,1202.7
2010.08.05 11:45:00,1.31632,1.31717,1.31611,1.31663,1297.2
2010.08.05 12:00:00,1.31666,1.31951,1.31603,1.31848,1134.8
2010.08.05 12:15:00,1.31858,1.31997,1.31831,1.31946,1406.5
2010.08.05 12:30:00,1.3195,1.32123,1.31912,1.32041,1152.7
2010.08.05 12:45:00,1.32052,1.32122,1.31962,1.32115,1467.7
2010.08.05 13:00:00,1.32126,1.32204,1.3201,1.32042,1262.7
2010.08.05 13:15:00,1.32075,1.32182,1.32029,1.32161,1780.1
2010.08.05 13:30:00,1.32173,1.32228,1.32101,1.32133,1045.8
2010.08.05 13:45:00,1.32113,1.32218,1.32092,1.32162,1035.1
2010.08.05 14:00:00,1.32174,1.32206,1.32089,1.32124,1023.8
2010.08.05 14:15:00,1.3213,1.32144,1.31991,1.32044,805.4
2010.08.05 14:30:00,1.32044,1.32103,1.3194,1.32007,880.2
2010.08.05 14:45:00,1.31999,1.32097,1.31912,1.31946,919.9
2010.08.05 15:00:00,1.31954,1.31974,1.3178,1.31818,811.1
2010.08.05 15:15:00,1.31825,1.319,1.31781,1.31863,749.2
2010.08.05 15:30:00,1.31872,1.32355,1.31844,1.32275,788.5
2010.08.05 15:45:00,1.32279,1.3233,1.32071,1.32136,1115.1
2010.08.05 16:00:00,1.32132,1.32147,1.31874,1.31931,1094.7
2010.08.05 16:15:00,1.31925,1.31937,1.31706,1.31756,776.6
2010.08.05 16:30:00,1.31747,1.31837,1.31623,1.31748,948.7
2010.08.05 16:45:00,1.31752,1.31774,1.31574,1.31614,1097.9
2010.08.05 17:00:00,1.31615,1.31757,1.31553,1.31741,1169.3
2010.08.05 17:15:00,1.31741,1.31798,1.31633,1.31762,1018.8
2010.08.05 17:30:00,1.31766,1.31804,1.31672,1.31694,1052.7
2010.08.05 17:45:00,1.31684,1.31697,1.31467,1.31541,1102.6
2010.08.05 18:00:00,1.31537,1.31565,1.31324,1.31458,1094.9
2010.08.05 18:15:00,1.31452,1.31527,1.31366,1.31472,1166.1
2010.08.05 18:30:00,1.31471,1.31544,1.31423,1.31493,1052.5
2010.08.05 18:45:00,1.31494,1.31575,1.31404,1.31562,1084.5
2010.08.05 19:00:00,1.31563,1.31573,1.31463,1.31524,996.3
2010.08.05 19:15:00,1.3152,1.31538,1.31425,1.31486,955
2010.08.05 19:30:00,1.31476,1.31565,1.31443,1.3153,1020.1
2010.08.05 19:45:00,1.31519,1.31657,1.31513,1.31595,1158.4
2010.08.05 20:00:00,1.31598,1.31625,1.31476,1.31556,711
2010.08.05 20:15:00,1.31558,1.31704,1.31526,1.31646,1034.2
2010.08.05 20:30:00,1.31628,1.31807,1.31624,1.31749,922.1
2010.08.05 20:45:00,1.31747,1.31867,1.31735,1.31851,922.5
2010.08.05 21:00:00,1.31854,1.31874,1.31724,1.31743,880.4
2010.08.05 21:15:00,1.31751,1.31816,1.31721,1.3176,810.4
2010.08.05 21:30:00,1.31755,1.31823,1.31696,1.31784,691.6
2010.08.05 21:45:00,1.31751,1.31786,1.31673,1.31755,854.1
2010.08.05 22:00:00,1.31754,1.31887,1.31732,1.31853,582.1
2010.08.05 22:15:00,1.31854,1.31875,1.31803,1.31856,719.1
2010.08.05 22:30:00,1.31851,1.31858,1.31704,1.31757,927.7
2010.08.05 22:45:00,1.31743,1.31909,1.31733,1.31886,945.7
2010.08.05 23:00:00,1.31884,1.31947,1.31811,1.31854,1142.6
2010.08.05 23:15:00,1.3186,1.31878,1.3179,1.31853,1112.1
2010.08.05 23:30:00,1.31855,1.31944,1.31815,1.31911,659.8
2010.08.05 23:45:00,1.3192,1.31968,1.31842,1.31891,994.8
2010.08.06 00:00:00,1.31885,1.31943,1.31818,1.31864,790.7
2010.08.06 00:15:00,1.31871,1.31904,1.31823,1.31844,717.2
2010.08.06 00:30:00,1.31843,1.31915,1.31767,1.31818,868.1
2010.08.06 00:45:00,1.31815,1.31878,1.31803,1.31851,1028.7
2010.08.06 01:00:00,1.31831,1.31873,1.31775,1.31792,406.2
2010.08.06 01:15:00,1.31793,1.31848,1.31769,1.31829,379
2010.08.06 01:30:00,1.31799,1.31842,1.31769,1.31802,371.7
2010.08.06 01:45:00,1.31794,1.31862,1.31768,1.31813,453.4
2010.08.06 02:00:00,1.31772,1.31867,1.31763,1.31835,375.5
2010.08.06 02:15:00,1.31835,1.31844,1.31785,1.31814,403.5
2010.08.06 02:30:00,1.3182,1.31828,1.31752,1.31789,403.5
2010.08.06 02:45:00,1.31789,1.31803,1.31735,1.31792,382.7
2010.08.06 03:00:00,1.31787,1.31856,1.31745,1.31818,519.2
2010.08.06 03:15:00,1.31823,1.31858,1.31775,1.3184,591.4
2010.08.06 03:30:00,1.31833,1.319,1.31808,1.31844,521.3
2010.08.06 03:45:00,1.31842,1.31857,1.31742,1.31798,671
2010.08.06 04:00:00,1.31797,1.31869,1.31774,1.31817,611.4
2010.08.06 04:15:00,1.31808,1.3187,1.31794,1.31819,526.8
2010.08.06 04:30:00,1.31823,1.31857,1.31758,1.318,426.8
2010.08.06 04:45:00,1.31788,1.31838,1.3177,1.31783,532.1
2010.08.06 05:00:00,1.31785,1.3187,1.31729,1.31825,625
2010.08.06 05:15:00,1.31831,1.31849,1.31768,1.31807,559
2010.08.06 05:30:00,1.31812,1.31879,1.31785,1.31846,524.9
2010.08.06 05:45:00,1.31849,1.31867,1.31804,1.31828,920.5
2010.08.06 06:00:00,1.31817,1.31869,1.31795,1.31851,1067.1
2010.08.06 06:15:00,1.31846,1.31939,1.31824,1.31909,707
2010.08.06 06:30:00,1.31901,1.31962,1.31858,1.31903,863.5
2010.08.06 06:45:00,1.31897,1.31941,1.3185,1.31875,696.2
2010.08.06 07:00:00,1.31885,1.31924,1.31824,1.31888,738.7
2010.08.06 07:15:00,1.31881,1.31929,1.31847,1.31872,708.5
2010.08.06 07:30:00,1.3189,1.31935,1.31838,1.31903,698.1
2010.08.06 07:45:00,1.3191,1.3191,1.31793,1.31823,647.3
2010.08.06 08:00:00,1.31818,1.31862,1.31744,1.31796,509.7
2010.08.06 08:15:00,1.31781,1.31836,1.31739,1.31831,672.8
2010.08.06 08:30:00,1.3184,1.31853,1.31771,1.31792,578.6
2010.08.06 08:45:00,1.31793,1.31927,1.31768,1.31905,674
2010.08.06 09:00:00,1.319,1.31947,1.31806,1.31878,751.5
2010.08.06 09:15:00,1.31881,1.31933,1.31824,1.31924,691.6
2010.08.06 09:30:00,1.31924,1.32009,1.31872,1.31904,997.9
2010.08.06 09:45:00,1.31883,1.32029,1.31844,1.31964,697.9
2010.08.06 10:00:00,1.31959,1.31995,1.31807,1.31855,990.2
2010.08.06 10:15:00,1.31853,1.31978,1.31842,1.31944,966
2010.08.06 10:30:00,1.31941,1.32045,1.31868,1.31974,1028.5
2010.08.06 10:45:00,1.31979,1.32016,1.31829,1.31966,1166
2010.08.06 11:00:00,1.31961,1.31995,1.31848,1.31902,1234.9
2010.08.06 11:15:00,1.31893,1.31928,1.31849,1.31885,1033.8
2010.08.06 11:30:00,1.3188,1.31902,1.3177,1.31873,1117.3
2010.08.06 11:45:00,1.31862,1.31906,1.318,1.3188,1292
2010.08.06 12:00:00,1.31864,1.31895,1.31754,1.31793,1131.7
2010.08.06 12:15:00,1.31794,1.31907,1.31785,1.31814,1293.3
2010.08.06 12:30:00,1.31824,1.31868,1.3164,1.31768,1221.7
2010.08.06 12:45:00,1.3178,1.31901,1.31697,1.31839,1418.2
2010.08.06 13:00:00,1.31824,1.31848,1.31572,1.31619,1220.8
2010.08.06 13:15:00,1.31611,1.31673,1.31551,1.31646,1711.8
2010.08.06 13:30:00,1.31647,1.31704,1.31594,1.31651,968.6
2010.08.06 13:45:00,1.31664,1.31679,1.316,1.31639,1025.6
2010.08.06 14:00:00,1.31642,1.31771,1.31596,1.31729,956.5
2010.08.06 14:15:00,1.31734,1.31803,1.31674,1.31714,801.8
2010.08.06 14:30:00,1.31712,1.31761,1.31662,1.3172,1053.6
2010.08.06 14:45:00,1.31736,1.31744,1.31617,1.31732,875.1
2010.08.06 15:00:00,1.31732,1.31872,1.3168,1.31788,804.5
2010.08.06 15:15:00,1.31767,1.31839,1.31685,1.31764,787
2010.08.06 15:30:00,1.31796,1.32517,1.3174,1.32374,938.1
2010.08.06 15:45:00,1.32386,1.3282,1.32344,1.32693,966.4
2010.08.06 16:00:00,1.32701,1.32725,1.32522,1.32635,979.5
2010.08.06 16:15:00,1.32616,1.32797,1.32574,1.32674,841.6
2010.08.06 16:30:00,1.32676,1.32869,1.32645,1.32829,934.3
2010.08.06 16:45:00,1.32841,1.33188,1.32801,1.33145,1082
2010.08.06 17:00:00,1.33146,1.33345,1.33086,1.33167,1170.2
2010.08.06 17:15:00,1.33176,1.33324,1.33111,1.33182,995.9
2010.08.06 17:30:00,1.33175,1.33227,1.33003,1.3307,1079.4
2010.08.06 17:45:00,1.33062,1.33086,1.32836,1.32913,1054.2
2010.08.06 18:00:00,1.32917,1.33145,1.32887,1.33075,1136.1
2010.08.06 18:15:00,1.33065,1.33111,1.32903,1.32944,1138.5
2010.08.06 18:30:00,1.32951,1.32967,1.32782,1.32814,1122
2010.08.06 18:45:00,1.32819,1.32894,1.32726,1.32806,1053.5
2010.08.06 19:00:00,1.32803,1.32848,1.32714,1.32764,1123.1
2010.08.06 19:15:00,1.32759,1.32798,1.32696,1.32744,1019.8
2010.08.06 19:30:00,1.32726,1.3275,1.32664,1.32684,1047.2
2010.08.06 19:45:00,1.32705,1.32725,1.32633,1.32655,1192.4
2010.08.06 20:00:00,1.32652,1.32718,1.32636,1.32693,823.7
2010.08.06 20:15:00,1.32686,1.32839,1.32665,1.32832,947.5
2010.08.06 20:30:00,1.32833,1.32889,1.32797,1.32877,893.3
2010.08.06 20:45:00,1.32877,1.32888,1.32813,1.32835,890
2010.08.06 21:00:00,1.32845,1.32871,1.32764,1.32833,790.9
2010.08.06 21:15:00,1.32831,1.32886,1.32767,1.32878,877.6
2010.08.06 21:30:00,1.32891,1.32914,1.32825,1.32873,759.3
2010.08.06 21:45:00,1.32863,1.32868,1.32717,1.32763,878.1
2010.08.06 22:00:00,1.32763,1.32842,1.32711,1.32783,693.3
2010.08.06 22:15:00,1.32786,1.32849,1.32771,1.32806,682.3
2010.08.06 22:30:00,1.32789,1.32901,1.32776,1.32875,880.2
2010.08.06 22:45:00,1.32876,1.32947,1.32822,1.32926,922
2010.08.06 23:00:00,1.32911,1.32977,1.32882,1.32942,1160.6
2010.08.06 23:15:00,1.32948,1.33005,1.32882,1.32895,1107
2010.08.06 23:30:00,1.32889,1.32907,1.32768,1.328,696
2010.08.06 23:45:00,1.3281,1.32836,1.32725,1.32765,898.2
2010.08.09 00:00:00,1.32863,1.3297,1.32863,1.32956,819.2
2010.08.09 00:15:00,1.32956,1.32961,1.32894,1.32906,646.8
2010.08.09 00:30:00,1.32889,1.32936,1.32862,1.3288,967.7
2010.08.09 00:45:00,1.32875,1.32949,1.32795,1.32924,1021.5
2010.08.09 01:00:00,1.32898,1.32915,1.32824,1.32876,357.6
2010.08.09 01:15:00,1.32841,1.32877,1.3278,1.32808,422.7
2010.08.09 01:30:00,1.32814,1.32841,1.3279,1.32815,366.9
2010.08.09 01:45:00,1.32799,1.32864,1.32781,1.32843,407
2010.08.09 02:00:00,1.3283,1.32842,1.32712,1.32767,330.1
2010.08.09 02:15:00,1.32743,1.3285,1.3274,1.32833,413.3
2010.08.09 02:30:00,1.32825,1.32887,1.32809,1.3287,424.7
2010.08.09 02:45:00,1.32869,1.32876,1.32819,1.32842,362.3
2010.08.09 03:00:00,1.32838,1.32861,1.3277,1.32838,598.4
2010.08.09 03:15:00,1.32855,1.32929,1.32825,1.32843,444.8
2010.08.09 03:30:00,1.32851,1.32873,1.32788,1.32809,485.7
2010.08.09 03:45:00,1.32823,1.32867,1.3279,1.32831,647.3
2010.08.09 04:00:00,1.32835,1.32895,1.32807,1.32847,663
2010.08.09 04:15:00,1.32843,1.32891,1.32778,1.32799,445
2010.08.09 04:30:00,1.32808,1.32863,1.3279,1.32842,496.2
2010.08.09 04:45:00,1.32818,1.32875,1.3279,1.3281,515.8
2010.08.09 05:00:00,1.32807,1.32844,1.3277,1.32825,589.5
2010.08.09 05:15:00,1.32826,1.32847,1.32774,1.32808,411.9
2010.08.09 05:30:00,1.32825,1.32832,1.32754,1.32795,492.9
2010.08.09 05:45:00,1.32788,1.32815,1.32754,1.32784,921.4
2010.08.09 06:00:00,1.32777,1.32818,1.32751,1.32794,1031.5
2010.08.09 06:15:00,1.32801,1.32827,1.32762,1.32797,812.6
2010.08.09 06:30:00,1.32826,1.32837,1.32771,1.3278,963.2
2010.08.09 06:45:00,1.32814,1.32828,1.32769,1.32803,708.2
2010.08.09 07:00:00,1.32802,1.32832,1.32714,1.32749,848.7
2010.08.09 07:15:00,1.32757,1.32787,1.32721,1.32752,680
2010.08.09 07:30:00,1.32745,1.32774,1.32708,1.32767,739.1
2010.08.09 07:45:00,1.32753,1.32794,1.32728,1.32762,670.9
2010.08.09 08:00:00,1.32756,1.32819,1.32731,1.32777,573.7
2010.08.09 08:15:00,1.32755,1.32823,1.3274,1.32806,638.2
2010.08.09 08:30:00,1.32807,1.32847,1.32746,1.32802,605.5
2010.08.09 08:45:00,1.32791,1.32886,1.32752,1.32854,690.3
2010.08.09 09:00:00,1.32852,1.32961,1.32816,1.32955,779.3
2010.08.09 09:15:00,1.32945,1.33078,1.3291,1.33008,702.3
2010.08.09 09:30:00,1.32998,1.33015,1.32842,1.32877,1014.9
2010.08.09 09:45:00,1.32857,1.32951,1.32787,1.32931,664.7
2010.08.09 10:00:00,1.32927,1.32927,1.32664,1.32733,955.3
2010.08.09 10:15:00,1.32741,1.32845,1.32691,1.32813,872
2010.08.09 10:30:00,1.32813,1.32943,1.32773,1.3289,1051.6
2010.08.09 10:45:00,1.3289,1.3293,1.32822,1.32867,1112.5
2010.08.09 11:00:00,1.32867,1.32918,1.32753,1.32826,1368.4
2010.08.09 11:15:00,1.32841,1.32898,1.32755,1.32865,1065.9
2010.08.09 11:30:00,1.32855,1.32911,1.32805,1.32893,1058.4
2010.08.09 11:45:00,1.32894,1.32938,1.32834,1.32911,1167.2
2010.08.09 12:00:00,1.3295,1.33016,1.32757,1.32834,1124.2
2010.08.09 12:15:00,1.32802,1.32905,1.32754,1.32865,1429.7
2010.08.09 12:30:00,1.32849,1.32886,1.3278,1.32822,1313.4
2010.08.09 12:45:00,1.32814,1.32868,1.32771,1.32804,1514.4
2010.08.09 13:00:00,1.32801,1.32826,1.32693,1.3274,1301.1
2010.08.09 13:15:00,1.32745,1.32806,1.32593,1.32702,1862.5
2010.08.09 13:30:00,1.32706,1.32724,1.32601,1.3267,1115.6
2010.08.09 13:45:00,1.32671,1.32716,1.32577,1.32577,1089.1
2010.08.09 14:00:00,1.32592,1.32656,1.32512,1.32548,1003.5
2010.08.09 14:15:00,1.3254,1.32607,1.3249,1.3253,803.6
2010.08.09 14:30:00,1.32525,1.32549,1.3236,1.32375,894.8
2010.08.09 14:45:00,1.32364,1.32468,1.32354,1.32438,774.7
2010.08.09 15:00:00,1.32438,1.32547,1.32386,1.32546,709.7
2010.08.09 15:15:00,1.32538,1.3259,1.32473,1.32495,713.1
2010.08.09 15:30:00,1.32501,1.32536,1.32394,1.32432,801.6
2010.08.09 15:45:00,1.32445,1.32527,1.32401,1.32504,1058.7
2010.08.09 16:00:00,1.32499,1.32543,1.32321,1.32333,972.7
2010.08.09 16:15:00,1.32357,1.32511,1.32272,1.32434,745.7
2010.08.09 16:30:00,1.32444,1.32544,1.32404,1.32467,859
2010.08.09 16:45:00,1.32478,1.32478,1.32312,1.32413,1064.1
2010.08.09 17:00:00,1.32412,1.32544,1.3237,1.32525,1070.3
2010.08.09 17:15:00,1.3252,1.32556,1.32335,1.3239,1020.7
2010.08.09 17:30:00,1.32392,1.32477,1.32366,1.32425,986.6
2010.08.09 17:45:00,1.32424,1.32457,1.32311,1.32441,1037.3
2010.08.09 18:00:00,1.32445,1.32522,1.32382,1.32433,993.5
2010.08.09 18:15:00,1.32433,1.3247,1.32343,1.32374,1214.5
2010.08.09 18:30:00,1.32372,1.32429,1.3233,1.32355,1102.2
2010.08.09 18:45:00,1.32362,1.32415,1.32304,1.32402,1072.8
2010.08.09 19:00:00,1.32385,1.32458,1.32332,1.32385,957.6
2010.08.09 19:15:00,1.32384,1.32409,1.32144,1.32194,1009.8
2010.08.09 19:30:00,1.32183,1.32296,1.3214,1.32254,968.6
2010.08.09 19:45:00,1.32273,1.3231,1.32196,1.32285,1180.5
2010.08.09 20:00:00,1.32269,1.32373,1.32223,1.32343,726.2
2010.08.09 20:15:00,1.3234,1.32367,1.32215,1.32294,877.8
2010.08.09 20:30:00,1.32267,1.32349,1.32227,1.32279,970.6
2010.08.09 20:45:00,1.32284,1.32337,1.32223,1.32261,957.7
2010.08.09 21:00:00,1.32276,1.32338,1.32247,1.32285,914.7
2010.08.09 21:15:00,1.32291,1.32358,1.32254,1.32266,703
2010.08.09 21:30:00,1.32269,1.32339,1.32256,1.32315,701.9
2010.08.09 21:45:00,1.32306,1.32314,1.3224,1.32271,884.1
2010.08.09 22:00:00,1.32255,1.32286,1.32192,1.32249,650.7
2010.08.09 22:15:00,1.32253,1.32279,1.32179,1.32249,752.9
2010.08.09 22:30:00,1.32242,1.3229,1.32192,1.32246,880.5
2010.08.09 22:45:00,1.32241,1.32304,1.32224,1.32264,959.9
2010.08.09 23:00:00,1.32275,1.32308,1.32226,1.32294,1078.2
2010.08.09 23:15:00,1.32275,1.32356,1.3227,1.32308,1099.2
2010.08.09 23:30:00,1.32311,1.32339,1.32263,1.32275,665.3
2010.08.09 23:45:00,1.32287,1.32306,1.32183,1.32208,869.7
2010.08.10 00:00:00,1.32201,1.32318,1.32155,1.32298,861
2010.08.10 00:15:00,1.32299,1.32343,1.32229,1.32251,781.7
2010.08.10 00:30:00,1.32263,1.3227,1.32203,1.32258,937.5
2010.08.10 00:45:00,1.32249,1.32265,1.32212,1.32246,1004
2010.08.10 01:00:00,1.32274,1.32286,1.32191,1.32258,373.8
2010.08.10 01:15:00,1.32265,1.32279,1.32205,1.32264,382.5
2010.08.10 01:30:00,1.32236,1.32293,1.32236,1.32272,384.6
2010.08.10 01:45:00,1.32271,1.32318,1.32249,1.32313,363.3
2010.08.10 02:00:00,1.32267,1.3229,1.32189,1.32218,351
2010.08.10 02:15:00,1.32202,1.32214,1.3213,1.32165,460.7
2010.08.10 02:30:00,1.32162,1.32173,1.32066,1.32149,397.6
2010.08.10 02:45:00,1.32151,1.32182,1.32128,1.32155,414.2
2010.08.10 03:00:00,1.32154,1.3217,1.32076,1.32117,564.1
2010.08.10 03:15:00,1.32088,1.32189,1.32076,1.32135,571.1
2010.08.10 03:30:00,1.32128,1.32179,1.32107,1.32144,494.2
2010.08.10 03:45:00,1.32161,1.32165,1.3183,1.31918,672.7
2010.08.10 04:00:00,1.31911,1.31939,1.31852,1.31885,568.4
2010.08.10 04:15:00,1.31858,1.31958,1.31827,1.31909,510.3
2010.08.10 04:30:00,1.31895,1.31903,1.3179,1.31862,472.2
2010.08.10 04:45:00,1.31861,1.31951,1.3184,1.31911,464
2010.08.10 05:00:00,1.31912,1.31947,1.31834,1.31865,671.7
2010.08.10 05:15:00,1.31861,1.31886,1.31686,1.31697,521.3
2010.08.10 05:30:00,1.31712,1.31776,1.31693,1.31705,464.2
2010.08.10 05:45:00,1.31695,1.31721,1.31504,1.31514,866.5
2010.08.10 06:00:00,1.3147,1.31618,1.3142,1.31557,986
2010.08.10 06:15:00,1.31513,1.31577,1.31338,1.31499,699.1
2010.08.10 06:30:00,1.3149,1.31528,1.31372,1.31406,938.5
2010.08.10 06:45:00,1.31429,1.31517,1.31401,1.31485,706.8
2010.08.10 07:00:00,1.31463,1.31562,1.31443,1.31509,818.9
2010.08.10 07:15:00,1.31509,1.31563,1.31435,1.31487,644.5
2010.08.10 07:30:00,1.31482,1.31489,1.31382,1.31441,611.9
2010.08.10 07:45:00,1.31445,1.3148,1.31382,1.31443,569.7
2010.08.10 08:00:00,1.31419,1.31508,1.3141,1.31495,501.3
2010.08.10 08:15:00,1.31483,1.31518,1.31447,1.31482,591.3
2010.08.10 08:30:00,1.31485,1.3158,1.31463,1.31515,624
2010.08.10 08:45:00,1.31528,1.31644,1.31485,1.31535,732.6
2010.08.10 09:00:00,1.31529,1.3161,1.31438,1.31569,790.7
2010.08.10 09:15:00,1.31557,1.31616,1.3149,1.31604,692.7
2010.08.10 09:30:00,1.31605,1.31697,1.31564,1.31652,994.8
2010.08.10 09:45:00,1.31644,1.3167,1.31555,1.31587,765.4
2010.08.10 10:00:00,1.31583,1.31738,1.31561,1.31705,1015.7
2010.08.10 10:15:00,1.31704,1.31814,1.31662,1.31695,948.3
2010.08.10 10:30:00,1.31689,1.31786,1.31622,1.31775,1060.6
2010.08.10 10:45:00,1.31777,1.31786,1.31652,1.31683,1232.8
2010.08.10 11:00:00,1.31676,1.31797,1.31664,1.31764,1281.9
2010.08.10 11:15:00,1.31743,1.31806,1.31649,1.31765,1030.6
2010.08.10 11:30:00,1.31731,1.31857,1.31731,1.31785,1131.4
2010.08.10 11:45:00,1.31773,1.31836,1.31714,1.3182,1203.8
2010.08.10 12:00:00,1.31821,1.31842,1.31652,1.31721,1092.9
2010.08.10 12:15:00,1.31702,1.31738,1.31522,1.31554,1401.2
2010.08.10 12:30:00,1.31555,1.31695,1.31514,1.31645,1167.1
2010.08.10 12:45:00,1.31644,1.31667,1.31541,1.31591,1513.2
2010.08.10 13:00:00,1.31582,1.31616,1.31431,1.31542,1227.1
2010.08.10 13:15:00,1.31545,1.31576,1.31451,1.31514,1715.4
2010.08.10 13:30:00,1.31515,1.31642,1.31441,1.31615,996.3
2010.08.10 13:45:00,1.31631,1.31697,1.3156,1.31596,1000.4
2010.08.10 14:00:00,1.316,1.31702,1.31542,1.31655,1000.9
2010.08.10 14:15:00,1.31656,1.31701,1.31582,1.31636,735.7
2010.08.10 14:30:00,1.31634,1.31675,1.3148,1.31519,953.3
2010.08.10 14:45:00,1.31538,1.31577,1.3144,1.31464,875.7
2010.08.10 15:00:00,1.31472,1.31507,1.31306,1.31323,709.1
2010.08.10 15:15:00,1.31335,1.31348,1.31208,1.31228,805
2010.08.10 15:30:00,1.31259,1.31363,1.31081,1.31224,808.6
2010.08.10 15:45:00,1.3123,1.31335,1.31185,1.31332,1204.3
2010.08.10 16:00:00,1.31322,1.31364,1.31212,1.31298,1046.1
2010.08.10 16:15:00,1.31297,1.31316,1.31201,1.3125,748.5
2010.08.10 16:30:00,1.31249,1.31327,1.31122,1.31163,958.2
2010.08.10 16:45:00,1.31161,1.31188,1.30913,1.30984,1147.2
2010.08.10 17:00:00,1.30976,1.31047,1.30886,1.31015,1151.9
2010.08.10 17:15:00,1.31012,1.31038,1.30931,1.30944,1019.4
2010.08.10 17:30:00,1.30944,1.30988,1.30744,1.30883,1063
2010.08.10 17:45:00,1.30874,1.30946,1.30806,1.30883,1053.6
2010.08.10 18:00:00,1.30869,1.30928,1.30824,1.30865,1037.7
2010.08.10 18:15:00,1.30854,1.31007,1.30831,1.30926,1152.7
2010.08.10 18:30:00,1.30925,1.30973,1.3082,1.30882,1032.2
2010.08.10 18:45:00,1.30894,1.3095,1.30801,1.30938,1078.9
2010.08.10 19:00:00,1.30935,1.30977,1.30873,1.30922,1065.8
2010.08.10 19:15:00,1.30924,1.3107,1.30898,1.31019,982.2
2010.08.10 19:30:00,1.31007,1.31128,1.30993,1.31095,1055.2
2010.08.10 19:45:00,1.31103,1.31179,1.31021,1.31164,1174.5
2010.08.10 20:00:00,1.31166,1.31176,1.31073,1.31144,773.6
2010.08.10 20:15:00,1.31155,1.31178,1.31025,1.31054,1067.3
2010.08.10 20:30:00,1.31055,1.31129,1.31023,1.31126,907.9
2010.08.10 20:45:00,1.31122,1.31167,1.30994,1.31026,903.7
2010.08.10 21:00:00,1.31004,1.31216,1.30993,1.3114,883.2
2010.08.10 21:15:00,1.31163,1.32074,1.31163,1.32013,792
2010.08.10 21:30:00,1.32045,1.32276,1.31967,1.3209,789.5
2010.08.10 21:45:00,1.32086,1.32209,1.31787,1.31954,801.4
2010.08.10 22:00:00,1.31963,1.32072,1.31809,1.31823,678.9
2010.08.10 22:15:00,1.31831,1.31913,1.31714,1.31873,756.1
2010.08.10 22:30:00,1.31863,1.31927,1.31798,1.31877,835.7
2010.08.10 22:45:00,1.31881,1.31944,1.31804,1.31824,839.3
2010.08.10 23:00:00,1.31826,1.3189,1.3177,1.31824,1124.6
2010.08.10 23:15:00,1.31827,1.31839,1.3176,1.31796,1080.1
2010.08.10 23:30:00,1.31827,1.31827,1.31718,1.31725,834.2
2010.08.10 23:45:00,1.3173,1.3178,1.31684,1.31765,938.9
2010.08.11 00:00:00,1.31744,1.3182,1.31697,1.31791,739.4
2010.08.11 00:15:00,1.31787,1.318,1.3174,1.31778,636.8
2010.08.11 00:30:00,1.31777,1.318,1.31732,1.31784,971.5
2010.08.11 00:45:00,1.31768,1.3179,1.31701,1.31752,1253
2010.08.11 01:00:00,1.31756,1.31832,1.31742,1.31794,317.7
2010.08.11 01:15:00,1.31786,1.31878,1.31779,1.31823,361.2
2010.08.11 01:30:00,1.31822,1.31865,1.31791,1.3181,377.4
2010.08.11 01:45:00,1.31807,1.31867,1.31786,1.31834,394.3
2010.08.11 02:00:00,1.31832,1.31855,1.31754,1.31808,410
2010.08.11 02:15:00,1.3179,1.31819,1.31702,1.31704,404.1
2010.08.11 02:30:00,1.317,1.31742,1.31603,1.31606,414.3
2010.08.11 02:45:00,1.31589,1.31622,1.31509,1.31538,396.7
2010.08.11 03:00:00,1.31544,1.31602,1.31511,1.31562,553.3
2010.08.11 03:15:00,1.31569,1.3161,1.31265,1.31367,457.7
2010.08.11 03:30:00,1.31371,1.31442,1.30994,1.30994,495.5
2010.08.11 03:45:00,1.31013,1.31134,1.30882,1.31086,628.1
2010.08.11 04:00:00,1.31086,1.31178,1.31072,1.31146,570.8
2010.08.11 04:15:00,1.31128,1.31154,1.30935,1.30961,447.3
2010.08.11 04:30:00,1.30956,1.31063,1.30941,1.31052,413.3
2010.08.11 04:45:00,1.31051,1.31132,1.31019,1.31126,497.4
2010.08.11 05:00:00,1.31112,1.31232,1.31038,1.31194,617.9
2010.08.11 05:15:00,1.31228,1.31267,1.31192,1.3121,537.2
2010.08.11 05:30:00,1.31208,1.31221,1.31136,1.31213,519.3
2010.08.11 05:45:00,1.31208,1.31246,1.31127,1.312,850.6
2010.08.11 06:00:00,1.31186,1.31258,1.31142,1.31221,1050.5
2010.08.11 06:15:00,1.31226,1.31251,1.3117,1.31234,776.5
2010.08.11 06:30:00,1.31221,1.31276,1.31184,1.31226,862.1
2010.08.11 06:45:00,1.31183,1.31279,1.31179,1.31233,759.9
2010.08.11 07:00:00,1.31226,1.3124,1.31166,1.31199,703.1
2010.08.11 07:15:00,1.31196,1.31215,1.3113,1.31146,673.8
2010.08.11 07:30:00,1.31137,1.31148,1.31035,1.31091,577
2010.08.11 07:45:00,1.31088,1.31109,1.31025,1.31094,713.3
2010.08.11 08:00:00,1.31086,1.3115,1.31052,1.31131,555.6
2010.08.11 08:15:00,1.31143,1.31185,1.31054,1.31091,718.1
2010.08.11 08:30:00,1.31098,1.31178,1.31046,1.31117,600.5
2010.08.11 08:45:00,1.31113,1.31118,1.30815,1.30951,693.4
2010.08.11 09:00:00,1.30952,1.31004,1.30732,1.30734,789.9
2010.08.11 09:15:00,1.30685,1.30708,1.3048,1.30663,750.6
2010.08.11 09:30:00,1.30661,1.3071,1.30384,1.30414,1049.2
2010.08.11 09:45:00,1.30392,1.30503,1.30306,1.30383,768.1
2010.08.11 10:00:00,1.30414,1.30548,1.30375,1.30532,1035.2
2010.08.11 10:15:00,1.30525,1.30548,1.30343,1.30435,1012.6
2010.08.11 10:30:00,1.30439,1.30615,1.30404,1.3051,1019.5
2010.08.11 10:45:00,1.30499,1.30667,1.30445,1.30633,1217.4
2010.08.11 11:00:00,1.30639,1.30762,1.30532,1.30692,1269.9
2010.08.11 11:15:00,1.30688,1.30727,1.30503,1.30542,1038.1
2010.08.11 11:30:00,1.30552,1.30655,1.30493,1.30632,1196.1
2010.08.11 11:45:00,1.30631,1.30772,1.30578,1.30741,1201.7
2010.08.11 12:00:00,1.30757,1.3077,1.30662,1.30685,1164.4
2010.08.11 12:15:00,1.3069,1.30715,1.30516,1.30536,1430.6
2010.08.11 12:30:00,1.30547,1.30576,1.30286,1.30341,1158.7
2010.08.11 12:45:00,1.30347,1.30361,1.30148,1.30222,1534.1
2010.08.11 13:00:00,1.30222,1.30307,1.30132,1.3019,1258.1
2010.08.11 13:15:00,1.30183,1.30257,1.30107,1.3017,1759
2010.08.11 13:30:00,1.30176,1.30227,1.30109,1.3016,1052.6
2010.08.11 13:45:00,1.30166,1.30198,1.29982,1.30024,992.6
2010.08.11 14:00:00,1.30014,1.30107,1.29884,1.30092,982.8
2010.08.11 14:15:00,1.30088,1.30163,1.30027,1.30056,785.7
2010.08.11 14:30:00,1.30055,1.30097,1.29903,1.3008,884.1
2010.08.11 14:45:00,1.3009,1.302,1.30058,1.30125,791.2
2010.08.11 15:00:00,1.30122,1.30267,1.30104,1.30134,834.5
2010.08.11 15:15:00,1.3014,1.30205,1.30095,1.30184,897.4
2010.08.11 15:30:00,1.30195,1.30321,1.30047,1.30094,829.2
2010.08.11 15:45:00,1.30092,1.30159,1.29884,1.29888,1043.4
2010.08.11 16:00:00,1.29891,1.30013,1.29581,1.29626,979.4
2010.08.11 16:15:00,1.29596,1.29725,1.29468,1.29685,706.9
2010.08.11 16:30:00,1.29691,1.29723,1.29581,1.29674,921.1
2010.08.11 16:45:00,1.29674,1.29723,1.29558,1.2964,1042.9
2010.08.11 17:00:00,1.29653,1.29766,1.29559,1.29577,1053.3
2010.08.11 17:15:00,1.29562,1.29562,1.29227,1.29282,1105.5
2010.08.11 17:30:00,1.29297,1.29317,1.28936,1.2903,986.7
2010.08.11 17:45:00,1.29028,1.29085,1.28827,1.29004,1052.4
2010.08.11 18:00:00,1.28991,1.29049,1.28706,1.28747,1114.3
2010.08.11 18:15:00,1.28736,1.28942,1.28676,1.28876,1097.9
2010.08.11 18:30:00,1.28874,1.29006,1.28843,1.28923,1078.6
2010.08.11 18:45:00,1.28931,1.29006,1.28861,1.28969,1023.2
2010.08.11 19:00:00,1.28975,1.29034,1.28829,1.29012,1061.2
2010.08.11 19:15:00,1.29005,1.29096,1.28973,1.29036,979.8
2010.08.11 19:30:00,1.29036,1.29139,1.28791,1.2885,999.4
2010.08.11 19:45:00,1.28854,1.28894,1.28748,1.28852,1241.8
2010.08.11 20:00:00,1.28832,1.28866,1.28784,1.28845,765.2
2010.08.11 20:15:00,1.28827,1.28888,1.28618,1.28748,977.8
2010.08.11 20:30:00,1.28753,1.28809,1.28696,1.28776,955.4
2010.08.11 20:45:00,1.28779,1.28791,1.28637,1.28662,865.1
2010.08.11 21:00:00,1.28661,1.28771,1.28625,1.28725,991.1
2010.08.11 21:15:00,1.28718,1.28775,1.28645,1.28676,819.3
2010.08.11 21:30:00,1.28674,1.28771,1.28643,1.28738,653.8
2010.08.11 21:45:00,1.28741,1.28844,1.28695,1.28798,846.6
2010.08.11 22:00:00,1.28779,1.28921,1.28779,1.28857,659.9
2010.08.11 22:15:00,1.28859,1.28905,1.28781,1.28865,852
2010.08.11 22:30:00,1.28848,1.28964,1.28813,1.28861,831.4
2010.08.11 22:45:00,1.28862,1.28915,1.28795,1.28834,911.7
2010.08.11 23:00:00,1.28835,1.28847,1.28655,1.28697,1105
2010.08.11 23:15:00,1.28705,1.28729,1.28663,1.28695,1139.9
2010.08.11 23:30:00,1.28719,1.2875,1.28656,1.28692,718.7
2010.08.11 23:45:00,1.28684,1.2872,1.28585,1.28617,876.6
2010.08.12 00:00:00,1.28641,1.28641,1.2828,1.28311,807.7
2010.08.12 00:15:00,1.28322,1.2853,1.28299,1.28347,732.3
2010.08.12 00:30:00,1.28336,1.28484,1.28325,1.28463,934.2
2010.08.12 00:45:00,1.28447,1.28488,1.28415,1.28445,1138.3
2010.08.12 01:00:00,1.28451,1.28462,1.28408,1.28428,354.8
2010.08.12 01:15:00,1.28423,1.28516,1.2841,1.28489,488.9
2010.08.12 01:30:00,1.28479,1.2851,1.28291,1.28346,363.4
2010.08.12 01:45:00,1.28341,1.28444,1.28316,1.28435,409.2
2010.08.12 02:00:00,1.28415,1.28493,1.28369,1.2846,384.2
2010.08.12 02:15:00,1.28473,1.28524,1.28446,1.2849,413.6
2010.08.12 02:30:00,1.28505,1.2856,1.28485,1.28516,321.2
2010.08.12 02:45:00,1.28519,1.286,1.28465,1.28465,368
2010.08.12 03:00:00,1.28469,1.28687,1.28445,1.2865,564
2010.08.12 03:15:00,1.28654,1.28683,1.28592,1.28651,466.2
2010.08.12 03:30:00,1.28628,1.28746,1.28627,1.28727,498.6
2010.08.12 03:45:00,1.28741,1.28847,1.28718,1.28738,693
2010.08.12 04:00:00,1.28721,1.2881,1.28645,1.288,629.2
2010.08.12 04:15:00,1.2881,1.28869,1.28742,1.28756,454.1
2010.08.12 04:30:00,1.28743,1.28765,1.28525,1.286,411.8
2010.08.12 04:45:00,1.28584,1.28686,1.28523,1.28636,534.5
2010.08.12 05:00:00,1.28627,1.28761,1.28578,1.28731,607.7
2010.08.12 05:15:00,1.28745,1.28833,1.2871,1.28829,504.6
2010.08.12 05:30:00,1.28812,1.28883,1.28767,1.28833,611.9
2010.08.12 05:45:00,1.28817,1.28872,1.28767,1.28824,897.3
2010.08.12 06:00:00,1.28825,1.28876,1.2878,1.28803,1078.5
2010.08.12 06:15:00,1.28805,1.28816,1.28735,1.28747,793.1
2010.08.12 06:30:00,1.28766,1.28829,1.28707,1.28815,932.2
2010.08.12 06:45:00,1.28799,1.28889,1.28775,1.28835,723.4
2010.08.12 07:00:00,1.28848,1.28875,1.28751,1.28835,783
2010.08.12 07:15:00,1.28859,1.28875,1.28764,1.28796,613.2
2010.08.12 07:30:00,1.2881,1.28894,1.28783,1.28841,588.2
2010.08.12 07:45:00,1.28838,1.28888,1.28684,1.28772,619.5
2010.08.12 08:00:00,1.28761,1.28817,1.28733,1.28804,569.2
2010.08.12 08:15:00,1.28809,1.28949,1.28794,1.28932,605.1
2010.08.12 08:30:00,1.28945,1.29057,1.2887,1.28978,650.4
2010.08.12 08:45:00,1.28993,1.29192,1.2897,1.2915,633.7
2010.08.12 09:00:00,1.29162,1.29191,1.29023,1.2903,735.6
2010.08.12 09:15:00,1.29004,1.29103,1.28921,1.28989,705
2010.08.12 09:30:00,1.28994,1.29094,1.28793,1.28855,984.4
2010.08.12 09:45:00,1.28857,1.29009,1.28815,1.28946,705.4
2010.08.12 10:00:00,1.28965,1.29213,1.28923,1.291,1046.3
2010.08.12 10:15:00,1.29094,1.29298,1.2905,1.29222,1005.9
2010.08.12 10:30:00,1.29224,1.29236,1.29103,1.29213,1055.7
2010.08.12 10:45:00,1.29222,1.29325,1.29168,1.29234,1135
2010.08.12 11:00:00,1.29241,1.29256,1.29071,1.2919,1300
2010.08.12 11:15:00,1.29193,1.29216,1.28994,1.29,1057.2
2010.08.12 11:30:00,1.28998,1.29086,1.28704,1.28776,1111.7
2010.08.12 11:45:00,1.2878,1.28785,1.28513,1.28586,1323.2
2010.08.12 12:00:00,1.28564,1.28574,1.28332,1.28415,1073.9
2010.08.12 12:15:00,1.28403,1.28537,1.28353,1.28383,1325.2
2010.08.12 12:30:00,1.2839,1.28565,1.28364,1.28465,1141.4
2010.08.12 12:45:00,1.28494,1.28508,1.28033,1.28093,1577
2010.08.12 13:00:00,1.28113,1.28226,1.28033,1.28196,1140.6
2010.08.12 13:15:00,1.28193,1.28264,1.27976,1.28223,1869
2010.08.12 13:30:00,1.28253,1.28264,1.28159,1.28232,1043.4
2010.08.12 13:45:00,1.2825,1.28347,1.28163,1.28202,1157.6
2010.08.12 14:00:00,1.28209,1.28289,1.28153,1.28273,995.3
2010.08.12 14:15:00,1.28277,1.28305,1.28168,1.28246,840.1
2010.08.12 14:30:00,1.28231,1.28243,1.28081,1.28101,860.5
2010.08.12 14:45:00,1.281,1.28148,1.28016,1.2805,853.9
2010.08.12 15:00:00,1.28052,1.28092,1.27814,1.27889,712.7
2010.08.12 15:15:00,1.27902,1.28243,1.27814,1.28189,845.3
2010.08.12 15:30:00,1.28185,1.28248,1.27807,1.27927,843.8
2010.08.12 15:45:00,1.27936,1.28267,1.27905,1.28178,991.3
2010.08.12 16:00:00,1.28172,1.28224,1.28054,1.2814,993.4
2010.08.12 16:15:00,1.28135,1.28391,1.28096,1.28325,790.2
2010.08.12 16:30:00,1.28321,1.28546,1.28277,1.28436,912
2010.08.12 16:45:00,1.28424,1.28438,1.28242,1.28315,1176.7
2010.08.12 17:00:00,1.2831,1.28607,1.28277,1.28467,1091.9
2010.08.12 17:15:00,1.28481,1.2856,1.28224,1.28245,1044.3
2010.08.12 17:30:00,1.28238,1.28503,1.28184,1.28479,985.4
2010.08.12 17:45:00,1.28483,1.28524,1.28366,1.28443,1099.7
2010.08.12 18:00:00,1.28434,1.28557,1.28333,1.28517,1098.3
2010.08.12 18:15:00,1.28503,1.28701,1.28491,1.28593,1143.1
2010.08.12 18:30:00,1.28584,1.28747,1.28452,1.28489,1120.8
2010.08.12 18:45:00,1.285,1.28696,1.28488,1.28652,1177.3
2010.08.12 19:00:00,1.28643,1.28656,1.28503,1.28532,988.2
2010.08.12 19:15:00,1.28534,1.28641,1.28509,1.28528,925.3
2010.08.12 19:30:00,1.28535,1.28588,1.28496,1.28572,905.3
2010.08.12 19:45:00,1.28562,1.28576,1.28401,1.28477,1234.1
2010.08.12 20:00:00,1.28478,1.28492,1.28321,1.28395,843.3
2010.08.12 20:15:00,1.28393,1.28433,1.28295,1.28344,932.1
2010.08.12 20:30:00,1.28344,1.28379,1.28224,1.28241,922.7
2010.08.12 20:45:00,1.28251,1.28292,1.28215,1.28246,852.2
2010.08.12 21:00:00,1.28254,1.2837,1.28217,1.28344,834.2
2010.08.12 21:15:00,1.28352,1.28369,1.28227,1.2831,709.3
2010.08.12 21:30:00,1.28267,1.28307,1.28182,1.28236,641.5
2010.08.12 21:45:00,1.28221,1.28337,1.28199,1.28224,850.9
2010.08.12 22:00:00,1.28222,1.28338,1.28208,1.28263,626.3
2010.08.12 22:15:00,1.28258,1.28339,1.28194,1.28324,731.8
2010.08.12 22:30:00,1.28314,1.28394,1.28243,1.28292,894.5
2010.08.12 22:45:00,1.28276,1.28348,1.28244,1.28267,966.9
2010.08.12 23:00:00,1.28236,1.28267,1.28183,1.28228,1064.3
2010.08.12 23:15:00,1.28218,1.28253,1.28192,1.28243,1137.7
2010.08.12 23:30:00,1.28235,1.28314,1.28208,1.28293,693.8
2010.08.12 23:45:00,1.28297,1.28323,1.28216,1.28266,1020.1
2010.08.13 00:00:00,1.28283,1.28325,1.28179,1.28219,749.3
2010.08.13 00:15:00,1.28225,1.2828,1.28188,1.28272,695.2
2010.08.13 00:30:00,1.28268,1.28341,1.28228,1.28285,907.4
2010.08.13 00:45:00,1.28287,1.283,1.28223,1.28267,1120.2
2010.08.13 01:00:00,1.28247,1.28289,1.28202,1.28251,391
2010.08.13 01:15:00,1.28248,1.28298,1.2821,1.28275,364.9
2010.08.13 01:30:00,1.28284,1.28339,1.28262,1.28304,361.4
2010.08.13 01:45:00,1.28316,1.28338,1.28262,1.28266,511.3
2010.08.13 02:00:00,1.28277,1.28383,1.28249,1.28361,380.5
2010.08.13 02:15:00,1.28382,1.28462,1.28349,1.28395,433
2010.08.13 02:30:00,1.2841,1.28465,1.28371,1.28414,413.7
2010.08.13 02:45:00,1.28414,1.28447,1.28368,1.28414,349.2
2010.08.13 03:00:00,1.28428,1.28428,1.28315,1.28334,556.5
2010.08.13 03:15:00,1.28346,1.2839,1.28312,1.28347,460.4
2010.08.13 03:30:00,1.28343,1.28419,1.28336,1.28385,477.6
2010.08.13 03:45:00,1.28389,1.28389,1.28305,1.28335,739.3
2010.08.13 04:00:00,1.28331,1.28366,1.28295,1.28314,568.7
2010.08.13 04:15:00,1.2833,1.2834,1.28249,1.28328,456.1
2010.08.13 04:30:00,1.28308,1.2844,1.28294,1.28439,386.1
2010.08.13 04:45:00,1.28441,1.28445,1.28312,1.28392,483.4
2010.08.13 05:00:00,1.28401,1.28458,1.28352,1.28422,543.1
2010.08.13 05:15:00,1.28431,1.28508,1.28398,1.28477,478.5
2010.08.13 05:30:00,1.28482,1.28644,1.28458,1.28549,503.2
2010.08.13 05:45:00,1.28539,1.28569,1.28483,1.28514,967.1
2010.08.13 06:00:00,1.28511,1.28529,1.28412,1.28461,1098.3
2010.08.13 06:15:00,1.28456,1.28673,1.28437,1.28663,836.6
2010.08.13 06:30:00,1.28649,1.28685,1.28581,1.28654,984.7
2010.08.13 06:45:00,1.28651,1.28669,1.28583,1.28622,742.7
2010.08.13 07:00:00,1.28634,1.28657,1.28559,1.28615,764.8
2010.08.13 07:15:00,1.28605,1.28643,1.28519,1.28586,691.9
2010.08.13 07:30:00,1.28581,1.28604,1.2852,1.28573,660.6
2010.08.13 07:45:00,1.28581,1.28595,1.28502,1.28555,707.3
2010.08.13 08:00:00,1.28572,1.28579,1.28495,1.28546,520
2010.08.13 08:15:00,1.28545,1.28644,1.28514,1.28612,646.7
2010.08.13 08:30:00,1.28601,1.28701,1.28583,1.2866,609.7
2010.08.13 08:45:00,1.28656,1.28787,1.28646,1.28741,692.2
2010.08.13 09:00:00,1.28695,1.29002,1.28691,1.28896,733.3
2010.08.13 09:15:00,1.28873,1.29007,1.28805,1.28976,675.7
2010.08.13 09:30:00,1.28949,1.28977,1.28704,1.28764,969.4
2010.08.13 09:45:00,1.28768,1.28924,1.28741,1.28854,706.9
2010.08.13 10:00:00,1.28839,1.29064,1.28806,1.28921,1013.2
2010.08.13 10:15:00,1.28897,1.28925,1.28745,1.28804,931.3
2010.08.13 10:30:00,1.28792,1.28934,1.28761,1.28906,1080.6
2010.08.13 10:45:00,1.28903,1.28935,1.28593,1.28623,1146.4
2010.08.13 11:00:00,1.28624,1.28696,1.28471,1.28565,1252.8
2010.08.13 11:15:00,1.28554,1.28605,1.2831,1.28336,988.7
2010.08.13 11:30:00,1.28331,1.28528,1.28283,1.28498,1040.9
2010.08.13 11:45:00,1.28478,1.28653,1.28451,1.28584,1289.6
2010.08.13 12:00:00,1.28595,1.28662,1.28383,1.28414,1158.2
2010.08.13 12:15:00,1.28405,1.28457,1.28293,1.28323,1290.6
2010.08.13 12:30:00,1.28327,1.28509,1.28288,1.28411,1129.7
2010.08.13 12:45:00,1.28405,1.28473,1.28212,1.28226,1392.8
2010.08.13 13:00:00,1.28223,1.28377,1.28151,1.28185,1306.4
2010.08.13 13:15:00,1.28175,1.28201,1.27944,1.28053,1759.4
2010.08.13 13:30:00,1.28066,1.28157,1.28034,1.28094,994.5
2010.08.13 13:45:00,1.28106,1.28147,1.27933,1.27971,1147.1
2010.08.13 14:00:00,1.27979,1.28105,1.27922,1.28039,1007.1
2010.08.13 14:15:00,1.28045,1.28102,1.28005,1.28021,836.2
2010.08.13 14:30:00,1.28003,1.28045,1.27767,1.27922,860.2
2010.08.13 14:45:00,1.27924,1.28037,1.27835,1.28024,839.1
2010.08.13 15:00:00,1.28002,1.28123,1.27956,1.27978,767.3
2010.08.13 15:15:00,1.2799,1.28129,1.27962,1.28058,844.8
2010.08.13 15:30:00,1.28045,1.28255,1.27865,1.28105,786.1
2010.08.13 15:45:00,1.28113,1.28262,1.28073,1.28144,1029.2
2010.08.13 16:00:00,1.28142,1.28221,1.28001,1.28211,1014.5
2010.08.13 16:15:00,1.28206,1.28226,1.28007,1.28062,736.7
2010.08.13 16:30:00,1.28065,1.28215,1.28039,1.2814,1016.8
2010.08.13 16:45:00,1.2814,1.28298,1.28101,1.28231,980.1
2010.08.13 17:00:00,1.28234,1.28261,1.28052,1.28085,1044.5
2010.08.13 17:15:00,1.28099,1.28187,1.27583,1.27664,1064.4
2010.08.13 17:30:00,1.27674,1.27741,1.27576,1.27675,1101.1
2010.08.13 17:45:00,1.27659,1.27695,1.27498,1.27617,1055.9
2010.08.13 18:00:00,1.27617,1.27738,1.27544,1.27582,1059.2
2010.08.13 18:15:00,1.27599,1.27672,1.27527,1.2759,1121.6
2010.08.13 18:30:00,1.27595,1.27681,1.27561,1.27671,1051.4
2010.08.13 18:45:00,1.27672,1.27687,1.27576,1.2767,1108.8
2010.08.13 19:00:00,1.27682,1.27775,1.27644,1.27742,1077.3
2010.08.13 19:15:00,1.27742,1.27796,1.27675,1.27782,938.3
2010.08.13 19:30:00,1.27766,1.27856,1.27694,1.2784,1099.2
2010.08.13 19:45:00,1.27837,1.27926,1.27786,1.27907,1241.3
2010.08.13 20:00:00,1.27908,1.27923,1.27748,1.27811,727.7
2010.08.13 20:15:00,1.27797,1.27848,1.27763,1.27842,1007.4
2010.08.13 20:30:00,1.27833,1.27837,1.27717,1.27748,1003.2
2010.08.13 20:45:00,1.2775,1.27846,1.27736,1.2774,867.1
2010.08.13 21:00:00,1.27763,1.27776,1.27647,1.27739,908.2
2010.08.13 21:15:00,1.27737,1.2778,1.27634,1.27662,824.2
2010.08.13 21:30:00,1.27667,1.27697,1.27527,1.27623,717.8
2010.08.13 21:45:00,1.27623,1.27632,1.27514,1.27532,838.8
2010.08.13 22:00:00,1.27547,1.27625,1.27508,1.27551,659.4
2010.08.13 22:15:00,1.27553,1.27579,1.27513,1.27538,706.2
2010.08.13 22:30:00,1.27534,1.27577,1.27494,1.27529,869.2
2010.08.13 22:45:00,1.27534,1.27578,1.27493,1.27524,876.5
2010.08.13 23:00:00,1.27523,1.27551,1.27477,1.27525,1080.8
2010.08.13 23:15:00,1.2754,1.27564,1.27493,1.27526,1041.7
2010.08.13 23:30:00,1.27506,1.27536,1.27468,1.27516,628.7
2010.08.13 23:45:00,1.27517,1.27592,1.2748,1.27507,1048
2010.08.16 00:00:00,1.27562,1.27674,1.27561,1.27652,791
2010.08.16 00:15:00,1.27661,1.27694,1.27587,1.2765,643.1
2010.08.16 00:30:00,1.27632,1.2767,1.27571,1.27581,851.9
2010.08.16 00:45:00,1.27609,1.27687,1.27555,1.27639,1067.4
2010.08.16 01:00:00,1.27671,1.27681,1.27603,1.27617,331.5
2010.08.16 01:15:00,1.27623,1.27656,1.27591,1.27635,394
2010.08.16 01:30:00,1.27635,1.27652,1.27581,1.2764,373.1
2010.08.16 01:45:00,1.27638,1.27703,1.27609,1.27677,399.4
2010.08.16 02:00:00,1.27707,1.2775,1.27669,1.27712,335.1
2010.08.16 02:15:00,1.27727,1.27728,1.27662,1.27714,420
2010.08.16 02:30:00,1.27698,1.27725,1.27635,1.27678,393
2010.08.16 02:45:00,1.27674,1.2771,1.27536,1.27551,332.5
2010.08.16 03:00:00,1.27549,1.27614,1.2754,1.27584,310.1
2010.08.16 03:15:00,1.27553,1.27571,1.27333,1.27447,338.5
2010.08.16 03:30:00,1.27442,1.27461,1.27322,1.27436,373.6
2010.08.16 03:45:00,1.27428,1.27573,1.27406,1.27514,374.8
2010.08.16 04:00:00,1.27508,1.2764,1.27508,1.27519,369.1
2010.08.16 04:15:00,1.27534,1.27552,1.27391,1.2743,394.7
2010.08.16 04:30:00,1.27457,1.27599,1.2744,1.27583,406.6
2010.08.16 04:45:00,1.2758,1.27697,1.27551,1.27651,374.7
2010.08.16 05:00:00,1.27667,1.27831,1.27645,1.27738,1075.4
2010.08.16 05:15:00,1.27741,1.27833,1.27706,1.27774,1054.8
2010.08.16 05:30:00,1.27738,1.27848,1.27732,1.27806,683.2
2010.08.16 05:45:00,1.27806,1.27823,1.27723,1.27756,833.9
2010.08.16 06:00:00,1.27764,1.2784,1.27723,1.27825,972.9
2010.08.16 06:15:00,1.27811,1.27934,1.27781,1.27894,695.6
2010.08.16 06:30:00,1.27865,1.27898,1.27762,1.27762,1057
2010.08.16 06:45:00,1.27768,1.27814,1.27735,1.27777,1071.2
2010.08.16 07:00:00,1.27781,1.27868,1.27686,1.27851,851.2
2010.08.16 07:15:00,1.27816,1.27948,1.27793,1.27896,879.1
2010.08.16 07:30:00,1.27883,1.2795,1.27858,1.27933,708.6
2010.08.16 07:45:00,1.27919,1.27956,1.27853,1.2789,609.3
2010.08.16 08:00:00,1.27902,1.27956,1.27876,1.27928,861.8
2010.08.16 08:15:00,1.27918,1.27987,1.27883,1.27963,667.8
2010.08.16 08:30:00,1.27959,1.27991,1.27916,1.27958,854.2
2010.08.16 08:45:00,1.27943,1.27986,1.27827,1.27864,941.7
2010.08.16 09:00:00,1.27862,1.28003,1.27817,1.27842,861.9
2010.08.16 09:15:00,1.27839,1.28006,1.27798,1.27975,835
2010.08.16 09:30:00,1.27976,1.28134,1.27925,1.28101,935
2010.08.16 09:45:00,1.28117,1.28219,1.28067,1.28105,789.3
2010.08.16 10:00:00,1.2813,1.28275,1.28044,1.28246,1317.2
2010.08.16 10:15:00,1.28251,1.28272,1.28113,1.28186,1027.9
2010.08.16 10:30:00,1.28185,1.28342,1.28154,1.28197,1019
2010.08.16 10:45:00,1.28199,1.28282,1.28056,1.28084,1029.1
2010.08.16 11:00:00,1.28095,1.28126,1.27906,1.27984,972.3
2010.08.16 11:15:00,1.27965,1.28048,1.27792,1.27831,1111.6
2010.08.16 11:30:00,1.27819,1.28004,1.27801,1.27956,1096.7
2010.08.16 11:45:00,1.27943,1.28003,1.27873,1.27951,1039
2010.08.16 12:00:00,1.27952,1.27978,1.27737,1.27959,1095.5
2010.08.16 12:15:00,1.27962,1.28231,1.27954,1.28149,927.1
2010.08.16 12:30:00,1.28163,1.28205,1.28044,1.28074,1136.3
2010.08.16 12:45:00,1.28081,1.28128,1.27986,1.28062,1124.3
2010.08.16 13:00:00,1.2806,1.28113,1.27961,1.2809,1063.1
2010.08.16 13:15:00,1.28094,1.28198,1.28055,1.2814,997.1
2010.08.16 13:30:00,1.28149,1.28252,1.28086,1.28169,777.5
2010.08.16 13:45:00,1.2816,1.28173,1.28013,1.28023,913.8
2010.08.16 14:00:00,1.28044,1.28176,1.27983,1.28122,1032.7
2010.08.16 14:15:00,1.28136,1.28192,1.28045,1.28123,852.4
2010.08.16 14:30:00,1.2811,1.28162,1.27991,1.28063,837.1
2010.08.16 14:45:00,1.28067,1.28184,1.2801,1.28162,781.9
2010.08.16 15:00:00,1.28134,1.28236,1.28101,1.28196,965.6
2010.08.16 15:15:00,1.28188,1.28379,1.28113,1.28287,902
2010.08.16 15:30:00,1.28279,1.28548,1.28237,1.28485,877.6
2010.08.16 15:45:00,1.28491,1.28617,1.28397,1.28483,977.8
2010.08.16 16:00:00,1.28488,1.28709,1.28393,1.28641,970.7
2010.08.16 16:15:00,1.28657,1.28707,1.28166,1.28217,1021.9
2010.08.16 16:30:00,1.28218,1.28266,1.28104,1.28104,1746.5
2010.08.16 16:45:00,1.28102,1.28268,1.28082,1.28182,1278.2
2010.08.16 17:00:00,1.2818,1.28372,1.28101,1.28334,1520.5
2010.08.16 17:15:00,1.28352,1.2854,1.28321,1.28437,1147.8
2010.08.16 17:30:00,1.28426,1.28609,1.28403,1.28525,1457.6
2010.08.16 17:45:00,1.28509,1.28523,1.28391,1.28416,1120.7
2010.08.16 18:00:00,1.28434,1.28469,1.28342,1.2838,1223
2010.08.16 18:15:00,1.28386,1.28446,1.28307,1.28415,1149
2010.08.16 18:30:00,1.28423,1.28478,1.28302,1.28316,1001.4
2010.08.16 18:45:00,1.2832,1.28402,1.28235,1.28364,1260.4
2010.08.16 19:00:00,1.28361,1.28399,1.28312,1.2834,1175.1
2010.08.16 19:15:00,1.28344,1.28427,1.28321,1.28422,955.2
2010.08.16 19:30:00,1.28424,1.28546,1.28371,1.28453,940.8
2010.08.16 19:45:00,1.28446,1.2848,1.28352,1.28371,935.6
2010.08.16 20:00:00,1.28366,1.28444,1.28344,1.2839,686.8
2010.08.16 20:15:00,1.28396,1.28423,1.28298,1.28343,917.9
2010.08.16 20:30:00,1.28347,1.2842,1.28327,1.28369,827.2
2010.08.16 20:45:00,1.28363,1.28381,1.28224,1.28262,736
2010.08.16 21:00:00,1.28269,1.28318,1.28155,1.28237,739.7
2010.08.16 21:15:00,1.28222,1.28236,1.28119,1.28147,572.8
2010.08.16 21:30:00,1.28162,1.28226,1.28134,1.28173,730.3
2010.08.16 21:45:00,1.28177,1.28211,1.28061,1.28073,539.5
2010.08.16 22:00:00,1.28062,1.28101,1.28025,1.28075,594.1
2010.08.16 22:15:00,1.28068,1.28147,1.28033,1.28105,625.5
2010.08.16 22:30:00,1.28099,1.28161,1.28076,1.28129,619.6
2010.08.16 22:45:00,1.28147,1.28214,1.28127,1.28204,774.8
2010.08.16 23:00:00,1.28202,1.28211,1.28123,1.28176,771.3
2010.08.16 23:15:00,1.28173,1.28207,1.28111,1.28184,883.1
2010.08.16 23:30:00,1.28156,1.28262,1.28151,1.28226,926.9
2010.08.16 23:45:00,1.28224,1.28281,1.28186,1.28253,983.9
2010.08.17 00:00:00,1.28223,1.28271,1.28193,1.28256,847.1
2010.08.17 00:15:00,1.28251,1.28278,1.28169,1.28215,589.1
2010.08.17 00:30:00,1.2822,1.28261,1.28183,1.28245,490.3
2010.08.17 00:45:00,1.28224,1.28255,1.28194,1.28228,696.3
2010.08.17 01:00:00,1.28203,1.28288,1.28199,1.28263,513.8
2010.08.17 01:15:00,1.28281,1.28281,1.28199,1.28254,423.7
2010.08.17 01:30:00,1.28268,1.28278,1.28197,1.28206,426.4
2010.08.17 01:45:00,1.28199,1.28238,1.28099,1.28117,563.4
2010.08.17 02:00:00,1.28125,1.28227,1.2807,1.28199,693.1
2010.08.17 02:15:00,1.28195,1.28305,1.28134,1.28168,520.7
2010.08.17 02:30:00,1.28159,1.2821,1.28129,1.28182,559.7
2010.08.17 02:45:00,1.28181,1.28193,1.28049,1.28104,529.8
2010.08.17 03:00:00,1.28093,1.28199,1.28026,1.2816,383.4
2010.08.17 03:15:00,1.28156,1.2825,1.28105,1.28232,371.2
2010.08.17 03:30:00,1.28223,1.28246,1.28135,1.28175,420.6
2010.08.17 03:45:00,1.28185,1.28221,1.28145,1.28188,408.8
2010.08.17 04:00:00,1.28206,1.28406,1.28169,1.28343,385.9
2010.08.17 04:15:00,1.28339,1.28473,1.28336,1.2844,392.9
2010.08.17 04:30:00,1.28423,1.28448,1.28319,1.28344,376.1
2010.08.17 04:45:00,1.28357,1.28359,1.28257,1.28344,399.5
2010.08.17 05:00:00,1.2832,1.28371,1.28276,1.28337,981.2
2010.08.17 05:15:00,1.28341,1.28438,1.28296,1.28382,869.5
2010.08.17 05:30:00,1.2837,1.28426,1.28345,1.28379,660
2010.08.17 05:45:00,1.28409,1.28524,1.28356,1.28467,809.5
2010.08.17 06:00:00,1.28467,1.28537,1.2836,1.2838,955.4
2010.08.17 06:15:00,1.2839,1.28449,1.28341,1.2844,674.4
2010.08.17 06:30:00,1.2841,1.28458,1.28364,1.28419,929
2010.08.17 06:45:00,1.28428,1.28449,1.28341,1.28378,1111.9
2010.08.17 07:00:00,1.28383,1.28397,1.28302,1.28349,921.6
2010.08.17 07:15:00,1.28347,1.28423,1.28315,1.28423,905.9
2010.08.17 07:30:00,1.28384,1.28477,1.28373,1.28415,739.7
2010.08.17 07:45:00,1.28422,1.28514,1.28392,1.28477,656
2010.08.17 08:00:00,1.2848,1.28517,1.28389,1.28421,821.4
2010.08.17 08:15:00,1.28427,1.28585,1.28395,1.28563,717.9
2010.08.17 08:30:00,1.28561,1.28648,1.28524,1.28554,830.1
2010.08.17 08:45:00,1.28564,1.28656,1.28531,1.28576,775
2010.08.17 09:00:00,1.28569,1.28608,1.28463,1.2856,857.3
2010.08.17 09:15:00,1.28568,1.28655,1.28408,1.28512,895.7
2010.08.17 09:30:00,1.285,1.28534,1.2838,1.28415,1126.3
2010.08.17 09:45:00,1.28419,1.28436,1.28253,1.28315,755.6
2010.08.17 10:00:00,1.28301,1.28403,1.28234,1.28398,1252.2
2010.08.17 10:15:00,1.28407,1.28624,1.28365,1.28613,1005.2
2010.08.17 10:30:00,1.28602,1.28793,1.28536,1.28733,973.8
2010.08.17 10:45:00,1.28736,1.28766,1.28604,1.28675,980
2010.08.17 11:00:00,1.28667,1.28905,1.28633,1.28868,1107.8
2010.08.17 11:15:00,1.28853,1.28969,1.28832,1.28876,1179
2010.08.17 11:30:00,1.28905,1.28985,1.28833,1.28933,1116.3
2010.08.17 11:45:00,1.28933,1.28947,1.28818,1.28854,1038.2
2010.08.17 12:00:00,1.28864,1.29165,1.28648,1.29032,1087.3
2010.08.17 12:15:00,1.29029,1.29082,1.28851,1.28905,1021.1
2010.08.17 12:30:00,1.28907,1.28956,1.28784,1.28861,952.8
2010.08.17 12:45:00,1.28844,1.28875,1.28729,1.28785,1059.9
2010.08.17 13:00:00,1.2877,1.28927,1.28723,1.28927,1147
2010.08.17 13:15:00,1.28934,1.28955,1.28763,1.28832,960.4
2010.08.17 13:30:00,1.28829,1.28896,1.28705,1.28734,690.7
2010.08.17 13:45:00,1.28729,1.28804,1.28623,1.28654,977.2
2010.08.17 14:00:00,1.28637,1.28666,1.28506,1.28594,1077.1
2010.08.17 14:15:00,1.28604,1.28656,1.28533,1.28634,814
2010.08.17 14:30:00,1.28637,1.28703,1.28568,1.28641,773.1
2010.08.17 14:45:00,1.28648,1.28666,1.28552,1.28585,733.4
2010.08.17 15:00:00,1.28576,1.28649,1.28545,1.28597,865.6
2010.08.17 15:15:00,1.28594,1.28726,1.28578,1.28694,866.3
2010.08.17 15:30:00,1.2868,1.28907,1.28637,1.28861,798.6
2010.08.17 15:45:00,1.28865,1.28965,1.28716,1.28744,964
2010.08.17 16:00:00,1.28755,1.28944,1.28665,1.28906,1070.8
2010.08.17 16:15:00,1.28898,1.29043,1.28764,1.28929,1037.6
2010.08.17 16:30:00,1.28921,1.28922,1.28759,1.28815,1974.5
2010.08.17 16:45:00,1.28814,1.28885,1.2871,1.28751,1180.4
2010.08.17 17:00:00,1.28747,1.28844,1.28611,1.28636,1401.7
2010.08.17 17:15:00,1.28649,1.28666,1.28458,1.28509,1293.5
2010.08.17 17:30:00,1.28511,1.28514,1.28345,1.28493,1355
2010.08.17 17:45:00,1.285,1.28805,1.28485,1.28712,1044.1
2010.08.17 18:00:00,1.28703,1.28909,1.28673,1.28884,1153.5
2010.08.17 18:15:00,1.28891,1.28965,1.28791,1.28855,1114.7
2010.08.17 18:30:00,1.28853,1.29013,1.28811,1.28891,1062.6
2010.08.17 18:45:00,1.28904,1.28953,1.28821,1.28891,1336.2
2010.08.17 19:00:00,1.28873,1.28908,1.28751,1.28772,1169
2010.08.17 19:15:00,1.28786,1.28809,1.28715,1.28754,1009.2
2010.08.17 19:30:00,1.28757,1.28852,1.28734,1.28831,951
2010.08.17 19:45:00,1.28834,1.28846,1.28721,1.28741,1058.7
2010.08.17 20:00:00,1.28745,1.28868,1.28723,1.28868,762.6
2010.08.17 20:15:00,1.2889,1.28956,1.28819,1.28887,992
2010.08.17 20:30:00,1.28904,1.2895,1.28836,1.28912,667.8
2010.08.17 20:45:00,1.28908,1.28998,1.2889,1.28934,846.4
2010.08.17 21:00:00,1.28913,1.28936,1.28843,1.28871,589.8
2010.08.17 21:15:00,1.28872,1.28886,1.28728,1.28818,556.8
2010.08.17 21:30:00,1.28823,1.28873,1.28792,1.28841,715.8
2010.08.17 21:45:00,1.28827,1.28859,1.28759,1.28799,532.2
2010.08.17 22:00:00,1.28804,1.28862,1.28765,1.28824,633.2
2010.08.17 22:15:00,1.28821,1.28847,1.28756,1.2881,579.7
2010.08.17 22:30:00,1.28831,1.28855,1.28785,1.28817,697.3
2010.08.17 22:45:00,1.28806,1.28844,1.28775,1.28788,842.3
2010.08.17 23:00:00,1.28778,1.28806,1.28739,1.28785,707.4
2010.08.17 23:15:00,1.28788,1.28819,1.28744,1.28778,953.1
2010.08.17 23:30:00,1.28778,1.28832,1.28738,1.28816,855.9
2010.08.17 23:45:00,1.28811,1.28875,1.2876,1.28841,1040.3
2010.08.18 00:00:00,1.28841,1.28867,1.28776,1.28796,922.8
2010.08.18 00:15:00,1.28805,1.28821,1.2874,1.28763,479.7
2010.08.18 00:30:00,1.28742,1.28808,1.28732,1.28789,508.1
2010.08.18 00:45:00,1.28783,1.28814,1.2875,1.28789,625.2
2010.08.18 01:00:00,1.28797,1.28816,1.2873,1.28768,512.9
2010.08.18 01:15:00,1.28754,1.28806,1.28725,1.28803,417.7
2010.08.18 01:30:00,1.28769,1.2882,1.28733,1.28818,515.3
2010.08.18 01:45:00,1.28793,1.2881,1.28713,1.28783,611.1
2010.08.18 02:00:00,1.28761,1.2879,1.28714,1.2876,675.8
2010.08.18 02:15:00,1.28777,1.28803,1.28726,1.28739,529.1
2010.08.18 02:30:00,1.28754,1.28785,1.28604,1.28625,550.3
2010.08.18 02:45:00,1.28661,1.28708,1.28619,1.28687,528.5
2010.08.18 03:00:00,1.28697,1.28703,1.28609,1.28662,390.8
2010.08.18 03:15:00,1.28676,1.28698,1.28619,1.28684,351
2010.08.18 03:30:00,1.28711,1.28752,1.28662,1.28693,437.2
2010.08.18 03:45:00,1.28685,1.28712,1.28503,1.28556,326.3
2010.08.18 04:00:00,1.28554,1.28584,1.28469,1.28496,417
2010.08.18 04:15:00,1.28494,1.28518,1.28401,1.2846,302.6
2010.08.18 04:30:00,1.28445,1.28505,1.28427,1.28467,423.8
2010.08.18 04:45:00,1.28458,1.28543,1.2844,1.28497,412.6
2010.08.18 05:00:00,1.28478,1.28553,1.28472,1.28527,1071.7
2010.08.18 05:15:00,1.28527,1.28555,1.28482,1.28525,953.1
2010.08.18 05:30:00,1.28514,1.28541,1.28424,1.28463,768.1
2010.08.18 05:45:00,1.28459,1.28538,1.28434,1.28496,803.3
2010.08.18 06:00:00,1.28516,1.2854,1.28394,1.28427,985.5
2010.08.18 06:15:00,1.28412,1.2846,1.28381,1.28431,600.7
2010.08.18 06:30:00,1.28402,1.28445,1.28345,1.28395,1163.7
2010.08.18 06:45:00,1.28421,1.28426,1.28353,1.28397,1156.2
2010.08.18 07:00:00,1.28413,1.28498,1.28332,1.28471,912.1
2010.08.18 07:15:00,1.28476,1.28509,1.28425,1.28483,798.6
2010.08.18 07:30:00,1.28463,1.28498,1.28416,1.28457,792
2010.08.18 07:45:00,1.28467,1.28523,1.28368,1.28383,644.9
2010.08.18 08:00:00,1.28384,1.28477,1.28363,1.28431,860.8
2010.08.18 08:15:00,1.28412,1.28518,1.28378,1.28506,628.6
2010.08.18 08:30:00,1.28484,1.28528,1.28395,1.28439,650.2
2010.08.18 08:45:00,1.28428,1.28476,1.2832,1.28381,914
2010.08.18 09:00:00,1.2838,1.28419,1.28206,1.28324,962.8
2010.08.18 09:15:00,1.28328,1.28447,1.2828,1.28415,947.7
2010.08.18 09:30:00,1.28437,1.28473,1.28337,1.28405,992.9
2010.08.18 09:45:00,1.28403,1.28464,1.28306,1.28365,700.2
2010.08.18 10:00:00,1.28375,1.28413,1.28261,1.28325,1219.2
2010.08.18 10:15:00,1.28326,1.28504,1.28284,1.28416,1000.7
2010.08.18 10:30:00,1.28406,1.28418,1.28241,1.28292,937.2
2010.08.18 10:45:00,1.28292,1.28515,1.28251,1.28424,1065.7
2010.08.18 11:00:00,1.28432,1.28684,1.28365,1.28655,1110.5
2010.08.18 11:15:00,1.28653,1.28681,1.28551,1.28607,1118
2010.08.18 11:30:00,1.28602,1.28845,1.28551,1.28772,1098.6
2010.08.18 11:45:00,1.28771,1.28822,1.28671,1.28779,999
2010.08.18 12:00:00,1.28773,1.29005,1.28751,1.28907,1031.5
2010.08.18 12:15:00,1.28923,1.28954,1.28823,1.28875,1004.5
2010.08.18 12:30:00,1.28872,1.28933,1.28802,1.28843,1085.9
2010.08.18 12:45:00,1.28847,1.29097,1.2883,1.29007,1030.7
2010.08.18 13:00:00,1.29012,1.29046,1.28904,1.28943,1048.6
2010.08.18 13:15:00,1.28923,1.2897,1.28843,1.28854,899.2
2010.08.18 13:30:00,1.28871,1.29,1.28806,1.28845,743
2010.08.18 13:45:00,1.28843,1.28905,1.28782,1.28784,876.2
2010.08.18 14:00:00,1.28789,1.28834,1.28702,1.28772,1213.3
2010.08.18 14:15:00,1.28759,1.28797,1.28677,1.28705,783.3
2010.08.18 14:30:00,1.28717,1.28836,1.28672,1.28824,845.9
2010.08.18 14:45:00,1.2882,1.28865,1.2872,1.28727,748.7
2010.08.18 15:00:00,1.28739,1.28864,1.28717,1.28814,806
2010.08.18 15:15:00,1.28803,1.28992,1.2877,1.28905,828.6
2010.08.18 15:30:00,1.28902,1.29131,1.28806,1.29036,807.9
2010.08.18 15:45:00,1.29034,1.2921,1.28995,1.29127,1059.2
2010.08.18 16:00:00,1.29123,1.29207,1.28961,1.29063,1154.6
2010.08.18 16:15:00,1.2906,1.29077,1.28872,1.28985,991.8
2010.08.18 16:30:00,1.2898,1.2898,1.28703,1.28727,1731.2
2010.08.18 16:45:00,1.28722,1.28816,1.28641,1.28807,1147.5
2010.08.18 17:00:00,1.28813,1.28829,1.28694,1.28781,1429
2010.08.18 17:15:00,1.28772,1.28818,1.28455,1.285,1166.5
2010.08.18 17:30:00,1.28511,1.28646,1.2848,1.28592,1396.5
2010.08.18 17:45:00,1.28605,1.28628,1.28427,1.28519,1118
2010.08.18 18:00:00,1.28526,1.28684,1.28498,1.28659,1210.8
2010.08.18 18:15:00,1.28675,1.28703,1.28543,1.28615,1182.8
2010.08.18 18:30:00,1.28626,1.28803,1.28593,1.28744,1015.1
2010.08.18 18:45:00,1.2874,1.28827,1.287,1.28713,1347.1
2010.08.18 19:00:00,1.28711,1.28726,1.28613,1.2868,1077.9
2010.08.18 19:15:00,1.28663,1.28768,1.28631,1.28754,991.6
2010.08.18 19:30:00,1.28756,1.28779,1.28625,1.2871,1020.4
2010.08.18 19:45:00,1.28712,1.28758,1.28664,1.2873,987.7
2010.08.18 20:00:00,1.28738,1.28804,1.28696,1.28762,745.4
2010.08.18 20:15:00,1.2876,1.28794,1.28699,1.28764,1056.3
2010.08.18 20:30:00,1.28773,1.28865,1.28726,1.28765,646.3
2010.08.18 20:45:00,1.28774,1.28819,1.28725,1.28773,772.3
2010.08.18 21:00:00,1.28723,1.28818,1.28685,1.2875,654.3
2010.08.18 21:15:00,1.28754,1.2877,1.28696,1.28738,578.8
2010.08.18 21:30:00,1.2873,1.28769,1.28683,1.28733,700.9
2010.08.18 21:45:00,1.28739,1.28779,1.28613,1.28631,572.2
2010.08.18 22:00:00,1.28612,1.28664,1.28571,1.28603,654.7
2010.08.18 22:15:00,1.28596,1.28628,1.28546,1.28575,612.9
2010.08.18 22:30:00,1.28578,1.28674,1.28534,1.28637,687.7
2010.08.18 22:45:00,1.28625,1.28647,1.28538,1.2859,715.5
2010.08.18 23:00:00,1.28595,1.28608,1.28518,1.2858,692.8
2010.08.18 23:15:00,1.28573,1.2859,1.28414,1.28445,937.2
2010.08.18 23:30:00,1.28452,1.28526,1.28414,1.28476,804.4
2010.08.18 23:45:00,1.28463,1.28548,1.2843,1.28521,965.5
2010.08.19 00:00:00,1.28512,1.28607,1.28443,1.28548,957.7
2010.08.19 00:15:00,1.28556,1.2861,1.28503,1.28595,497.1
2010.08.19 00:30:00,1.2857,1.2862,1.28527,1.28561,478.9
2010.08.19 00:45:00,1.28565,1.28587,1.28507,1.28536,572.8
2010.08.19 01:00:00,1.28522,1.28548,1.28424,1.28494,563.8
2010.08.19 01:15:00,1.28489,1.28528,1.28467,1.28509,421
2010.08.19 01:30:00,1.28481,1.28549,1.28467,1.28547,430.8
2010.08.19 01:45:00,1.28516,1.28571,1.28491,1.28528,517.4
2010.08.19 02:00:00,1.28548,1.28565,1.28412,1.28445,688.5
2010.08.19 02:15:00,1.28426,1.28455,1.28353,1.28362,508.6
2010.08.19 02:30:00,1.28364,1.28383,1.28252,1.28286,589.5
2010.08.19 02:45:00,1.28263,1.28294,1.27913,1.27942,560
2010.08.19 03:00:00,1.27957,1.28167,1.27929,1.28066,374.1
2010.08.19 03:15:00,1.28003,1.28012,1.27816,1.2797,398.7
2010.08.19 03:30:00,1.27994,1.28064,1.27931,1.27961,490.3
2010.08.19 03:45:00,1.27955,1.28078,1.27945,1.28055,467.9
2010.08.19 04:00:00,1.28038,1.28121,1.28006,1.28077,367.7
2010.08.19 04:15:00,1.28074,1.2814,1.28053,1.28117,380
2010.08.19 04:30:00,1.28118,1.28159,1.2806,1.2806,420.5
2010.08.19 04:45:00,1.2809,1.28113,1.28034,1.28068,444.6
2010.08.19 05:00:00,1.28057,1.28155,1.28014,1.28064,1041.4
2010.08.19 05:15:00,1.28068,1.28129,1.27965,1.28013,947.2
2010.08.19 05:30:00,1.28002,1.28043,1.27913,1.28006,669.7
2010.08.19 05:45:00,1.27989,1.28036,1.27952,1.27995,872.8
2010.08.19 06:00:00,1.27996,1.2808,1.27973,1.28033,961.2
2010.08.19 06:15:00,1.28032,1.28126,1.27996,1.28083,698.9
2010.08.19 06:30:00,1.28077,1.28151,1.28045,1.28077,1082
2010.08.19 06:45:00,1.28083,1.28118,1.28045,1.28071,997.7
2010.08.19 07:00:00,1.28074,1.2814,1.28035,1.28085,886
2010.08.19 07:15:00,1.28081,1.28148,1.28052,1.28077,910.3
2010.08.19 07:30:00,1.28065,1.28094,1.27934,1.27975,671
2010.08.19 07:45:00,1.27988,1.28039,1.27844,1.27899,651.3
2010.08.19 08:00:00,1.27905,1.27974,1.27811,1.27856,816.7
2010.08.19 08:15:00,1.27864,1.28027,1.27838,1.28021,668.6
2010.08.19 08:30:00,1.28029,1.28095,1.27992,1.28086,800.2
2010.08.19 08:45:00,1.28072,1.28154,1.28035,1.28132,828.8
2010.08.19 09:00:00,1.28149,1.28187,1.28017,1.28071,866.3
2010.08.19 09:15:00,1.28064,1.28178,1.28032,1.28102,853.3
2010.08.19 09:30:00,1.28107,1.28137,1.27946,1.28095,1021.8
2010.08.19 09:45:00,1.28114,1.28156,1.28036,1.28114,792.7
2010.08.19 10:00:00,1.28105,1.28273,1.28086,1.28224,1364.5
2010.08.19 10:15:00,1.28204,1.28236,1.28012,1.28062,895.1
2010.08.19 10:30:00,1.28066,1.28079,1.27722,1.27915,999.2
2010.08.19 10:45:00,1.27916,1.27949,1.27813,1.27922,1018.2
2010.08.19 11:00:00,1.27922,1.27946,1.27777,1.27918,1124.5
2010.08.19 11:15:00,1.27911,1.27963,1.27834,1.27931,1036.8
2010.08.19 11:30:00,1.27919,1.28095,1.27902,1.27988,1209.2
2010.08.19 11:45:00,1.27987,1.28176,1.27945,1.28148,1060.3
2010.08.19 12:00:00,1.28144,1.28363,1.28082,1.28341,992.3
2010.08.19 12:15:00,1.28348,1.28429,1.28266,1.28321,1044.6
2010.08.19 12:30:00,1.28332,1.28365,1.28245,1.283,1141.6
2010.08.19 12:45:00,1.28301,1.2831,1.28142,1.28166,1265.6
2010.08.19 13:00:00,1.28172,1.28527,1.2816,1.28428,967.1
2010.08.19 13:15:00,1.28442,1.28472,1.28306,1.28439,956.1
2010.08.19 13:30:00,1.28429,1.28464,1.28314,1.28326,715
2010.08.19 13:45:00,1.28343,1.28392,1.28231,1.28352,975.8
2010.08.19 14:00:00,1.28348,1.28437,1.28276,1.28434,1053.2
2010.08.19 14:15:00,1.28419,1.28523,1.28382,1.28417,910.2
2010.08.19 14:30:00,1.28417,1.28487,1.28356,1.2845,777.2
2010.08.19 14:45:00,1.2845,1.28473,1.28312,1.28391,753.4
2010.08.19 15:00:00,1.28398,1.28457,1.28314,1.28361,826.2
2010.08.19 15:15:00,1.2835,1.28396,1.28261,1.28314,910.4
2010.08.19 15:30:00,1.28314,1.28772,1.28275,1.28702,834.1
2010.08.19 15:45:00,1.28715,1.28911,1.28692,1.28872,964.2
2010.08.19 16:00:00,1.28902,1.29027,1.28812,1.28826,1139.5
2010.08.19 16:15:00,1.28819,1.28869,1.2871,1.28799,1131.2
2010.08.19 16:30:00,1.28802,1.28885,1.28662,1.28833,1806.5
2010.08.19 16:45:00,1.28804,1.28837,1.28686,1.28782,1183.2
2010.08.19 17:00:00,1.28783,1.28981,1.28511,1.28698,1471.4
2010.08.19 17:15:00,1.28706,1.28891,1.28691,1.28764,1163.6
2010.08.19 17:30:00,1.28764,1.28809,1.28583,1.2867,1535.8
2010.08.19 17:45:00,1.28671,1.28791,1.28545,1.28665,1187.4
2010.08.19 18:00:00,1.28656,1.28749,1.28592,1.28742,1243.9
2010.08.19 18:15:00,1.28735,1.28806,1.28662,1.28748,1215.8
2010.08.19 18:30:00,1.28755,1.28777,1.28537,1.28555,1029.9
2010.08.19 18:45:00,1.28542,1.28557,1.28246,1.28323,1272.4
2010.08.19 19:00:00,1.28345,1.28378,1.27958,1.28002,1110.8
2010.08.19 19:15:00,1.27995,1.28126,1.27896,1.28113,995.7
2010.08.19 19:30:00,1.28104,1.28176,1.28077,1.28138,1026.7
2010.08.19 19:45:00,1.28151,1.28243,1.28102,1.28217,1012.6
2010.08.19 20:00:00,1.28211,1.28301,1.28185,1.28213,697.9
2010.08.19 20:15:00,1.28215,1.28284,1.28152,1.28173,984.6
2010.08.19 20:30:00,1.28175,1.28187,1.2809,1.28144,740.1
2010.08.19 20:45:00,1.28151,1.28256,1.28121,1.28151,694.2
2010.08.19 21:00:00,1.28146,1.28164,1.27911,1.28067,728.1
2010.08.19 21:15:00,1.2806,1.28136,1.28003,1.28111,539.7
2010.08.19 21:30:00,1.28107,1.28191,1.28067,1.2818,706.9
2010.08.19 21:45:00,1.28172,1.2826,1.28078,1.28225,546.1
2010.08.19 22:00:00,1.28221,1.28304,1.28185,1.28295,637.8
2010.08.19 22:15:00,1.28289,1.28358,1.28219,1.2824,646.5
2010.08.19 22:30:00,1.28226,1.28272,1.28168,1.28204,766.3
2010.08.19 22:45:00,1.28203,1.28248,1.28164,1.28185,800.2
2010.08.19 23:00:00,1.28183,1.28232,1.28139,1.28186,743.1
2010.08.19 23:15:00,1.28192,1.28268,1.28153,1.28215,905.1
2010.08.19 23:30:00,1.28231,1.2825,1.28148,1.28244,892
2010.08.19 23:45:00,1.28233,1.28267,1.28179,1.28215,941.5
2010.08.20 00:00:00,1.28217,1.28257,1.28165,1.28189,872.4
2010.08.20 00:15:00,1.28198,1.2822,1.28135,1.28178,518.1
2010.08.20 00:30:00,1.28197,1.28227,1.28129,1.28203,550.3
2010.08.20 00:45:00,1.28197,1.28225,1.28134,1.28167,693.6
2010.08.20 01:00:00,1.28143,1.28218,1.28116,1.28148,531
2010.08.20 01:15:00,1.28156,1.28164,1.28081,1.28136,408.6
2010.08.20 01:30:00,1.28116,1.28168,1.28043,1.28064,442.8
2010.08.20 01:45:00,1.28046,1.28111,1.28016,1.2806,554.4
2010.08.20 02:00:00,1.28073,1.28089,1.28,1.28045,712.5
2010.08.20 02:15:00,1.28055,1.28093,1.28024,1.28045,594.5
2010.08.20 02:30:00,1.28053,1.28066,1.27993,1.28043,530.5
2010.08.20 02:45:00,1.28043,1.28134,1.28026,1.28077,605.4
2010.08.20 03:00:00,1.2807,1.28082,1.2791,1.28015,400.8
2010.08.20 03:15:00,1.28054,1.28133,1.28012,1.28114,379.8
2010.08.20 03:30:00,1.28104,1.28171,1.28029,1.28061,411.2
2010.08.20 03:45:00,1.28065,1.28093,1.27965,1.27999,358.8
2010.08.20 04:00:00,1.28021,1.28079,1.27966,1.28039,358.2
2010.08.20 04:15:00,1.28056,1.2813,1.27991,1.281,393.6
2010.08.20 04:30:00,1.28106,1.28151,1.28037,1.28113,397.8
2010.08.20 04:45:00,1.28125,1.28158,1.28042,1.28075,395.6
2010.08.20 05:00:00,1.28062,1.28133,1.28015,1.28119,1006
2010.08.20 05:15:00,1.28089,1.28147,1.28056,1.28076,903.8
2010.08.20 05:30:00,1.28052,1.28088,1.28007,1.28073,705.3
2010.08.20 05:45:00,1.28085,1.28113,1.28017,1.28102,902.2
2010.08.20 06:00:00,1.28119,1.28178,1.28035,1.28055,934.6
2010.08.20 06:15:00,1.28062,1.28138,1.28062,1.28131,620.4
2010.08.20 06:30:00,1.28117,1.28139,1.28063,1.2812,1058.4
2010.08.20 06:45:00,1.28094,1.28141,1.28056,1.28113,1096.6
2010.08.20 07:00:00,1.2808,1.28115,1.28024,1.28072,935.5
2010.08.20 07:15:00,1.28069,1.28097,1.27994,1.28042,810.5
2010.08.20 07:30:00,1.28028,1.28053,1.27972,1.28015,784.4
2010.08.20 07:45:00,1.28041,1.28057,1.27951,1.27993,669.2
2010.08.20 08:00:00,1.27994,1.28103,1.27969,1.28097,751.6
2010.08.20 08:15:00,1.28089,1.28134,1.28032,1.28048,721
2010.08.20 08:30:00,1.28039,1.28139,1.28008,1.28118,868.5
2010.08.20 08:45:00,1.2812,1.28138,1.27967,1.27978,824.6
2010.08.20 09:00:00,1.27976,1.28065,1.27918,1.27966,954.8
2010.08.20 09:15:00,1.27966,1.28097,1.27901,1.28026,903.9
2010.08.20 09:30:00,1.28013,1.28291,1.27968,1.28245,1005.6
2010.08.20 09:45:00,1.28237,1.28287,1.28075,1.28138,698.7
2010.08.20 10:00:00,1.28146,1.28326,1.28109,1.28281,1288.5
2010.08.20 10:15:00,1.28279,1.28327,1.28143,1.28185,929.1
2010.08.20 10:30:00,1.28186,1.28237,1.28122,1.28152,908.2
2010.08.20 10:45:00,1.28146,1.28266,1.28091,1.28173,1065.4
2010.08.20 11:00:00,1.28165,1.28296,1.28037,1.2808,1097.9
2010.08.20 11:15:00,1.28075,1.2813,1.28005,1.2811,1105.8
2010.08.20 11:30:00,1.2812,1.28128,1.27844,1.27917,1152
2010.08.20 11:45:00,1.27907,1.27939,1.27552,1.27562,1024.1
2010.08.20 12:00:00,1.27561,1.27687,1.27446,1.2765,985.7
2010.08.20 12:15:00,1.27656,1.27668,1.27508,1.27635,1032
2010.08.20 12:30:00,1.27624,1.27679,1.27394,1.27407,1059.2
2010.08.20 12:45:00,1.27394,1.27417,1.27072,1.27204,1099
2010.08.20 13:00:00,1.27203,1.27207,1.26973,1.2717,1086.1
2010.08.20 13:15:00,1.27177,1.27196,1.26821,1.26926,863.8
2010.08.20 13:30:00,1.26923,1.27096,1.26904,1.27052,766.2
2010.08.20 13:45:00,1.27041,1.27091,1.26901,1.26957,958.7
2010.08.20 14:00:00,1.26921,1.27156,1.26903,1.27107,1074.6
2010.08.20 14:15:00,1.27106,1.27161,1.27042,1.27117,812.7
2010.08.20 14:30:00,1.27122,1.27144,1.27025,1.27079,770
2010.08.20 14:45:00,1.2707,1.27137,1.27036,1.27083,711.4
2010.08.20 15:00:00,1.27078,1.27204,1.27055,1.27106,838.7
2010.08.20 15:15:00,1.27077,1.27184,1.27015,1.27036,902.8
2010.08.20 15:30:00,1.27045,1.27104,1.26872,1.26888,824.5
2010.08.20 15:45:00,1.26897,1.27066,1.26776,1.27006,919.4
2010.08.20 16:00:00,1.26999,1.27059,1.26901,1.27034,1158.1
2010.08.20 16:15:00,1.27039,1.27047,1.26883,1.26999,1028.6
2010.08.20 16:30:00,1.26982,1.26987,1.26806,1.26854,1796.5
2010.08.20 16:45:00,1.26849,1.26897,1.26754,1.26859,1212.5
2010.08.20 17:00:00,1.26852,1.26966,1.26737,1.26792,1371.7
2010.08.20 17:15:00,1.26788,1.26877,1.26733,1.26827,1236
2010.08.20 17:30:00,1.26821,1.26985,1.26789,1.26953,1396.3
2010.08.20 17:45:00,1.26953,1.26989,1.26823,1.26857,1119.5
2010.08.20 18:00:00,1.26836,1.26879,1.26713,1.26764,1167.7
2010.08.20 18:15:00,1.26754,1.26805,1.26611,1.2677,1206.6
2010.08.20 18:30:00,1.26756,1.26856,1.26712,1.26804,1033.8
2010.08.20 18:45:00,1.26803,1.26865,1.26742,1.26833,1357.1
2010.08.20 19:00:00,1.26845,1.26891,1.26781,1.2685,1130.4
2010.08.20 19:15:00,1.26853,1.26968,1.26819,1.26928,1060
2010.08.20 19:30:00,1.26933,1.27024,1.26883,1.27,887
2010.08.20 19:45:00,1.26997,1.27098,1.26968,1.2706,1056.9
2010.08.20 20:00:00,1.27074,1.27138,1.27038,1.27071,740.8
2010.08.20 20:15:00,1.27082,1.27102,1.2702,1.27061,957.8
2010.08.20 20:30:00,1.27045,1.27086,1.27022,1.27072,798
2010.08.20 20:45:00,1.27075,1.27129,1.2703,1.27129,741.1
2010.08.20 21:00:00,1.27126,1.27138,1.27069,1.27119,679.1
2010.08.20 21:15:00,1.27122,1.27165,1.27093,1.27118,570.5
2010.08.20 21:30:00,1.27099,1.27137,1.27052,1.27094,659
2010.08.20 21:45:00,1.27101,1.27145,1.27066,1.27066,504.9
2010.08.20 22:00:00,1.27085,1.27099,1.27011,1.27083,564.8
2010.08.20 22:15:00,1.27079,1.27088,1.27014,1.2708,642.8
2010.08.20 22:30:00,1.27064,1.27115,1.27019,1.27096,620.6
2010.08.20 22:45:00,1.27105,1.27117,1.27034,1.27082,748.2
2010.08.20 23:00:00,1.27085,1.27121,1.27028,1.27096,801.4
2010.08.20 23:15:00,1.27097,1.27146,1.27073,1.27134,917.8
2010.08.20 23:30:00,1.27128,1.27176,1.27084,1.27136,839.1
2010.08.20 23:45:00,1.27129,1.27179,1.27053,1.27085,1039.1
2010.08.23 00:00:00,1.27034,1.2706,1.26983,1.27028,959.1
2010.08.23 00:15:00,1.27032,1.27053,1.26938,1.26963,593.6
2010.08.23 00:30:00,1.26958,1.2702,1.26943,1.26993,506.2
2010.08.23 00:45:00,1.27002,1.27074,1.26971,1.27057,566.9
2010.08.23 01:00:00,1.27061,1.27072,1.26972,1.27003,482.4
2010.08.23 01:15:00,1.26999,1.27121,1.26987,1.2705,371
2010.08.23 01:30:00,1.27015,1.27105,1.27012,1.27096,464.6
2010.08.23 01:45:00,1.27093,1.27118,1.27059,1.27097,596.2
2010.08.23 02:00:00,1.27065,1.27121,1.27007,1.27013,616.7
2010.08.23 02:15:00,1.27007,1.27017,1.26876,1.269,486.1
2010.08.23 02:30:00,1.26904,1.26982,1.26884,1.26955,575.1
2010.08.23 02:45:00,1.26966,1.27018,1.26925,1.26981,536.3
2010.08.23 03:00:00,1.2699,1.27103,1.26948,1.27046,451.7
2010.08.23 03:15:00,1.27051,1.27126,1.27004,1.27045,358
2010.08.23 03:30:00,1.27046,1.2708,1.26975,1.27007,345.8
2010.08.23 03:45:00,1.2703,1.27102,1.26977,1.27019,363.3
2010.08.23 04:00:00,1.27021,1.27039,1.26938,1.27018,340.7
2010.08.23 04:15:00,1.27017,1.27045,1.26956,1.27018,347.9
2010.08.23 04:30:00,1.26993,1.27149,1.26993,1.27118,409.3
2010.08.23 04:45:00,1.27142,1.2719,1.27098,1.27176,373.8
2010.08.23 05:00:00,1.27167,1.27202,1.27121,1.27154,1020.4
2010.08.23 05:15:00,1.27158,1.2724,1.27136,1.27194,941.8
2010.08.23 05:30:00,1.27195,1.27211,1.27122,1.27174,722.9
2010.08.23 05:45:00,1.27181,1.27217,1.27084,1.27119,853.8
2010.08.23 06:00:00,1.27109,1.27154,1.27063,1.27124,957.7
2010.08.23 06:15:00,1.2712,1.27205,1.27095,1.27132,633.3
2010.08.23 06:30:00,1.27123,1.27165,1.27086,1.27134,1026.6
2010.08.23 06:45:00,1.27153,1.27178,1.27086,1.27148,1061.6
2010.08.23 07:00:00,1.27121,1.27169,1.27064,1.27104,953
2010.08.23 07:15:00,1.27103,1.27159,1.27025,1.27136,879
2010.08.23 07:30:00,1.2714,1.2719,1.27087,1.27147,753.9
2010.08.23 07:45:00,1.27169,1.27237,1.27117,1.27172,628.4
2010.08.23 08:00:00,1.27166,1.27237,1.27133,1.27201,804
2010.08.23 08:15:00,1.27188,1.2723,1.271,1.27115,664.3
2010.08.23 08:30:00,1.27118,1.27157,1.27062,1.27088,779.7
2010.08.23 08:45:00,1.27148,1.27167,1.27046,1.27116,927.7
2010.08.23 09:00:00,1.27108,1.2724,1.27054,1.27209,843.6
2010.08.23 09:15:00,1.27218,1.27304,1.27145,1.27175,949.7
2010.08.23 09:30:00,1.27166,1.273,1.27108,1.27235,975.9
2010.08.23 09:45:00,1.27216,1.27281,1.2711,1.27149,861
2010.08.23 10:00:00,1.27156,1.27243,1.27062,1.27124,1213.6
2010.08.23 10:15:00,1.27118,1.27156,1.26883,1.26894,943.3
2010.08.23 10:30:00,1.26886,1.26977,1.26788,1.26821,1052.2
2010.08.23 10:45:00,1.2683,1.26998,1.26813,1.26942,1059.9
2010.08.23 11:00:00,1.26953,1.27104,1.2685,1.27055,998.7
2010.08.23 11:15:00,1.27041,1.27143,1.26973,1.27072,1064.6
2010.08.23 11:30:00,1.27077,1.27194,1.27042,1.27126,1130.9
2010.08.23 11:45:00,1.27123,1.27147,1.27008,1.27112,1050.6
2010.08.23 12:00:00,1.27102,1.27138,1.26922,1.26973,1064.1
2010.08.23 12:15:00,1.26982,1.26996,1.26874,1.26929,1000.7
2010.08.23 12:30:00,1.26929,1.27042,1.26885,1.26985,961.1
2010.08.23 12:45:00,1.2698,1.27024,1.26833,1.27004,1096.9
2010.08.23 13:00:00,1.27013,1.27083,1.26931,1.26964,1056.6
2010.08.23 13:15:00,1.26985,1.27135,1.26933,1.27126,899.4
2010.08.23 13:30:00,1.27125,1.27145,1.26968,1.27022,834
2010.08.23 13:45:00,1.27023,1.27143,1.26992,1.27045,1039.8
2010.08.23 14:00:00,1.27066,1.27087,1.2692,1.27032,1046.5
2010.08.23 14:15:00,1.27038,1.27134,1.27013,1.27072,801.1
2010.08.23 14:30:00,1.27066,1.27087,1.26946,1.27004,815
2010.08.23 14:45:00,1.2702,1.27242,1.26995,1.27235,829.3
2010.08.23 15:00:00,1.27241,1.27256,1.26998,1.27048,790.6
2010.08.23 15:15:00,1.2704,1.27092,1.26944,1.27014,880.9
2010.08.23 15:30:00,1.27028,1.27069,1.26969,1.27012,773.9
2010.08.23 15:45:00,1.27016,1.27067,1.26962,1.27004,974.1
2010.08.23 16:00:00,1.26999,1.27016,1.26815,1.26984,1010.7
2010.08.23 16:15:00,1.26972,1.27026,1.26917,1.26969,1042.3
2010.08.23 16:30:00,1.26977,1.27145,1.2689,1.27065,1897.7
2010.08.23 16:45:00,1.27065,1.27236,1.27052,1.2717,1225.9
2010.08.23 17:00:00,1.27146,1.27196,1.26943,1.27012,1445.4
2010.08.23 17:15:00,1.27002,1.27046,1.26736,1.26807,1189.2
2010.08.23 17:30:00,1.26803,1.26917,1.26653,1.26666,1461.3
2010.08.23 17:45:00,1.26665,1.26695,1.26508,1.26564,1097.6
2010.08.23 18:00:00,1.26553,1.26643,1.26443,1.26623,1233.1
2010.08.23 18:15:00,1.26626,1.26674,1.26554,1.26635,1233
2010.08.23 18:30:00,1.26647,1.26717,1.26605,1.26674,1044.2
2010.08.23 18:45:00,1.26684,1.26735,1.26557,1.26612,1365.7
2010.08.23 19:00:00,1.26605,1.26777,1.26588,1.26762,1186.2
2010.08.23 19:15:00,1.26766,1.26777,1.2668,1.2674,1026.4
2010.08.23 19:30:00,1.26736,1.26759,1.26643,1.26664,923.1
2010.08.23 19:45:00,1.26692,1.26707,1.2661,1.26675,1036.9
2010.08.23 20:00:00,1.26668,1.26682,1.26574,1.26676,673
2010.08.23 20:15:00,1.26674,1.26774,1.26617,1.26723,929
2010.08.23 20:30:00,1.26732,1.26796,1.26668,1.26704,812.5
2010.08.23 20:45:00,1.26691,1.26757,1.26665,1.26706,751
2010.08.23 21:00:00,1.26698,1.26821,1.26667,1.26801,755
2010.08.23 21:15:00,1.2681,1.26819,1.26727,1.2677,689.4
2010.08.23 21:30:00,1.26758,1.26803,1.2672,1.26742,673.4
2010.08.23 21:45:00,1.2674,1.26831,1.26705,1.268,502.3
2010.08.23 22:00:00,1.26809,1.26835,1.26767,1.26787,613.8
2010.08.23 22:15:00,1.26779,1.26807,1.26698,1.26711,614.2
2010.08.23 22:30:00,1.26733,1.26742,1.26623,1.26653,604.2
2010.08.23 22:45:00,1.2666,1.26667,1.26594,1.2663,749.4
2010.08.23 23:00:00,1.26637,1.26655,1.26578,1.26627,725.8
2010.08.23 23:15:00,1.26635,1.26659,1.2658,1.26606,913.3
2010.08.23 23:30:00,1.26606,1.26631,1.26531,1.2655,717.2
2010.08.23 23:45:00,1.26551,1.26616,1.26523,1.26567,977.6
2010.08.24 00:00:00,1.26563,1.26604,1.26534,1.26584,929.3
2010.08.24 00:15:00,1.26566,1.26624,1.2652,1.26557,527.8
2010.08.24 00:30:00,1.26543,1.26584,1.26449,1.26475,434.6
2010.08.24 00:45:00,1.26475,1.265,1.26442,1.26463,657.3
2010.08.24 01:00:00,1.26475,1.2654,1.26451,1.26535,480.5
2010.08.24 01:15:00,1.26517,1.26571,1.26462,1.26475,425.3
2010.08.24 01:30:00,1.26476,1.26487,1.26354,1.26416,486.5
2010.08.24 01:45:00,1.26419,1.2644,1.2631,1.26361,541.4
2010.08.24 02:00:00,1.26361,1.26439,1.2634,1.26372,676.4
2010.08.24 02:15:00,1.26361,1.26395,1.26259,1.26315,558.7
2010.08.24 02:30:00,1.26306,1.26344,1.26222,1.26331,516.7
2010.08.24 02:45:00,1.26313,1.26339,1.26225,1.26304,536.8
2010.08.24 03:00:00,1.263,1.26399,1.26261,1.26302,379.8
2010.08.24 03:15:00,1.26323,1.26436,1.26298,1.2643,321.3
2010.08.24 03:30:00,1.26448,1.26448,1.26337,1.26366,442.8
2010.08.24 03:45:00,1.2637,1.26418,1.26304,1.26381,355.7
2010.08.24 04:00:00,1.26386,1.26444,1.2634,1.26425,402.8
2010.08.24 04:15:00,1.26422,1.26441,1.2634,1.26388,372.2
2010.08.24 04:30:00,1.26382,1.2639,1.26193,1.26235,379.2
2010.08.24 04:45:00,1.26235,1.26364,1.26223,1.26318,372
2010.08.24 05:00:00,1.26322,1.26338,1.26236,1.26275,1024.7
2010.08.24 05:15:00,1.26277,1.26335,1.26219,1.26322,1066.7
2010.08.24 05:30:00,1.26311,1.26409,1.26277,1.26396,668.8
2010.08.24 05:45:00,1.26398,1.26455,1.2633,1.26372,735.7
2010.08.24 06:00:00,1.26378,1.26407,1.26333,1.26396,893.1
2010.08.24 06:15:00,1.26411,1.26426,1.26363,1.26411,667.5
2010.08.24 06:30:00,1.26417,1.2645,1.26364,1.26403,1073.5
2010.08.24 06:45:00,1.26401,1.26411,1.26321,1.26353,1063.3
2010.08.24 07:00:00,1.26344,1.26397,1.26266,1.26316,875.2
2010.08.24 07:15:00,1.26317,1.26359,1.26236,1.263,785.1
2010.08.24 07:30:00,1.26281,1.26387,1.26266,1.26365,676
2010.08.24 07:45:00,1.26378,1.26433,1.26333,1.26403,726.9
2010.08.24 08:00:00,1.26386,1.2644,1.26355,1.26402,829.2
2010.08.24 08:15:00,1.26408,1.26496,1.26387,1.26427,692.2
2010.08.24 08:30:00,1.26434,1.26462,1.26324,1.26444,749.5
2010.08.24 08:45:00,1.26438,1.26512,1.26367,1.26405,847.7
2010.08.24 09:00:00,1.26406,1.26466,1.26308,1.26389,886.7
2010.08.24 09:15:00,1.26398,1.2659,1.26349,1.26534,928
2010.08.24 09:30:00,1.26544,1.26566,1.26297,1.26365,965.6
2010.08.24 09:45:00,1.26356,1.26423,1.2627,1.26408,788.5
2010.08.24 10:00:00,1.26403,1.2648,1.26291,1.26296,1345
2010.08.24 10:15:00,1.26302,1.26308,1.26135,1.26146,960
2010.08.24 10:30:00,1.26145,1.26248,1.26113,1.26146,1002.2
2010.08.24 10:45:00,1.26132,1.26253,1.26109,1.26251,1072.9
2010.08.24 11:00:00,1.26221,1.26252,1.26071,1.26138,1091.5
2010.08.24 11:15:00,1.26137,1.26303,1.26046,1.26233,1123
2010.08.24 11:30:00,1.26221,1.26405,1.26144,1.26363,1194.2
2010.08.24 11:45:00,1.26373,1.26424,1.26285,1.2633,1044.3
2010.08.24 12:00:00,1.26328,1.26375,1.26205,1.26325,1021.9
2010.08.24 12:15:00,1.26323,1.26357,1.2625,1.26292,1039.3
2010.08.24 12:30:00,1.26292,1.26406,1.26273,1.26296,1061.1
2010.08.24 12:45:00,1.26293,1.26296,1.26024,1.26046,1269.3
2010.08.24 13:00:00,1.2605,1.26239,1.26006,1.26222,1083
2010.08.24 13:15:00,1.26235,1.26268,1.26012,1.26097,1061.5
2010.08.24 13:30:00,1.26078,1.26138,1.26003,1.26062,752.1
2010.08.24 13:45:00,1.2606,1.26145,1.26009,1.26094,982.1
2010.08.24 14:00:00,1.26108,1.26253,1.26084,1.26213,1089.6
2010.08.24 14:15:00,1.26214,1.26265,1.26153,1.26234,866.7
2010.08.24 14:30:00,1.26237,1.26258,1.26143,1.26168,794.4
2010.08.24 14:45:00,1.26176,1.26197,1.26045,1.26118,712.3
2010.08.24 15:00:00,1.26115,1.26214,1.26063,1.26115,778.2
2010.08.24 15:15:00,1.26101,1.26116,1.25843,1.25942,900
2010.08.24 15:30:00,1.25942,1.26136,1.25906,1.26079,801.9
2010.08.24 15:45:00,1.26072,1.26135,1.25972,1.26051,1025.6
2010.08.24 16:00:00,1.26051,1.26127,1.26002,1.26091,1149.7
2010.08.24 16:15:00,1.26089,1.26252,1.26034,1.26233,1044.7
2010.08.24 16:30:00,1.26223,1.26313,1.26121,1.26259,1732.5
2010.08.24 16:45:00,1.2626,1.26392,1.262,1.26335,1220.9
2010.08.24 17:00:00,1.26337,1.26902,1.26136,1.2686,1466.9
2010.08.24 17:15:00,1.26856,1.27189,1.26836,1.26998,1135.7
2010.08.24 17:30:00,1.26964,1.2706,1.26853,1.26974,1444.6
2010.08.24 17:45:00,1.26993,1.27028,1.26786,1.26812,1137.3
2010.08.24 18:00:00,1.26825,1.26968,1.2672,1.26789,1198.5
2010.08.24 18:15:00,1.26787,1.26897,1.26707,1.26844,1205.4
2010.08.24 18:30:00,1.26845,1.26906,1.26749,1.26823,1115.5
2010.08.24 18:45:00,1.26829,1.26888,1.26701,1.26734,1250.9
2010.08.24 19:00:00,1.26737,1.26827,1.26704,1.26734,1152.8
2010.08.24 19:15:00,1.26745,1.26755,1.26633,1.26684,1007.8
2010.08.24 19:30:00,1.26679,1.26761,1.26643,1.26707,973.9
2010.08.24 19:45:00,1.26735,1.26775,1.26668,1.26716,940.2
2010.08.24 20:00:00,1.26714,1.26797,1.26655,1.26751,783.3
2010.08.24 20:15:00,1.26748,1.26878,1.26703,1.26831,931.4
2010.08.24 20:30:00,1.26846,1.26915,1.26774,1.26857,660.8
2010.08.24 20:45:00,1.26841,1.26887,1.26757,1.26805,772.2
2010.08.24 21:00:00,1.26799,1.26844,1.26696,1.26756,641.2
2010.08.24 21:15:00,1.26769,1.26857,1.2674,1.26769,703.2
2010.08.24 21:30:00,1.26769,1.26824,1.26726,1.26777,683.1
2010.08.24 21:45:00,1.26784,1.26789,1.26674,1.26701,556.6
2010.08.24 22:00:00,1.26702,1.26826,1.26684,1.26793,658.8
2010.08.24 22:15:00,1.2678,1.26835,1.26712,1.26797,684.9
2010.08.24 22:30:00,1.26793,1.26826,1.26716,1.26799,745.1
2010.08.24 22:45:00,1.26789,1.26816,1.26694,1.26732,690
2010.08.24 23:00:00,1.2673,1.26788,1.26684,1.26732,802.5
2010.08.24 23:15:00,1.26735,1.26748,1.26643,1.26684,906.8
2010.08.24 23:30:00,1.26669,1.26687,1.26564,1.26626,789.6
2010.08.24 23:45:00,1.26645,1.26682,1.26236,1.26259,991.1
2010.08.25 00:00:00,1.26238,1.2637,1.26189,1.26271,925.8
2010.08.25 00:15:00,1.26254,1.26299,1.26153,1.26255,477.8
2010.08.25 00:30:00,1.26231,1.26302,1.26166,1.26221,533.5
2010.08.25 00:45:00,1.26224,1.26325,1.26188,1.2631,683.9
2010.08.25 01:00:00,1.26261,1.26361,1.26261,1.26347,494.9
2010.08.25 01:15:00,1.26359,1.26391,1.263,1.2636,388.6
2010.08.25 01:30:00,1.26363,1.2639,1.26307,1.2635,496.3
2010.08.25 01:45:00,1.26351,1.26367,1.26305,1.2633,540.7
2010.08.25 02:00:00,1.26315,1.26346,1.2626,1.26273,679.4
2010.08.25 02:15:00,1.26293,1.2637,1.26265,1.2633,508.6
2010.08.25 02:30:00,1.26354,1.26379,1.26287,1.26343,558.2
2010.08.25 02:45:00,1.26349,1.26372,1.26305,1.26365,485.6
2010.08.25 03:00:00,1.26357,1.26414,1.26298,1.26414,384.9
2010.08.25 03:15:00,1.26396,1.26442,1.26379,1.26432,376.3
2010.08.25 03:30:00,1.26423,1.26544,1.26375,1.26492,477.4
2010.08.25 03:45:00,1.26525,1.26543,1.26462,1.26518,438.1
2010.08.25 04:00:00,1.26519,1.26647,1.26511,1.26599,389.3
2010.08.25 04:15:00,1.26582,1.26621,1.26538,1.26558,337.2
2010.08.25 04:30:00,1.2657,1.26575,1.26485,1.26512,400
2010.08.25 04:45:00,1.26505,1.26551,1.26488,1.2653,388.3
2010.08.25 05:00:00,1.26526,1.26604,1.2649,1.26579,1133.3
2010.08.25 05:15:00,1.26588,1.26606,1.265,1.26556,998.8
2010.08.25 05:30:00,1.26521,1.26592,1.26519,1.26548,764.1
2010.08.25 05:45:00,1.26543,1.26656,1.26535,1.26615,818.9
2010.08.25 06:00:00,1.26616,1.26649,1.26562,1.26612,981.9
2010.08.25 06:15:00,1.26626,1.26667,1.26577,1.26644,663.8
2010.08.25 06:30:00,1.26622,1.26669,1.26546,1.26595,1092.4
2010.08.25 06:45:00,1.26601,1.2662,1.26533,1.26557,1095.6
2010.08.25 07:00:00,1.26566,1.26645,1.26534,1.26604,918.3
2010.08.25 07:15:00,1.26617,1.26626,1.26437,1.26497,781.1
2010.08.25 07:30:00,1.26492,1.26525,1.26432,1.26484,744.2
2010.08.25 07:45:00,1.26454,1.26498,1.26423,1.26478,735.3
2010.08.25 08:00:00,1.2647,1.26499,1.26406,1.26435,878.4
2010.08.25 08:15:00,1.26432,1.26455,1.26304,1.26349,615.9
2010.08.25 08:30:00,1.26368,1.26424,1.26262,1.26389,737.6
2010.08.25 08:45:00,1.26396,1.26477,1.26325,1.26384,877.2
2010.08.25 09:00:00,1.26396,1.26528,1.26309,1.26525,904.3
2010.08.25 09:15:00,1.26518,1.26537,1.26393,1.26425,931.7
2010.08.25 09:30:00,1.26424,1.26576,1.26387,1.26553,1018.1
2010.08.25 09:45:00,1.2655,1.26697,1.26504,1.26608,783.5
2010.08.25 10:00:00,1.26609,1.2664,1.26436,1.26552,1229.1
2010.08.25 10:15:00,1.26541,1.26557,1.26407,1.26541,953
2010.08.25 10:30:00,1.26547,1.26605,1.26407,1.26582,994.5
2010.08.25 10:45:00,1.26581,1.26915,1.26511,1.26855,1018
2010.08.25 11:00:00,1.26874,1.27241,1.26824,1.27062,1158.1
2010.08.25 11:15:00,1.27049,1.27194,1.26953,1.27021,1114.7
2010.08.25 11:30:00,1.27062,1.27141,1.26833,1.26953,1128.7
2010.08.25 11:45:00,1.26952,1.27004,1.26825,1.26914,1113.8
2010.08.25 12:00:00,1.26922,1.26984,1.26834,1.26972,1037.9
2010.08.25 12:15:00,1.26913,1.27006,1.26853,1.26889,1017.3
2010.08.25 12:30:00,1.26861,1.26893,1.26605,1.26634,1033.1
2010.08.25 12:45:00,1.26639,1.26739,1.26465,1.26542,1113.4
2010.08.25 13:00:00,1.26546,1.26587,1.26423,1.26486,1047.4
2010.08.25 13:15:00,1.26491,1.26604,1.26447,1.26522,1004.2
2010.08.25 13:30:00,1.26531,1.26607,1.26451,1.26545,807.1
2010.08.25 13:45:00,1.26543,1.26568,1.26384,1.2644,1038.4
2010.08.25 14:00:00,1.26447,1.26469,1.26222,1.26294,1086.7
2010.08.25 14:15:00,1.26277,1.26316,1.26183,1.26235,844.3
2010.08.25 14:30:00,1.26224,1.26291,1.26102,1.26251,964.3
2010.08.25 14:45:00,1.2627,1.26313,1.26057,1.26293,684.1
2010.08.25 15:00:00,1.26284,1.26317,1.26091,1.26119,875.8
2010.08.25 15:15:00,1.26119,1.26245,1.26085,1.26221,872.1
2010.08.25 15:30:00,1.26235,1.26562,1.26128,1.26404,858.6
2010.08.25 15:45:00,1.26413,1.26536,1.26303,1.26374,1146.7
2010.08.25 16:00:00,1.26351,1.26545,1.26313,1.26424,1120.7
2010.08.25 16:15:00,1.2643,1.26512,1.26322,1.26405,1049.3
2010.08.25 16:30:00,1.26403,1.26623,1.26348,1.26535,1784.8
2010.08.25 16:45:00,1.26531,1.26696,1.26492,1.26649,1180.2
2010.08.25 17:00:00,1.26642,1.26793,1.26541,1.2672,1380.4
2010.08.25 17:15:00,1.26712,1.2675,1.26416,1.26438,1173.9
2010.08.25 17:30:00,1.2645,1.26504,1.26253,1.26341,1340
2010.08.25 17:45:00,1.26341,1.26412,1.26243,1.26268,1076.6
2010.08.25 18:00:00,1.26264,1.26375,1.26187,1.26354,1167.9
2010.08.25 18:15:00,1.26362,1.26505,1.26304,1.26482,1102.7
2010.08.25 18:30:00,1.2646,1.26608,1.26406,1.26534,998.3
2010.08.25 18:45:00,1.26532,1.26578,1.26403,1.26511,1320.7
2010.08.25 19:00:00,1.2651,1.26606,1.2647,1.26526,1095.9
2010.08.25 19:15:00,1.26523,1.26559,1.26441,1.26527,1036.9
2010.08.25 19:30:00,1.26521,1.26607,1.26491,1.26583,1071.1
2010.08.25 19:45:00,1.26571,1.26656,1.26533,1.26641,1028.8
2010.08.25 20:00:00,1.26657,1.26666,1.26555,1.26565,740.3
2010.08.25 20:15:00,1.2658,1.26595,1.26476,1.26493,1057.4
2010.08.25 20:30:00,1.26492,1.26544,1.2646,1.26511,774.5
2010.08.25 20:45:00,1.26498,1.26568,1.2647,1.26544,719
2010.08.25 21:00:00,1.26545,1.26584,1.26501,1.26569,703.3
2010.08.25 21:15:00,1.26553,1.2664,1.26548,1.26639,592.4
2010.08.25 21:30:00,1.26634,1.26738,1.26591,1.26635,691.6
2010.08.25 21:45:00,1.26639,1.26675,1.26476,1.26524,551.1
2010.08.25 22:00:00,1.2654,1.26584,1.26475,1.26565,638.6
2010.08.25 22:15:00,1.26549,1.26578,1.26468,1.26489,685.7
2010.08.25 22:30:00,1.26491,1.26564,1.26474,1.26547,692.2
2010.08.25 22:45:00,1.26547,1.26578,1.26471,1.26496,763.8
2010.08.25 23:00:00,1.26472,1.26538,1.26458,1.26517,733.9
2010.08.25 23:15:00,1.26532,1.26546,1.26476,1.26518,924.1
2010.08.25 23:30:00,1.26501,1.26558,1.26485,1.26501,773.9
2010.08.25 23:45:00,1.26506,1.26616,1.26472,1.26581,980.9
2010.08.26 00:00:00,1.26578,1.26613,1.26496,1.26572,839.5
2010.08.26 00:15:00,1.26578,1.26641,1.26547,1.26591,609.9
2010.08.26 00:30:00,1.26563,1.26648,1.2654,1.26618,476.6
2010.08.26 00:45:00,1.26627,1.26645,1.26575,1.26639,680
2010.08.26 01:00:00,1.26606,1.26656,1.26577,1.26596,512.6
2010.08.26 01:15:00,1.26599,1.26618,1.26555,1.26568,444.5
2010.08.26 01:30:00,1.26583,1.26644,1.26558,1.2663,432.9
2010.08.26 01:45:00,1.26631,1.26651,1.266,1.26633,586.4
2010.08.26 02:00:00,1.26613,1.26704,1.266,1.26697,662.9
2010.08.26 02:15:00,1.26689,1.26738,1.2663,1.26696,560.3
2010.08.26 02:30:00,1.26677,1.26794,1.26673,1.26719,569.3
2010.08.26 02:45:00,1.26721,1.26738,1.26675,1.26725,565.5
2010.08.26 03:00:00,1.26716,1.26723,1.26594,1.26628,326.4
2010.08.26 03:15:00,1.26648,1.26663,1.26579,1.26627,423.8
2010.08.26 03:30:00,1.26638,1.26641,1.26541,1.26564,412.7
2010.08.26 03:45:00,1.26587,1.2662,1.26483,1.26614,361
2010.08.26 04:00:00,1.26629,1.26659,1.26587,1.26619,361.8
2010.08.26 04:15:00,1.26604,1.26695,1.26594,1.26684,404.5
2010.08.26 04:30:00,1.26658,1.26713,1.266,1.26683,473.4
2010.08.26 04:45:00,1.26672,1.26705,1.26619,1.26674,384.3
2010.08.26 05:00:00,1.26705,1.26933,1.26669,1.26875,1102.6
2010.08.26 05:15:00,1.26886,1.26894,1.26804,1.26837,880.7
2010.08.26 05:30:00,1.26827,1.2697,1.26813,1.26955,777
2010.08.26 05:45:00,1.26963,1.2703,1.26924,1.26944,840.8
2010.08.26 06:00:00,1.26921,1.2697,1.26854,1.26922,964.7
2010.08.26 06:15:00,1.26902,1.2706,1.26891,1.27024,731.1
2010.08.26 06:30:00,1.27063,1.27099,1.26988,1.27062,1086
2010.08.26 06:45:00,1.27078,1.27184,1.27048,1.27164,1085.5
2010.08.26 07:00:00,1.27166,1.27189,1.27052,1.27134,897.8
2010.08.26 07:15:00,1.27133,1.27181,1.27024,1.27144,831.5
2010.08.26 07:30:00,1.27148,1.27188,1.27073,1.27168,637.9
2010.08.26 07:45:00,1.27153,1.27187,1.27035,1.27093,595.6
2010.08.26 08:00:00,1.27088,1.2712,1.26992,1.27028,859.5
2010.08.26 08:15:00,1.27007,1.27117,1.26997,1.27087,782.6
2010.08.26 08:30:00,1.27103,1.27208,1.27028,1.27128,781.2
2010.08.26 08:45:00,1.27118,1.27207,1.27076,1.27127,855.7
2010.08.26 09:00:00,1.27132,1.27377,1.27024,1.27098,951.4
2010.08.26 09:15:00,1.27097,1.27152,1.26931,1.27044,937.9
2010.08.26 09:30:00,1.2704,1.27108,1.26877,1.26976,910.7
2010.08.26 09:45:00,1.26968,1.27179,1.26955,1.27163,803.7
2010.08.26 10:00:00,1.27177,1.27458,1.27116,1.27299,1286.5
2010.08.26 10:15:00,1.27309,1.2743,1.27248,1.2741,1029.3
2010.08.26 10:30:00,1.27402,1.27455,1.27192,1.27206,985.7
2010.08.26 10:45:00,1.27213,1.27246,1.27047,1.27178,1210.7
2010.08.26 11:00:00,1.27173,1.27266,1.27074,1.27184,1158.2
2010.08.26 11:15:00,1.27166,1.27196,1.2691,1.26982,1085.5
2010.08.26 11:30:00,1.26963,1.27057,1.26806,1.26845,1037.8
2010.08.26 11:45:00,1.26839,1.27004,1.26814,1.26975,1005.9
2010.08.26 12:00:00,1.26971,1.27104,1.26856,1.27042,1100.3
2010.08.26 12:15:00,1.27035,1.27106,1.26917,1.27018,1006.1
2010.08.26 12:30:00,1.26992,1.27038,1.26906,1.27021,960.4
2010.08.26 12:45:00,1.27028,1.27166,1.26996,1.27076,1055.6
2010.08.26 13:00:00,1.27095,1.27225,1.2707,1.27146,1045.8
2010.08.26 13:15:00,1.27141,1.27163,1.27039,1.27069,931.1
2010.08.26 13:30:00,1.27059,1.27197,1.27036,1.27152,731.1
2010.08.26 13:45:00,1.27163,1.27177,1.26991,1.27041,1040.2
2010.08.26 14:00:00,1.27044,1.27101,1.26876,1.26951,1113.1
2010.08.26 14:15:00,1.26946,1.27046,1.26913,1.26967,859
2010.08.26 14:30:00,1.2697,1.27005,1.26807,1.26871,832.7
2010.08.26 14:45:00,1.26865,1.26925,1.26769,1.26844,668.9
2010.08.26 15:00:00,1.26837,1.26937,1.2679,1.26934,830.8
2010.08.26 15:15:00,1.26947,1.27001,1.26874,1.26931,833.3
2010.08.26 15:30:00,1.26951,1.2706,1.2665,1.26759,925.3
2010.08.26 15:45:00,1.26766,1.26885,1.26707,1.26873,1017.1
2010.08.26 16:00:00,1.26871,1.26927,1.26773,1.26871,1075.5
2010.08.26 16:15:00,1.26869,1.271,1.26803,1.27093,1042.8
2010.08.26 16:30:00,1.27071,1.27165,1.27003,1.27143,1648.5
2010.08.26 16:45:00,1.27143,1.27295,1.27107,1.27226,1140.1
2010.08.26 17:00:00,1.27269,1.27581,1.27218,1.27432,1360.4
2010.08.26 17:15:00,1.27416,1.27512,1.27312,1.27419,1123.7
2010.08.26 17:30:00,1.2742,1.27638,1.27365,1.27505,1461.9
2010.08.26 17:45:00,1.27522,1.27565,1.27301,1.27357,1205.6
2010.08.26 18:00:00,1.27376,1.27416,1.27102,1.2717,1190.8
2010.08.26 18:15:00,1.2718,1.27247,1.27007,1.27134,1080
2010.08.26 18:30:00,1.27125,1.27155,1.26861,1.26971,1018.8
2010.08.26 18:45:00,1.2698,1.27161,1.26867,1.27159,1354.6
2010.08.26 19:00:00,1.27146,1.27197,1.26982,1.27012,1199.1
2010.08.26 19:15:00,1.27006,1.27122,1.26911,1.27084,1047.8
2010.08.26 19:30:00,1.27082,1.27118,1.26993,1.27054,913.1
2010.08.26 19:45:00,1.27065,1.27153,1.26981,1.27017,973.2
2010.08.26 20:00:00,1.27028,1.27079,1.26966,1.27035,788.9
2010.08.26 20:15:00,1.27033,1.27065,1.26972,1.27034,1015.4
2010.08.26 20:30:00,1.27039,1.27104,1.2699,1.27037,735
2010.08.26 20:45:00,1.27029,1.27117,1.26982,1.27089,769.1
2010.08.26 21:00:00,1.2708,1.27089,1.27014,1.27061,654.2
2010.08.26 21:15:00,1.27043,1.27074,1.2699,1.27039,635.8
2010.08.26 21:30:00,1.27043,1.27081,1.26987,1.27066,640.3
2010.08.26 21:45:00,1.2707,1.27084,1.26997,1.27037,505.8
2010.08.26 22:00:00,1.27044,1.27233,1.26983,1.2722,604
2010.08.26 22:15:00,1.27219,1.27308,1.27198,1.2727,686.3
2010.08.26 22:30:00,1.27271,1.27405,1.2721,1.27363,677.6
2010.08.26 22:45:00,1.27368,1.27378,1.27245,1.27275,688.6
2010.08.26 23:00:00,1.27276,1.2729,1.27186,1.27233,675.2
2010.08.26 23:15:00,1.27234,1.27239,1.27129,1.27167,1002.1
2010.08.26 23:30:00,1.27175,1.27214,1.27133,1.27169,785.8
2010.08.26 23:45:00,1.27177,1.27246,1.27114,1.27137,1031.5
2010.08.27 00:00:00,1.27161,1.27225,1.27101,1.27205,876
2010.08.27 00:15:00,1.27206,1.27212,1.27123,1.27183,628.2
2010.08.27 00:30:00,1.27172,1.272,1.27114,1.27168,437.9
2010.08.27 00:45:00,1.2716,1.27181,1.27111,1.27135,667
2010.08.27 01:00:00,1.27155,1.2718,1.27098,1.27108,486.4
2010.08.27 01:15:00,1.27116,1.27126,1.27033,1.27092,421.5
2010.08.27 01:30:00,1.27091,1.27136,1.27064,1.2712,483.4
2010.08.27 01:45:00,1.27131,1.27138,1.27029,1.27076,568.8
2010.08.27 02:00:00,1.27073,1.27075,1.26959,1.27007,660.3
2010.08.27 02:15:00,1.27009,1.27083,1.26974,1.27033,495.7
2010.08.27 02:30:00,1.2703,1.27098,1.26994,1.27065,496.1
2010.08.27 02:45:00,1.27071,1.27094,1.27,1.27031,656.6
2010.08.27 03:00:00,1.2704,1.2704,1.26915,1.26951,391
2010.08.27 03:15:00,1.26949,1.26977,1.26904,1.26963,369.9
2010.08.27 03:30:00,1.2697,1.27084,1.26938,1.27072,378.5
2010.08.27 03:45:00,1.2708,1.27084,1.26947,1.27029,344.7
2010.08.27 04:00:00,1.27043,1.27139,1.27034,1.2712,388.6
2010.08.27 04:15:00,1.27123,1.27165,1.27098,1.2711,326.9
2010.08.27 04:30:00,1.27098,1.27121,1.27038,1.27055,399.1
2010.08.27 04:45:00,1.2706,1.27107,1.27001,1.2709,391.4
2010.08.27 05:00:00,1.2709,1.27138,1.27044,1.27058,967.1
2010.08.27 05:15:00,1.27063,1.27098,1.27032,1.27064,873.2
2010.08.27 05:30:00,1.27051,1.27114,1.27032,1.27091,687.9
2010.08.27 05:45:00,1.27083,1.27169,1.27045,1.27128,790.7
2010.08.27 06:00:00,1.27124,1.27174,1.27065,1.27129,958.4
2010.08.27 06:15:00,1.2715,1.2718,1.27101,1.27142,732.2
2010.08.27 06:30:00,1.27108,1.27187,1.27104,1.27165,1041.9
2010.08.27 06:45:00,1.27163,1.27191,1.27066,1.27124,1117
2010.08.27 07:00:00,1.27129,1.27198,1.27103,1.27156,939.2
2010.08.27 07:15:00,1.27151,1.27222,1.27135,1.27184,872.9
2010.08.27 07:30:00,1.27175,1.27249,1.27143,1.27222,737.4
2010.08.27 07:45:00,1.27221,1.27278,1.27186,1.27257,675.4
2010.08.27 08:00:00,1.27267,1.27318,1.27232,1.27254,900.5
2010.08.27 08:15:00,1.27261,1.27292,1.27165,1.27215,636.8
2010.08.27 08:30:00,1.27217,1.27256,1.27174,1.27227,771.6
2010.08.27 08:45:00,1.27245,1.27304,1.27206,1.27254,844.9
2010.08.27 09:00:00,1.27246,1.27298,1.27137,1.27193,962.2
2010.08.27 09:15:00,1.27188,1.27226,1.27105,1.27161,948.5
2010.08.27 09:30:00,1.27166,1.27259,1.27126,1.27207,951.4
2010.08.27 09:45:00,1.27222,1.27249,1.27024,1.2704,773.7
2010.08.27 10:00:00,1.27039,1.27103,1.26926,1.27061,1209.3
2010.08.27 10:15:00,1.27064,1.27133,1.27005,1.27105,1003.8
2010.08.27 10:30:00,1.271,1.27367,1.27073,1.27302,950.2
2010.08.27 10:45:00,1.27301,1.27335,1.27212,1.27263,1032.2
2010.08.27 11:00:00,1.27265,1.27306,1.27146,1.27245,1013.3
2010.08.27 11:15:00,1.27255,1.27335,1.27173,1.27214,1034.8
2010.08.27 11:30:00,1.27218,1.27264,1.27034,1.27065,1251.5
2010.08.27 11:45:00,1.27064,1.27206,1.2702,1.2706,1027.7
2010.08.27 12:00:00,1.2707,1.27163,1.27016,1.27083,1012
2010.08.27 12:15:00,1.27094,1.27167,1.27037,1.27129,1000.4
2010.08.27 12:30:00,1.27134,1.27205,1.27073,1.2714,1046.9
2010.08.27 12:45:00,1.27142,1.27256,1.27073,1.27159,1186.6
2010.08.27 13:00:00,1.27162,1.27216,1.27002,1.27072,990.9
2010.08.27 13:15:00,1.27068,1.27157,1.27002,1.27146,998.2
2010.08.27 13:30:00,1.27117,1.2724,1.27092,1.27183,791.6
2010.08.27 13:45:00,1.27174,1.27226,1.27116,1.2717,1046.5
2010.08.27 14:00:00,1.27165,1.27296,1.27137,1.27253,1119
2010.08.27 14:15:00,1.27235,1.27269,1.27105,1.27131,877
2010.08.27 14:30:00,1.27122,1.2717,1.27062,1.27124,911.5
2010.08.27 14:45:00,1.27121,1.27233,1.27095,1.27155,788.2
2010.08.27 15:00:00,1.2715,1.27208,1.27081,1.27145,752.1
2010.08.27 15:15:00,1.27131,1.27203,1.27081,1.27172,935.9
2010.08.27 15:30:00,1.27136,1.27413,1.26972,1.27289,771.9
2010.08.27 15:45:00,1.27271,1.2735,1.27136,1.27263,1059.2
2010.08.27 16:00:00,1.27267,1.27267,1.27106,1.27215,1053.4
2010.08.27 16:15:00,1.2721,1.27252,1.27104,1.27177,971.3
2010.08.27 16:30:00,1.27183,1.27248,1.2709,1.27215,1777
2010.08.27 16:45:00,1.27208,1.27414,1.27163,1.27213,1223.2
2010.08.27 17:00:00,1.27247,1.27316,1.26758,1.26978,1410.7
2010.08.27 17:15:00,1.26964,1.27071,1.26833,1.2702,1158.8
2010.08.27 17:30:00,1.27027,1.27143,1.26926,1.27123,1504.5
2010.08.27 17:45:00,1.27121,1.27199,1.27051,1.27168,1021.7
2010.08.27 18:00:00,1.27189,1.27789,1.27152,1.27669,1147
2010.08.27 18:15:00,1.27684,1.27748,1.27516,1.27586,1178.1
2010.08.27 18:30:00,1.27598,1.27685,1.27533,1.27583,1028.1
2010.08.27 18:45:00,1.27583,1.27753,1.2756,1.27626,1360.2
2010.08.27 19:00:00,1.27623,1.27748,1.27582,1.27672,1037
2010.08.27 19:15:00,1.27665,1.27693,1.27471,1.27524,960.1
2010.08.27 19:30:00,1.27511,1.27546,1.2743,1.2748,988.5
2010.08.27 19:45:00,1.27477,1.27534,1.2741,1.27454,1022.3
2010.08.27 20:00:00,1.27448,1.27505,1.27367,1.274,707.5
2010.08.27 20:15:00,1.27396,1.27428,1.2731,1.27361,973.3
2010.08.27 20:30:00,1.27367,1.27395,1.27278,1.27289,749
2010.08.27 20:45:00,1.27295,1.27336,1.27235,1.27321,819.5
2010.08.27 21:00:00,1.27322,1.27379,1.2725,1.27305,646
2010.08.27 21:15:00,1.27334,1.27386,1.27281,1.2736,644.8
2010.08.27 21:30:00,1.27357,1.27425,1.27333,1.27383,677.5
2010.08.27 21:45:00,1.27383,1.27397,1.2728,1.27302,520.1
2010.08.27 22:00:00,1.27317,1.27357,1.27271,1.27343,692.4
2010.08.27 22:15:00,1.27336,1.2736,1.27293,1.27348,629.3
2010.08.27 22:30:00,1.27346,1.27409,1.27326,1.27387,605.5
2010.08.27 22:45:00,1.27383,1.27397,1.27284,1.27322,674.7
2010.08.27 23:00:00,1.27327,1.27387,1.27291,1.27345,686.1
2010.08.27 23:15:00,1.27355,1.27385,1.27292,1.27345,926.9
2010.08.27 23:30:00,1.27331,1.27424,1.27308,1.27406,966.7
2010.08.27 23:45:00,1.27409,1.27649,1.27368,1.27605,989.8
2010.08.30 00:00:00,1.27583,1.2762,1.27542,1.27602,943.9
2010.08.30 00:15:00,1.27603,1.27679,1.27555,1.27655,553
2010.08.30 00:30:00,1.27635,1.27668,1.27602,1.2765,482.1
2010.08.30 00:45:00,1.27652,1.27673,1.27602,1.27633,589
2010.08.30 01:00:00,1.27657,1.27712,1.27434,1.27476,528.5
2010.08.30 01:15:00,1.27474,1.27565,1.27434,1.2752,476.8
2010.08.30 01:30:00,1.27516,1.27579,1.27483,1.27515,423.9
2010.08.30 01:45:00,1.27511,1.27546,1.27469,1.2752,528.5
2010.08.30 02:00:00,1.27512,1.27571,1.27476,1.27546,611.6
2010.08.30 02:15:00,1.27535,1.27557,1.27494,1.27513,525.7
2010.08.30 02:30:00,1.27516,1.27536,1.27467,1.27502,526.1
2010.08.30 02:45:00,1.2751,1.27565,1.27418,1.27527,584.1
2010.08.30 03:00:00,1.27496,1.27523,1.27425,1.27425,342.8
2010.08.30 03:15:00,1.27461,1.27519,1.27414,1.2751,334.4
2010.08.30 03:30:00,1.27531,1.27531,1.27441,1.27462,422.3
2010.08.30 03:45:00,1.27463,1.2748,1.27342,1.27415,345.6
2010.08.30 04:00:00,1.27419,1.27426,1.27331,1.27388,372.6
2010.08.30 04:15:00,1.27389,1.2745,1.27371,1.27439,337
2010.08.30 04:30:00,1.2745,1.27544,1.2741,1.27501,469.3
2010.08.30 04:45:00,1.275,1.27553,1.27478,1.27537,364.2
2010.08.30 05:00:00,1.27527,1.27558,1.27444,1.27462,1043.3
2010.08.30 05:15:00,1.27454,1.27519,1.27422,1.2747,925.6
2010.08.30 05:30:00,1.27486,1.27537,1.27462,1.27478,651.3
2010.08.30 05:45:00,1.27484,1.27521,1.2744,1.27503,892.9
2010.08.30 06:00:00,1.27487,1.27531,1.2746,1.27485,913.1
2010.08.30 06:15:00,1.27488,1.27495,1.27341,1.27439,737
2010.08.30 06:30:00,1.2744,1.27483,1.27388,1.2745,1048.1
2010.08.30 06:45:00,1.27463,1.27489,1.27349,1.27359,1105.4
2010.08.30 07:00:00,1.27376,1.27417,1.27331,1.27362,1003.6
2010.08.30 07:15:00,1.27364,1.27417,1.27318,1.27395,900.8
2010.08.30 07:30:00,1.27396,1.27429,1.27331,1.27365,828.4
2010.08.30 07:45:00,1.2737,1.27391,1.2728,1.27341,654.8
2010.08.30 08:00:00,1.27339,1.27357,1.27276,1.27306,817.7
2010.08.30 08:15:00,1.27307,1.27356,1.27283,1.27329,649.4
2010.08.30 08:30:00,1.27324,1.27347,1.27254,1.27307,744.1
2010.08.30 08:45:00,1.27301,1.27397,1.27252,1.27353,786.1
2010.08.30 09:00:00,1.27355,1.27478,1.27327,1.27449,991.5
2010.08.30 09:15:00,1.27447,1.27481,1.27367,1.27406,999.8
2010.08.30 09:30:00,1.27417,1.27437,1.27307,1.27338,981.3
2010.08.30 09:45:00,1.2733,1.27379,1.27233,1.27264,777.6
2010.08.30 10:00:00,1.27261,1.27272,1.27111,1.27152,1228.4
2010.08.30 10:15:00,1.27158,1.27303,1.27143,1.27268,947
2010.08.30 10:30:00,1.27266,1.27345,1.27207,1.27252,952.8
2010.08.30 10:45:00,1.27254,1.27364,1.27232,1.27326,1050.1
2010.08.30 11:00:00,1.27313,1.27401,1.27237,1.27264,1140.7
2010.08.30 11:15:00,1.27271,1.27332,1.27221,1.27244,1210.3
2010.08.30 11:30:00,1.27244,1.27319,1.27163,1.27305,1126.8
2010.08.30 11:45:00,1.27301,1.27381,1.27229,1.27253,1179.4
2010.08.30 12:00:00,1.27241,1.27282,1.27153,1.27215,1100.3
2010.08.30 12:15:00,1.27214,1.27238,1.27096,1.27168,1092.7
2010.08.30 12:30:00,1.27172,1.27228,1.27133,1.27193,1027.3
2010.08.30 12:45:00,1.27225,1.27256,1.27109,1.27164,1107.1
2010.08.30 13:00:00,1.27166,1.27242,1.27104,1.27211,1095.4
2010.08.30 13:15:00,1.27202,1.27218,1.27102,1.27157,933.3
2010.08.30 13:30:00,1.2714,1.27192,1.27086,1.27131,785.5
2010.08.30 13:45:00,1.27113,1.27137,1.26963,1.2703,966.3
2010.08.30 14:00:00,1.27018,1.27135,1.26976,1.2706,1043.2
2010.08.30 14:15:00,1.27055,1.27106,1.26942,1.27034,848.9
2010.08.30 14:30:00,1.27043,1.27103,1.26993,1.27029,809.2
2010.08.30 14:45:00,1.2703,1.27108,1.26986,1.27093,814.8
2010.08.30 15:00:00,1.27088,1.27116,1.26971,1.27006,834.5
2010.08.30 15:15:00,1.26992,1.27034,1.2686,1.26916,923.8
2010.08.30 15:30:00,1.26912,1.27117,1.26891,1.27075,830.6
2010.08.30 15:45:00,1.27074,1.27125,1.26982,1.27043,962.6
2010.08.30 16:00:00,1.27031,1.27133,1.26849,1.27084,1049.8
2010.08.30 16:15:00,1.27074,1.27114,1.26997,1.27067,1029.6
2010.08.30 16:30:00,1.27065,1.27164,1.27005,1.2707,1655.7
2010.08.30 16:45:00,1.27063,1.27109,1.26992,1.27049,1204.3
2010.08.30 17:00:00,1.27044,1.27059,1.26864,1.26921,1408
2010.08.30 17:15:00,1.2692,1.26933,1.26683,1.26755,1208.3
2010.08.30 17:30:00,1.2676,1.26855,1.26717,1.2683,1394.4
2010.08.30 17:45:00,1.26816,1.26947,1.26792,1.26871,1113.4
2010.08.30 18:00:00,1.26854,1.26928,1.26791,1.26895,1206.4
2010.08.30 18:15:00,1.26893,1.26958,1.26822,1.26915,1147.5
2010.08.30 18:30:00,1.26906,1.26926,1.26763,1.26834,1055.2
2010.08.30 18:45:00,1.26825,1.26912,1.2676,1.26853,1382.3
2010.08.30 19:00:00,1.26843,1.26917,1.26757,1.2686,1163.8
2010.08.30 19:15:00,1.26867,1.26879,1.26611,1.26645,1080.9
2010.08.30 19:30:00,1.26633,1.26767,1.26618,1.2674,1007.6
2010.08.30 19:45:00,1.26744,1.26791,1.26682,1.26775,988.9
2010.08.30 20:00:00,1.26785,1.26788,1.26695,1.26729,665.6
2010.08.30 20:15:00,1.26733,1.26755,1.26661,1.26692,967
2010.08.30 20:30:00,1.26679,1.26757,1.26647,1.26727,729
2010.08.30 20:45:00,1.26742,1.26778,1.26675,1.26705,754.4
2010.08.30 21:00:00,1.26708,1.26738,1.26583,1.26619,676.3
2010.08.30 21:15:00,1.2663,1.26707,1.26576,1.26662,711.2
2010.08.30 21:30:00,1.26638,1.26707,1.26602,1.26675,707.5
2010.08.30 21:45:00,1.26689,1.26702,1.26606,1.26658,558.5
2010.08.30 22:00:00,1.26679,1.26705,1.26612,1.26637,668.9
2010.08.30 22:15:00,1.26634,1.26663,1.26562,1.26618,635.7
2010.08.30 22:30:00,1.26628,1.2666,1.26569,1.26645,661.3
2010.08.30 22:45:00,1.26647,1.26664,1.2658,1.26634,682
2010.08.30 23:00:00,1.2664,1.26661,1.2658,1.26625,655.7
2010.08.30 23:15:00,1.26625,1.26659,1.26556,1.26633,860.9
2010.08.30 23:30:00,1.2664,1.26673,1.26592,1.26653,825.8
2010.08.30 23:45:00,1.26659,1.26668,1.26589,1.26598,1197.7
2010.08.31 00:00:00,1.26596,1.26661,1.26573,1.26636,972.2
2010.08.31 00:15:00,1.26638,1.26671,1.26606,1.26663,619.5
2010.08.31 00:30:00,1.2662,1.26658,1.26581,1.26643,402.6
2010.08.31 00:45:00,1.26636,1.26671,1.26601,1.26649,628.1
2010.08.31 01:00:00,1.26618,1.26693,1.26612,1.26675,487
2010.08.31 01:15:00,1.26684,1.26721,1.26626,1.2669,430.5
2010.08.31 01:30:00,1.26698,1.26702,1.26642,1.26689,462.7
2010.08.31 01:45:00,1.26669,1.26692,1.26605,1.26648,623
2010.08.31 02:00:00,1.2666,1.2666,1.26575,1.26586,679.3
2010.08.31 02:15:00,1.2662,1.2665,1.26578,1.26633,485.6
2010.08.31 02:30:00,1.26626,1.26658,1.26567,1.26645,524.6
2010.08.31 02:45:00,1.26649,1.26661,1.26588,1.26643,630.1
2010.08.31 03:00:00,1.26624,1.26624,1.2632,1.26384,396.3
2010.08.31 03:15:00,1.26371,1.26436,1.2632,1.26356,377.7
2010.08.31 03:30:00,1.26342,1.26404,1.2631,1.26385,486.7
2010.08.31 03:45:00,1.26372,1.26469,1.2635,1.26465,389.7
2010.08.31 04:00:00,1.26476,1.26533,1.26428,1.26526,427.7
2010.08.31 04:15:00,1.26507,1.2655,1.26454,1.2649,357
2010.08.31 04:30:00,1.26503,1.26572,1.2645,1.2648,423.9
2010.08.31 04:45:00,1.26473,1.26528,1.26429,1.26446,366.5
2010.08.31 05:00:00,1.26431,1.26556,1.2642,1.26472,1016.5
2010.08.31 05:15:00,1.26485,1.26524,1.26424,1.26492,904.9
2010.08.31 05:30:00,1.26495,1.26539,1.26435,1.26508,639.6
2010.08.31 05:45:00,1.26503,1.26588,1.26491,1.26572,845.6
2010.08.31 06:00:00,1.26564,1.26599,1.26515,1.26566,932.8
2010.08.31 06:15:00,1.26567,1.26594,1.26518,1.26536,698
2010.08.31 06:30:00,1.26536,1.26568,1.26487,1.26568,1110.1
2010.08.31 06:45:00,1.26556,1.26589,1.26453,1.26515,1100.6
2010.08.31 07:00:00,1.26487,1.26526,1.26439,1.26504,925.5
2010.08.31 07:15:00,1.26503,1.26521,1.26435,1.26506,821.1
2010.08.31 07:30:00,1.26503,1.2656,1.26486,1.26545,843
2010.08.31 07:45:00,1.26541,1.26616,1.26514,1.26574,690.7
2010.08.31 08:00:00,1.26579,1.26599,1.26506,1.26553,841.6
2010.08.31 08:15:00,1.26553,1.26637,1.26536,1.26598,658.9
2010.08.31 08:30:00,1.26594,1.26627,1.26393,1.26428,797.7
2010.08.31 08:45:00,1.26437,1.26473,1.26345,1.26446,905.9
2010.08.31 09:00:00,1.26444,1.2645,1.26327,1.26413,945.7
2010.08.31 09:15:00,1.26415,1.26429,1.26319,1.26381,870.3
2010.08.31 09:30:00,1.26378,1.26478,1.26285,1.2629,984.8
2010.08.31 09:45:00,1.26296,1.2638,1.26267,1.26344,761.5
2010.08.31 10:00:00,1.2634,1.26447,1.26224,1.26404,1152.3
2010.08.31 10:15:00,1.26404,1.26593,1.26354,1.26492,971.3
2010.08.31 10:30:00,1.265,1.26603,1.26429,1.26582,870.9
2010.08.31 10:45:00,1.2658,1.26667,1.26543,1.26593,1057.2
2010.08.31 11:00:00,1.26582,1.26665,1.2653,1.26645,953.6
2010.08.31 11:15:00,1.26663,1.26842,1.26613,1.26786,1135.5
2010.08.31 11:30:00,1.26757,1.26933,1.26739,1.26813,1184.7
2010.08.31 11:45:00,1.26817,1.26856,1.26704,1.26787,1098.8
2010.08.31 12:00:00,1.26814,1.26837,1.26657,1.26735,1014.1
2010.08.31 12:15:00,1.26737,1.26858,1.26713,1.2677,1002.6
2010.08.31 12:30:00,1.26766,1.26825,1.26702,1.26744,1054.3
2010.08.31 12:45:00,1.26745,1.26958,1.26694,1.26935,990.4
2010.08.31 13:00:00,1.26924,1.27004,1.2686,1.26951,1028.9
2010.08.31 13:15:00,1.2695,1.27003,1.26853,1.26954,911
2010.08.31 13:30:00,1.26939,1.27003,1.26864,1.2692,756.6
2010.08.31 13:45:00,1.26913,1.26974,1.26844,1.26862,935.3
2010.08.31 14:00:00,1.26856,1.26905,1.26763,1.26804,1034
2010.08.31 14:15:00,1.26789,1.26808,1.26675,1.26727,826.9
2010.08.31 14:30:00,1.26719,1.26765,1.26637,1.26722,835.5
2010.08.31 14:45:00,1.26728,1.26886,1.26646,1.26872,740.4
2010.08.31 15:00:00,1.26884,1.26917,1.26768,1.2678,876.8
2010.08.31 15:15:00,1.26774,1.26841,1.26692,1.26811,873.7
2010.08.31 15:30:00,1.26776,1.27035,1.26769,1.27023,799.7
2010.08.31 15:45:00,1.27014,1.27202,1.26975,1.27159,1090.2
2010.08.31 16:00:00,1.2712,1.27336,1.27114,1.27269,1162.7
2010.08.31 16:15:00,1.27269,1.27375,1.27183,1.27256,1109.3
2010.08.31 16:30:00,1.27262,1.27356,1.27109,1.27171,1775.5
2010.08.31 16:45:00,1.27164,1.27338,1.27151,1.27211,1268.8
2010.08.31 17:00:00,1.2721,1.27434,1.27165,1.27393,1441.7
2010.08.31 17:15:00,1.27385,1.27426,1.27162,1.27251,1225.1
2010.08.31 17:30:00,1.27257,1.27287,1.27009,1.27072,1410.3
2010.08.31 17:45:00,1.27083,1.27167,1.26944,1.27089,1024.2
2010.08.31 18:00:00,1.271,1.27201,1.26914,1.27065,1294.5
2010.08.31 18:15:00,1.27062,1.27167,1.26965,1.27127,1142
2010.08.31 18:30:00,1.27118,1.27196,1.2704,1.27115,998.1
2010.08.31 18:45:00,1.27124,1.27163,1.27003,1.2701,1432.8
2010.08.31 19:00:00,1.27019,1.27074,1.26963,1.27032,1097.7
2010.08.31 19:15:00,1.27055,1.27082,1.26874,1.26904,1007.2
2010.08.31 19:30:00,1.26897,1.26946,1.26796,1.26862,984.3
2010.08.31 19:45:00,1.26873,1.26957,1.26813,1.2688,968.1
2010.08.31 20:00:00,1.26889,1.26996,1.26848,1.26934,670.1
2010.08.31 20:15:00,1.26927,1.26978,1.26887,1.26953,960.7
2010.08.31 20:30:00,1.26944,1.27009,1.26912,1.26935,784.5
2010.08.31 20:45:00,1.26939,1.26989,1.26832,1.26968,742.4
2010.08.31 21:00:00,1.26961,1.27026,1.26903,1.26972,699.3
2010.08.31 21:15:00,1.26975,1.26986,1.26851,1.269,614.2
2010.08.31 21:30:00,1.26915,1.2692,1.2672,1.26768,589.8
2010.08.31 21:45:00,1.26775,1.26787,1.26597,1.26629,502.4
2010.08.31 22:00:00,1.26648,1.26726,1.26612,1.26703,653.6
2010.08.31 22:15:00,1.26694,1.26776,1.26672,1.26757,755.1
2010.08.31 22:30:00,1.26749,1.26836,1.26737,1.26775,680.2
2010.08.31 22:45:00,1.26788,1.26879,1.26696,1.26716,745.6
2010.08.31 23:00:00,1.26718,1.26835,1.26688,1.26808,708.5
2010.08.31 23:15:00,1.26823,1.2683,1.26752,1.26795,1012.4
2010.08.31 23:30:00,1.26772,1.26817,1.26702,1.26736,769.7
2010.08.31 23:45:00,1.26733,1.26844,1.26716,1.26792,969
2010.09.01 00:00:00,1.26774,1.26856,1.26764,1.26843,960
2010.09.01 00:15:00,1.2684,1.26888,1.26791,1.26834,488.6
2010.09.01 00:30:00,1.26832,1.26866,1.26791,1.26866,477.6
2010.09.01 00:45:00,1.26865,1.26911,1.26835,1.26897,662.5
2010.09.01 01:00:00,1.26887,1.26911,1.2681,1.26813,544.5
2010.09.01 01:15:00,1.26836,1.26855,1.26791,1.26848,435.1
2010.09.01 01:30:00,1.26853,1.26897,1.26827,1.26838,478
2010.09.01 01:45:00,1.26844,1.26885,1.26819,1.26832,637
2010.09.01 02:00:00,1.26856,1.26868,1.26784,1.26851,712.5
2010.09.01 02:15:00,1.26857,1.26889,1.26821,1.26832,495
2010.09.01 02:30:00,1.26835,1.2687,1.26744,1.26793,491.2
2010.09.01 02:45:00,1.26787,1.268,1.26712,1.26732,539.9
